"","group","unique.id","org.site","river","latitude","longitude","st.yr","ed.yr","yr.ln","yr.num","origin","country","prov","dataset.id","distance_m","members","within_distance_type","n_in_river","max_yr_ln","n_max_ln","max_yr_num_tied","n_tied","site_sorting","tiebreaker_state","final_state"
"1",1,"BEL_005_MZB_LO_117","BEVL_VMM_366600","",50.7234364,4.2866238,1994,2021,28,10,"merge of Ellen's data and second data call","Belgium","Marie Anne Eurie Forio","BEL_005_MZB_LO",0,"c(""BEL_005_MZB_LO_117"", ""BEL_005_MZB_LO_118"")","within_100m",2,28,2,11,1,"remove","remove","remove"
"2",5,"BEL_005_MZB_LO_249","BEVL_VMM_89200","",51.2753802,5.3460514,1992,2004,13,10,"merge of Ellen's data and second data call","Belgium","Marie Anne Eurie Forio","BEL_005_MZB_LO",0,"c(""BEL_005_MZB_LO_249"", ""BEL_005_MZB_LO_250"")","within_100m",2,15,1,13,1,"remove","remove","remove"
"3",1,"ENG_041_MZB_LO_3587","68310","Yarrow US Big Lodge Water",53.641254,-2.618218,1994,2013,20,19,"first call; data Ellen used","England","John Francis Murphy","ENG_041_MZB_LO",51.0660346234644,"c(""ENG_041_MZB_LO_3569"", ""ENG_041_MZB_LO_3587"")","within_100m",2,21,1,18,1,"remove","remove","remove"
"4",9,"ENG_062_MZB_LO_3377","157240","ASH (LEE)",51.8484484273,0.074778703,2011,2023,13,9,"second data call; new data","England","James Sinclair","ENG_062_MZB_LO",33.5295639012854,"c(""ENG_062_MZB_LO_3377"", ""ENG_062_MZB_LO_879"")","within_100m",2,23,1,22,1,"remove","remove","remove"
"5",11,"ENG_062_MZB_LO_1113","36041","LODDON",51.2917600123,-1.025616115,2004,2023,20,20,"second data call; new data","England","James Sinclair","ENG_062_MZB_LO",71.7489072982511,"c(""ENG_062_MZB_LO_1007"", ""ENG_062_MZB_LO_1113"")","within_100m",1,20,1,20,1,"keep","keep","remove"
"6",19,"ENG_062_MZB_LO_1351","43301","TEST",50.9589829322,-1.4963326136,2002,2011,10,6,"second data call; new data","England","James Sinclair","ENG_062_MZB_LO",0,"c(""ENG_062_MZB_LO_1351"", ""ENG_062_MZB_LO_3385"")","within_100m",2,13,1,10,1,"remove","remove","remove"
"7",26,"ENG_062_MZB_LO_2104","53803","ASHOP",53.4019908535,-1.7887769646,2002,2024,23,5,"second data call; new data","England","James Sinclair","ENG_062_MZB_LO",65.8672381985281,"c(""ENG_062_MZB_LO_1565"", ""ENG_062_MZB_LO_2104"")","within_100m",1,23,1,5,1,"keep","keep","remove"
"8",30,"ENG_062_MZB_LO_1873","51578","DOVE (DOVE(UPPER))",53.1352040476,-1.8208603218,2002,2012,11,9,"second data call; new data","England","James Sinclair","ENG_062_MZB_LO",1.93352797717779,"c(""ENG_062_MZB_LO_1855"", ""ENG_062_MZB_LO_1873"")","within_100m",2,14,1,10,1,"remove","remove","remove"
"9",52,"ENG_062_MZB_LO_2995","68108","BOLLIN",53.2411947777,-2.1094755835,2002,2022,21,18,"second data call; new data","England","James Sinclair","ENG_062_MZB_LO",19.7199201714124,"c(""ENG_062_MZB_LO_2949"", ""ENG_062_MZB_LO_2995"")","within_100m",1,21,1,18,1,"keep","keep","remove"
"10",1,"ESP_034_MZB_LO_107","103000547","Bidasoa",43.2940308,-1.7294226,1997,2019,23,23,"first call; data Ellen used","Spain","Aitor Larrañaga","ESP_034_MZB_LO",31.8903319070977,"c(""ESP_034_MZB_LO_107"", ""ESP_034_MZB_LO_21"", ""ESP_034_MZB_LO_363"", ""ESP_034_MZB_LO_6"")","within_100m",2,25,1,25,1,"remove","remove","remove"
"11",2,"ESP_034_MZB_LO_170","103000610","Deba",43.0814872,-2.4474737,2002,2019,18,18,"first call; data Ellen used","Spain","Aitor Larrañaga","ESP_034_MZB_LO",55.7588610540788,"c(""ESP_034_MZB_LO_11"", ""ESP_034_MZB_LO_170"", ""ESP_034_MZB_LO_305"")","within_100m",3,35,1,25,1,"remove","remove","remove"
"12",2,"ESP_034_MZB_LO_305","BC137","Deba",43.0814872,-2.4474737,2002,2021,20,20,"second data call; new data","Spain","Aitor Larrañaga","ESP_034_MZB_LO",55.7588610540788,"c(""ESP_034_MZB_LO_11"", ""ESP_034_MZB_LO_170"", ""ESP_034_MZB_LO_305"")","within_100m",3,35,1,25,1,"remove","remove","remove"
"13",4,"ESP_034_MZB_LO_93","103000533","Estanda",43.0504046,-2.2191363,2002,2019,18,18,"first call; data Ellen used","Spain","Aitor Larrañaga","ESP_034_MZB_LO",13.5677137796344,"c(""ESP_034_MZB_LO_25"", ""ESP_034_MZB_LO_348"", ""ESP_034_MZB_LO_93"")","within_100m",2,21,1,21,1,"remove","remove","remove"
"14",5,"ESP_034_MZB_LO_44","Gip49","Oria",43.08181,-2.152854,2003,2017,15,15,"second data call; new data","Spain","Aitor Larrañaga","ESP_034_MZB_LO",0,"c(""ESP_034_MZB_LO_138"", ""ESP_034_MZB_LO_393"", ""ESP_034_MZB_LO_44"")","within_100m",3,29,1,29,1,"remove","remove","remove"
"15",5,"ESP_034_MZB_LO_138","103000578","Oria",43.0810712,-2.1527286,1993,2019,27,27,"first call; data Ellen used","Spain","Aitor Larrañaga","ESP_034_MZB_LO",80.5646681520732,"c(""ESP_034_MZB_LO_138"", ""ESP_034_MZB_LO_393"", ""ESP_034_MZB_LO_44"")","within_100m",3,29,1,29,1,"remove","remove","remove"
"16",6,"ESP_034_MZB_LO_187","103000627","Zaldivia",43.0485376,-2.1577687,2002,2019,18,18,"first call; data Ellen used","Spain","Aitor Larrañaga","ESP_034_MZB_LO",28.2820465811965,"c(""ESP_034_MZB_LO_187"", ""ESP_034_MZB_LO_328"", ""ESP_034_MZB_LO_45"")","within_100m",2,20,1,20,1,"remove","remove","remove"
"17",7,"ESP_034_MZB_LO_87","103000527","Antzuola",43.1015275,-2.3915388,2007,2019,13,13,"first call; data Ellen used","Spain","Aitor Larrañaga","ESP_034_MZB_LO",1.32269487504275,"c(""ESP_034_MZB_LO_340"", ""ESP_034_MZB_LO_56"", ""ESP_034_MZB_LO_87"")","within_100m",2,15,1,15,1,"remove","remove","remove"
"18",10,"ESP_034_MZB_LO_99","103000539","Angiozar",43.107943,-2.4454906,2007,2019,13,12,"first call; data Ellen used","Spain","Aitor Larrañaga","ESP_034_MZB_LO",0,"c(""ESP_034_MZB_LO_353"", ""ESP_034_MZB_LO_99"")","within_100m",2,16,1,15,1,"remove","remove","remove"
"19",1,"GER_018_MZB_LO_19","RP_2651811800","Moselle",49.70988917,6.580665147,1982,1995,14,12,"first call; data Ellen used","Germany","Ralf Schäfer","GER_018_MZB_LO",0,"c(""GER_018_MZB_LO_126"", ""GER_018_MZB_LO_19"")","within_100m",2,21,1,16,1,"remove","remove","remove"
"20",2,"GER_018_MZB_LO_20","RP_2655821400","Moselle",49.78024377,6.697438905,1982,2003,22,11,"first call; data Ellen used","Germany","Ralf Schäfer","GER_018_MZB_LO",0,"c(""GER_018_MZB_LO_128"", ""GER_018_MZB_LO_20"")","within_100m",2,22,2,17,1,"remove","remove","remove"
"21",1,"GER_047_MZB_LO_14","HE_10290","Wisper",50.0749885813932,7.86615452062122,2005,2020,16,6,"new data call","Germany","HLNUG (via Thomas Wanke)","GER_047_MZB_LO",0.057594792217122,"c(""GER_047_MZB_LO_1"", ""GER_047_MZB_LO_14"")","within_100m",2,18,1,7,1,"remove","remove","remove"
"22",1,"NOR_054_MZB_LO_45","St. 4 utløp Saudlandsvatn","Farsund",58.1994906,6.76873976,2003,2020,18,13,"first call; data Ellen used","Norway","Gaute Velle","NOR_054_MZB_LO",4.15068185531505,"c(""NOR_054_MZB_LO_16"", ""NOR_054_MZB_LO_45"")","within_100m",1,18,1,13,1,"keep","keep","remove"
"23",3,"SCO_061_MZB_LO_1568","206904","Allt nan Ramh",58.2881129,-5.072397,2005,2014,10,5,"second data call; new data","Scotland","Cathy Bennett","SCO_061_MZB_LO",0,"c(""SCO_061_MZB_LO_1568"", ""SCO_061_MZB_LO_1617"")","within_100m",2,10,2,9,1,"remove","remove","remove"
"24",6,"BEL_005_MZB_LO_21","BEVL_VMM_133900","BOSBEEK",51.1036103,5.807662,1991,2009,19,16,"merge of Ellen's data and second data call","Belgium","Marie Anne Eurie Forio","BEL_005_MZB_LO",273.751703724779,"c(""BEL_005_MZB_LO_13"", ""BEL_005_MZB_LO_21"", ""BEL_005_MZB_LO_22"")","within_100m_to_1000m",2,21,1,15,1,"remove","remove","remove"
"25",11,"BEL_005_MZB_LO_72","BEVL_VMM_277500","KLEINE NETE L1",51.2368038,5.0828874,1994,2017,24,12,"merge of Ellen's data and second data call","Belgium","Marie Anne Eurie Forio","BEL_005_MZB_LO",968.683316234101,"c(""BEL_005_MZB_LO_71"", ""BEL_005_MZB_LO_72"")","within_100m_to_1000m",2,34,1,20,1,"remove","remove","remove"
"26",17,"BEL_005_MZB_LO_85","BEVL_VMM_291500","DE AA - NATTENLOOP",51.3131766,4.961406,1991,2022,32,14,"merge of Ellen's data and second data call","Belgium","Marie Anne Eurie Forio","BEL_005_MZB_LO",0,"c(""BEL_005_MZB_LO_85"", ""BEL_005_MZB_LO_86"")","within_100m_to_1000m",2,34,1,14,1,"remove","remove","remove"
"27",23,"BEL_005_MZB_LO_101","BEVL_VMM_308000","DESSELSE NEET",51.2479801,5.0838323,1989,2017,29,9,"merge of Ellen's data and second data call","Belgium","Marie Anne Eurie Forio","BEL_005_MZB_LO",755.781128164404,"c(""BEL_005_MZB_LO_101"", ""BEL_005_MZB_LO_102"", ""BEL_005_MZB_LO_103"")","within_100m_to_1000m",3,35,1,16,1,"remove","remove","remove"
"28",23,"BEL_005_MZB_LO_103","BEVL_VMM_310000","DESSELSE NEET",51.2610922,5.093088,1989,2017,29,13,"merge of Ellen's data and second data call","Belgium","Marie Anne Eurie Forio","BEL_005_MZB_LO",810.6877910421,"c(""BEL_005_MZB_LO_101"", ""BEL_005_MZB_LO_102"", ""BEL_005_MZB_LO_103"")","within_100m_to_1000m",3,35,1,16,1,"remove","remove","remove"
"29",26,"BEL_005_MZB_LO_106","BEVL_VMM_317000","WIMP",51.1155494,4.7981173,1989,2021,33,18,"merge of Ellen's data and second data call","Belgium","Marie Anne Eurie Forio","BEL_005_MZB_LO",0,"c(""BEL_005_MZB_LO_106"", ""BEL_005_MZB_LO_107"")","within_100m_to_1000m",2,33,2,19,1,"remove","remove","remove"
"30",32,"BEL_005_MZB_LO_145","BEVL_VMM_45600","WATERGANG VAN DE MOERBEKEPOLDER",51.2219466,3.9228292,1991,2005,15,10,"merge of Ellen's data and second data call","Belgium","Marie Anne Eurie Forio","BEL_005_MZB_LO",677.884761891873,"c(""BEL_005_MZB_LO_143"", ""BEL_005_MZB_LO_145"")","within_100m_to_1000m",2,32,1,20,1,"remove","remove","remove"
"31",46,"BEL_005_MZB_LO_235","BEVL_VMM_842700","KANAAL DESSEL-KWAADMECHELEN + KANAAL DESSEL-SCHOTEN + KANAAL BOCHOLT-HERENTALS - Netebekken",51.2404947,5.1623486,1991,2011,21,10,"merge of Ellen's data and second data call","Belgium","Marie Anne Eurie Forio","BEL_005_MZB_LO",0,"c(""BEL_005_MZB_LO_235"", ""BEL_005_MZB_LO_237"")","within_100m_to_1000m",2,34,1,20,1,"remove","remove","remove"
"32",1,"CZE_003_MZB_LO_57","PLA_155","Výrovka",50.1524691506685,15.014533904936,2007,2021,15,6,"second data call; new data","Czech Republic","state enterprises Povodí Moravy, Ohře, Odry, Labe, Vltavy (via Peter Paril)","CZE_003_MZB_LO",819.283095706691,"c(""CZE_003_MZB_LO_16"", ""CZE_003_MZB_LO_57"")","within_100m_to_1000m",2,15,2,7,1,"remove","remove","remove"
"33",1,"ENG_041_MZB_LO_3481","36177","Cranleigh Waters",51.116347,-0.46818106,1998,2019,22,17,"first call; data Ellen used","England","John Francis Murphy","ENG_041_MZB_LO",0,"c(""ENG_041_MZB_LO_3481"", ""ENG_041_MZB_LO_3482"")","within_100m_to_1000m",2,24,1,24,1,"remove","remove","remove"
"34",5,"ENG_041_MZB_LO_3581","67886","Wyre - Upper",53.911928,-2.7640164,1994,2019,26,25,"first call; data Ellen used","England","John Francis Murphy","ENG_041_MZB_LO",925.58129713472,"c(""ENG_041_MZB_LO_3546"", ""ENG_041_MZB_LO_3581"")","within_100m_to_1000m",2,26,2,26,1,"remove","remove","remove"
"35",6,"ENG_041_MZB_LO_3547","65114","Yarrow US Big Lodge Water",53.642314,-2.6043327,1997,2010,14,13,"first call; data Ellen used","England","John Francis Murphy","ENG_041_MZB_LO",0,"c(""ENG_041_MZB_LO_3547"", ""ENG_041_MZB_LO_3569"", ""ENG_041_MZB_LO_3587"")","within_100m_to_1000m",3,21,1,18,1,"remove","remove","remove"
"36",6,"ENG_041_MZB_LO_3587","68310","Yarrow US Big Lodge Water",53.641254,-2.618218,1994,2013,20,19,"first call; data Ellen used","England","John Francis Murphy","ENG_041_MZB_LO",895.145824618533,"c(""ENG_041_MZB_LO_3547"", ""ENG_041_MZB_LO_3569"", ""ENG_041_MZB_LO_3587"")","within_100m_to_1000m",3,21,1,18,1,"remove","remove","remove"
"37",8,"ENG_041_MZB_LO_3571","67595","Etherow (Woodhead Res. to Glossop Bk.)",53.465304,-1.9805152,1997,2018,22,19,"first call; data Ellen used","England","John Francis Murphy","ENG_041_MZB_LO",772.105920366327,"c(""ENG_041_MZB_LO_3554"", ""ENG_041_MZB_LO_3571"")","within_100m_to_1000m",2,24,1,23,1,"remove","remove","remove"
"38",19,"ENG_041_MZB_LO_3596","69403","Bollin (Source to Dean)",53.245687,-2.1215382,1995,2014,20,17,"first call; data Ellen used","England","John Francis Murphy","ENG_041_MZB_LO",880.793685432439,"c(""ENG_041_MZB_LO_3585"", ""ENG_041_MZB_LO_3596"")","within_100m_to_1000m",2,22,1,18,1,"remove","remove","remove"
"39",26,"ENG_041_MZB_LO_3697","55792","Glen",52.751867,-0.2960981,1995,2016,22,22,"first call; data Ellen used","England","John Francis Murphy","ENG_041_MZB_LO",136.677900193068,"c(""ENG_041_MZB_LO_3671"", ""ENG_041_MZB_LO_3697"")","within_100m_to_1000m",2,25,1,24,1,"remove","remove","remove"
"40",1,"ENG_042_MZB_LO_16","81318","MIMRAM",51.843319,-0.244648,2005,2017,13,13,"first call; data Ellen used","England","Judy England","ENG_042_MZB_LO",522.63519523809,"c(""ENG_042_MZB_LO_14"", ""ENG_042_MZB_LO_16"")","within_100m_to_1000m",2,16,1,16,1,"remove","remove","remove"
"41",4,"ENG_042_MZB_LO_22","33751","VER",51.788822,-0.387395,2008,2017,10,10,"first call; data Ellen used","England","Judy England","ENG_042_MZB_LO",0,"c(""ENG_042_MZB_LO_21"", ""ENG_042_MZB_LO_22"", ""ENG_042_MZB_LO_26"")","within_100m_to_1000m",3,13,1,13,1,"remove","remove","remove"
"42",4,"ENG_042_MZB_LO_26","34116","VER",51.783943,-0.378507,2006,2017,12,12,"first call; data Ellen used","England","Judy England","ENG_042_MZB_LO",791.000313769487,"c(""ENG_042_MZB_LO_21"", ""ENG_042_MZB_LO_22"", ""ENG_042_MZB_LO_26"")","within_100m_to_1000m",3,13,1,13,1,"remove","remove","remove"
"43",1,"ENG_062_MZB_LO_274","1484","BLACK BROOK",53.6552725636,-1.9108895489,2002,2014,13,5,"second data call; new data","England","James Sinclair","ENG_062_MZB_LO",834.362719703889,"c(""ENG_062_MZB_LO_13"", ""ENG_062_MZB_LO_274"")","within_100m_to_1000m",2,14,1,11,1,"remove","remove","remove"
"44",3,"ENG_062_MZB_LO_182","1150","CALDER",53.7408356849,-2.0173388056,2004,2020,17,5,"second data call; new data","England","James Sinclair","ENG_062_MZB_LO",649.285613623483,"c(""ENG_062_MZB_LO_115"", ""ENG_062_MZB_LO_18"", ""ENG_062_MZB_LO_182"")","within_100m_to_1000m",2,19,1,9,1,"remove","remove","remove"
"45",8,"ENG_062_MZB_LO_283","1585","EWDEN BECK",53.4567124079,-1.5628362866,2002,2018,17,14,"second data call; new data","England","James Sinclair","ENG_062_MZB_LO",695.67248896385,"c(""ENG_062_MZB_LO_283"", ""ENG_062_MZB_LO_3100"", ""ENG_062_MZB_LO_40"")","within_100m_to_1000m",2,21,1,19,1,"remove","remove","remove"
"46",12,"ENG_062_MZB_LO_262","1445","SHIRE BROOK",53.3510213356,-1.3638590318,2004,2016,13,5,"second data call; new data","England","James Sinclair","ENG_062_MZB_LO",996.891485664713,"c(""ENG_062_MZB_LO_262"", ""ENG_062_MZB_LO_75"")","within_100m_to_1000m",2,15,1,7,1,"remove","remove","remove"
"47",20,"ENG_062_MZB_LO_3307","150447","ESHTON/ WINTERBURN/ HETTON/ FLASBY  BECKS",53.9884808275,-2.0895986142,2008,2018,11,6,"second data call; new data","England","James Sinclair","ENG_062_MZB_LO",314.717775174551,"c(""ENG_062_MZB_LO_168"", ""ENG_062_MZB_LO_3307"")","within_100m_to_1000m",2,15,1,13,1,"remove","remove","remove"
"48",36,"ENG_062_MZB_LO_229","1346","RUSHYFORD BECK",54.6435539319,-1.5413198857,2002,2016,15,5,"second data call; new data","England","James Sinclair","ENG_062_MZB_LO",0,"c(""ENG_062_MZB_LO_229"", ""ENG_062_MZB_LO_271"")","within_100m_to_1000m",2,17,1,5,1,"remove","remove","remove"
"49",53,"ENG_062_MZB_LO_290","1608","HOLME",53.5591306279,-1.8132074592,2002,2015,14,12,"second data call; new data","England","James Sinclair","ENG_062_MZB_LO",0,"c(""ENG_062_MZB_LO_253"", ""ENG_062_MZB_LO_281"", ""ENG_062_MZB_LO_282"", ""ENG_062_MZB_LO_290"")","within_100m_to_1000m",2,16,1,13,1,"remove","remove","remove"
"50",83,"ENG_062_MZB_LO_388","1826","WEAR",54.8644077451,-1.5584195361,2003,2014,12,7,"second data call; new data","England","James Sinclair","ENG_062_MZB_LO",845.284364241405,"c(""ENG_062_MZB_LO_3088"", ""ENG_062_MZB_LO_388"", ""ENG_062_MZB_LO_394"", ""ENG_062_MZB_LO_395"")","within_100m_to_1000m",2,22,1,8,1,"remove","remove","remove"
"51",93,"ENG_062_MZB_LO_3335","154079","TEES",54.6995679868,-2.3677935288,2011,2024,14,7,"second data call; new data","England","James Sinclair","ENG_062_MZB_LO",311.377412021055,"c(""ENG_062_MZB_LO_3335"", ""ENG_062_MZB_LO_430"")","within_100m_to_1000m",2,18,1,13,1,"remove","remove","remove"
"52",100,"ENG_062_MZB_LO_654","9406","AXE (DEVON)",50.7465421647,-3.0486783544,2002,2022,21,7,"second data call; new data","England","James Sinclair","ENG_062_MZB_LO",947.412529403714,"c(""ENG_062_MZB_LO_463"", ""ENG_062_MZB_LO_654"")","within_100m_to_1000m",2,22,1,19,1,"remove","remove","remove"
"53",103,"ENG_062_MZB_LO_505","8350","BRUE",51.1065839875,-2.463894187,2003,2023,21,5,"second data call; new data","England","James Sinclair","ENG_062_MZB_LO",899.09432131123,"c(""ENG_062_MZB_LO_503"", ""ENG_062_MZB_LO_505"")","within_100m_to_1000m",2,21,2,14,1,"remove","remove","remove"
"54",105,"ENG_062_MZB_LO_508","8509","MOORS",50.8417304871,-1.8579160132,2003,2017,15,9,"second data call; new data","England","James Sinclair","ENG_062_MZB_LO",916.416307955292,"c(""ENG_062_MZB_LO_507"", ""ENG_062_MZB_LO_508"")","within_100m_to_1000m",2,21,1,10,1,"remove","remove","remove"
"55",120,"ENG_062_MZB_LO_586","9115","HAMPSHIRE AVON (EASTERN)",51.3322730977,-1.7815374891,2002,2013,12,9,"second data call; new data","England","James Sinclair","ENG_062_MZB_LO",0,"c(""ENG_062_MZB_LO_586"", ""ENG_062_MZB_LO_587"")","within_100m_to_1000m",2,21,1,8,1,"remove","remove","remove"
"56",131,"ENG_062_MZB_LO_609","9182","EBBLE",51.0243373403,-1.9567821012,2002,2013,12,5,"second data call; new data","England","James Sinclair","ENG_062_MZB_LO",988.883792485845,"c(""ENG_062_MZB_LO_606"", ""ENG_062_MZB_LO_609"")","within_100m_to_1000m",2,13,1,10,1,"remove","remove","remove"
"57",133,"ENG_062_MZB_LO_3352","154697","DART",50.4589393794,-3.7210650597,2010,2023,14,9,"second data call; new data","England","James Sinclair","ENG_062_MZB_LO",455.716350062866,"c(""ENG_062_MZB_LO_3352"", ""ENG_062_MZB_LO_622"")","within_100m_to_1000m",2,16,1,12,1,"remove","remove","remove"
"58",153,"ENG_062_MZB_LO_3148","78516","FOWEY",50.4558133976,-4.5564460973,2002,2014,13,5,"second data call; new data","England","James Sinclair","ENG_062_MZB_LO",936.853634717214,"c(""ENG_062_MZB_LO_3148"", ""ENG_062_MZB_LO_779"")","within_100m_to_1000m",2,22,1,10,1,"remove","remove","remove"
"59",157,"ENG_062_MZB_LO_3142","77976","RED RIVER",50.2294194703,-5.3014355208,2002,2012,11,5,"second data call; new data","England","James Sinclair","ENG_062_MZB_LO",358.754233247547,"c(""ENG_062_MZB_LO_3142"", ""ENG_062_MZB_LO_802"")","within_100m_to_1000m",2,13,1,7,1,"remove","remove","remove"
"60",161,"ENG_062_MZB_LO_824","10924","BRIT",50.7329405232,-2.7634952903,2003,2015,13,6,"second data call; new data","England","James Sinclair","ENG_062_MZB_LO",284.193030859914,"c(""ENG_062_MZB_LO_821"", ""ENG_062_MZB_LO_824"", ""ENG_062_MZB_LO_829"")","within_100m_to_1000m",2,22,1,7,1,"remove","remove","remove"
"61",170,"ENG_062_MZB_LO_845","33407","MIMRAM",51.8299693543,-0.2151309783,2014,2023,10,10,"second data call; new data","England","James Sinclair","ENG_062_MZB_LO",0,"c(""ENG_062_MZB_LO_3431"", ""ENG_062_MZB_LO_3432"", ""ENG_062_MZB_LO_845"", ""ENG_062_MZB_LO_846"")","within_100m_to_1000m",4,19,1,18,1,"remove","remove","remove"
"62",170,"ENG_062_MZB_LO_3431","178969","MIMRAM",51.8290989133,-0.2075607759,2009,2023,15,12,"second data call; new data","England","James Sinclair","ENG_062_MZB_LO",512.618961935908,"c(""ENG_062_MZB_LO_3431"", ""ENG_062_MZB_LO_3432"", ""ENG_062_MZB_LO_845"", ""ENG_062_MZB_LO_846"")","within_100m_to_1000m",4,19,1,18,1,"remove","remove","remove"
"63",170,"ENG_062_MZB_LO_3432","178970","MIMRAM",51.8263855623,-0.2071170145,2009,2024,16,13,"second data call; new data","England","James Sinclair","ENG_062_MZB_LO",658.028360245644,"c(""ENG_062_MZB_LO_3431"", ""ENG_062_MZB_LO_3432"", ""ENG_062_MZB_LO_845"", ""ENG_062_MZB_LO_846"")","within_100m_to_1000m",4,19,1,18,1,"remove","remove","remove"
"64",171,"ENG_062_MZB_LO_845","33407","MIMRAM",51.8299693543,-0.2151309783,2014,2023,10,10,"second data call; new data","England","James Sinclair","ENG_062_MZB_LO",898.972344129414,"c(""ENG_062_MZB_LO_3442"", ""ENG_062_MZB_LO_845"", ""ENG_062_MZB_LO_846"")","within_100m_to_1000m",3,19,1,18,1,"remove","remove","remove"
"65",171,"ENG_062_MZB_LO_3442","179285","MIMRAM",51.8366365137,-0.2320675873,2014,2023,10,10,"second data call; new data","England","James Sinclair","ENG_062_MZB_LO",746.580037414215,"c(""ENG_062_MZB_LO_3442"", ""ENG_062_MZB_LO_845"", ""ENG_062_MZB_LO_846"")","within_100m_to_1000m",3,19,1,18,1,"remove","remove","remove"
"66",173,"ENG_062_MZB_LO_3432","178970","MIMRAM",51.8263855623,-0.2071170145,2009,2024,16,13,"second data call; new data","England","James Sinclair","ENG_062_MZB_LO",874.008382201469,"c(""ENG_062_MZB_LO_3432"", ""ENG_062_MZB_LO_3433"", ""ENG_062_MZB_LO_858"")","within_100m_to_1000m",3,22,1,12,1,"remove","remove","remove"
"67",173,"ENG_062_MZB_LO_3433","178972","MIMRAM",51.8186102451,-0.1967177792,2014,2023,10,10,"second data call; new data","England","James Sinclair","ENG_062_MZB_LO",211.244521842693,"c(""ENG_062_MZB_LO_3432"", ""ENG_062_MZB_LO_3433"", ""ENG_062_MZB_LO_858"")","within_100m_to_1000m",3,22,1,12,1,"remove","remove","remove"
"68",174,"ENG_062_MZB_LO_867","33751","VER",51.788828843,-0.3873711119,2002,2023,22,19,"second data call; new data","England","James Sinclair","ENG_062_MZB_LO",592.384504135149,"c(""ENG_062_MZB_LO_866"", ""ENG_062_MZB_LO_867"", ""ENG_062_MZB_LO_868"")","within_100m_to_1000m",2,22,2,22,1,"remove","remove","remove"
"69",175,"ENG_062_MZB_LO_867","33751","VER",51.788828843,-0.3873711119,2002,2023,22,19,"second data call; new data","England","James Sinclair","ENG_062_MZB_LO",0,"c(""ENG_062_MZB_LO_866"", ""ENG_062_MZB_LO_867"", ""ENG_062_MZB_LO_918"")","within_100m_to_1000m",3,22,2,22,1,"remove","remove","remove"
"70",175,"ENG_062_MZB_LO_918","34116","VER",51.7839497657,-0.3784840042,2006,2023,18,18,"second data call; new data","England","James Sinclair","ENG_062_MZB_LO",790.961228243763,"c(""ENG_062_MZB_LO_866"", ""ENG_062_MZB_LO_867"", ""ENG_062_MZB_LO_918"")","within_100m_to_1000m",3,22,2,22,1,"remove","remove","remove"
"71",177,"ENG_062_MZB_LO_910","34080","SALMON BROOK",51.6190111085,-0.0426323153,2004,2014,11,6,"second data call; new data","England","James Sinclair","ENG_062_MZB_LO",383.376191588593,"c(""ENG_062_MZB_LO_869"", ""ENG_062_MZB_LO_910"")","within_100m_to_1000m",2,22,1,8,1,"remove","remove","remove"
"72",193,"ENG_062_MZB_LO_927","34165","CHESS",51.6783229289,-0.5304867891,2003,2021,19,7,"second data call; new data","England","James Sinclair","ENG_062_MZB_LO",0,"c(""ENG_062_MZB_LO_927"", ""ENG_062_MZB_LO_963"")","within_100m_to_1000m",2,23,1,23,1,"remove","remove","remove"
"73",194,"ENG_062_MZB_LO_3182","81318","MIMRAM",51.8433258022,-0.2446241504,2002,2023,22,21,"second data call; new data","England","James Sinclair","ENG_062_MZB_LO",522.6208570839,"c(""ENG_062_MZB_LO_3182"", ""ENG_062_MZB_LO_3430"", ""ENG_062_MZB_LO_929"")","within_100m_to_1000m",3,22,2,22,1,"remove","remove","remove"
"74",194,"ENG_062_MZB_LO_3430","178965","MIMRAM",51.8517521285,-0.2616329294,2014,2023,10,10,"second data call; new data","England","James Sinclair","ENG_062_MZB_LO",989.909736412866,"c(""ENG_062_MZB_LO_3182"", ""ENG_062_MZB_LO_3430"", ""ENG_062_MZB_LO_929"")","within_100m_to_1000m",3,22,2,22,1,"remove","remove","remove"
"75",199,"ENG_062_MZB_LO_875","33842","CHESS",51.6938199208,-0.5977406679,2002,2018,17,5,"second data call; new data","England","James Sinclair","ENG_062_MZB_LO",793.851305261089,"c(""ENG_062_MZB_LO_875"", ""ENG_062_MZB_LO_961"", ""ENG_062_MZB_LO_962"")","within_100m_to_1000m",3,22,1,21,1,"remove","remove","remove"
"76",199,"ENG_062_MZB_LO_962","34307","CHESS",51.6868205512,-0.5832015464,2003,2022,20,8,"second data call; new data","England","James Sinclair","ENG_062_MZB_LO",458.621518233099,"c(""ENG_062_MZB_LO_875"", ""ENG_062_MZB_LO_961"", ""ENG_062_MZB_LO_962"")","within_100m_to_1000m",3,22,1,21,1,"remove","remove","remove"
"77",202,"ENG_062_MZB_LO_3116","76077","BULBOURNE",51.7770121506,-0.5990910436,2003,2023,21,12,"second data call; new data","England","James Sinclair","ENG_062_MZB_LO",965.865349901798,"c(""ENG_062_MZB_LO_3116"", ""ENG_062_MZB_LO_969"")","within_100m_to_1000m",2,22,1,15,1,"remove","remove","remove"
"78",208,"ENG_062_MZB_LO_1101","35992","MOLE (THAMES)",51.2390646298,-0.3117314226,2002,2016,15,10,"second data call; new data","England","James Sinclair","ENG_062_MZB_LO",674.874638276448,"c(""ENG_062_MZB_LO_1101"", ""ENG_062_MZB_LO_1105"", ""ENG_062_MZB_LO_990"")","within_100m_to_1000m",2,19,1,18,1,"remove","remove","remove"
"79",209,"ENG_062_MZB_LO_3244","96882","LEACH",51.7380966539,-1.709160408,2003,2012,10,10,"second data call; new data","England","James Sinclair","ENG_062_MZB_LO",778.78159566792,"c(""ENG_062_MZB_LO_3244"", ""ENG_062_MZB_LO_991"")","within_100m_to_1000m",2,17,1,15,1,"remove","remove","remove"
"80",214,"ENG_062_MZB_LO_1145","36177","CRANLEIGH WATERS",51.1163426006,-0.4681572052,2002,2024,23,19,"second data call; new data","England","James Sinclair","ENG_062_MZB_LO",225.003652372676,"c(""ENG_062_MZB_LO_1024"", ""ENG_062_MZB_LO_1145"", ""ENG_062_MZB_LO_1146"")","within_100m_to_1000m",2,23,2,23,1,"remove","remove","remove"
"81",219,"ENG_062_MZB_LO_1043","35528","WYE (THAMES",51.6265784647,-0.7431618828,2002,2014,13,13,"second data call; new data","England","James Sinclair","ENG_062_MZB_LO",0,"c(""ENG_062_MZB_LO_1043"", ""ENG_062_MZB_LO_1055"")","within_100m_to_1000m",2,18,1,14,1,"remove","remove","remove"
"82",225,"ENG_062_MZB_LO_1068","35831","WEY (SOUTH)",51.1180857788,-0.8554937527,2002,2023,22,11,"second data call; new data","England","James Sinclair","ENG_062_MZB_LO",862.845355502477,"c(""ENG_062_MZB_LO_1065"", ""ENG_062_MZB_LO_1068"")","within_100m_to_1000m",2,23,1,13,1,"remove","remove","remove"
"83",230,"ENG_062_MZB_LO_1081","35919","THAMES (SE AREA)",51.4142587766,-0.4979872939,2002,2014,13,7,"second data call; new data","England","James Sinclair","ENG_062_MZB_LO",0,"c(""ENG_062_MZB_LO_1081"", ""ENG_062_MZB_LO_3187"")","within_100m_to_1000m",2,23,1,20,1,"remove","remove","remove"
"84",231,"ENG_062_MZB_LO_1085","35936","SILCHESTER BROOK",51.3469991998,-1.1082262614,2002,2014,13,5,"second data call; new data","England","James Sinclair","ENG_062_MZB_LO",124.084577458495,"c(""ENG_062_MZB_LO_1084"", ""ENG_062_MZB_LO_1085"")","within_100m_to_1000m",2,13,2,6,1,"remove","remove","remove"
"85",242,"ENG_062_MZB_LO_1108","36020","LODDON",51.2922244542,-1.0241578361,2004,2023,20,20,"second data call; new data","England","James Sinclair","ENG_062_MZB_LO",0,"c(""ENG_062_MZB_LO_1007"", ""ENG_062_MZB_LO_1052"", ""ENG_062_MZB_LO_1108"", ""ENG_062_MZB_LO_1111"", ""ENG_062_MZB_LO_1113"")","within_100m_to_1000m",4,23,1,23,1,"remove","remove","remove"
"86",242,"ENG_062_MZB_LO_1111","36034","LODDON",51.2926000584,-1.0163912069,2002,2023,22,22,"second data call; new data","England","James Sinclair","ENG_062_MZB_LO",524.71096618298,"c(""ENG_062_MZB_LO_1007"", ""ENG_062_MZB_LO_1052"", ""ENG_062_MZB_LO_1108"", ""ENG_062_MZB_LO_1111"", ""ENG_062_MZB_LO_1113"")","within_100m_to_1000m",4,23,1,23,1,"remove","remove","remove"
"87",242,"ENG_062_MZB_LO_1113","36041","LODDON",51.2917600123,-1.025616115,2004,2023,20,20,"second data call; new data","England","James Sinclair","ENG_062_MZB_LO",110.176032701541,"c(""ENG_062_MZB_LO_1007"", ""ENG_062_MZB_LO_1052"", ""ENG_062_MZB_LO_1108"", ""ENG_062_MZB_LO_1111"", ""ENG_062_MZB_LO_1113"")","within_100m_to_1000m",4,23,1,23,1,"remove","remove","remove"
"88",254,"ENG_062_MZB_LO_1153","36221","CHURN",51.6654775224,-1.8921247306,2002,2014,13,6,"second data call; new data","England","James Sinclair","ENG_062_MZB_LO",0,"c(""ENG_062_MZB_LO_1153"", ""ENG_062_MZB_LO_3232"", ""ENG_062_MZB_LO_3243"")","within_100m_to_1000m",3,17,1,16,1,"remove","remove","remove"
"89",254,"ENG_062_MZB_LO_3243","96881","CHURN",51.6625784868,-1.8880833447,2003,2014,12,11,"second data call; new data","England","James Sinclair","ENG_062_MZB_LO",412.251227557903,"c(""ENG_062_MZB_LO_1153"", ""ENG_062_MZB_LO_3232"", ""ENG_062_MZB_LO_3243"")","within_100m_to_1000m",3,17,1,16,1,"remove","remove","remove"
"90",263,"ENG_062_MZB_LO_1176","41981","DOUR",51.1518958494,1.2696248081,2002,2014,13,13,"second data call; new data","England","James Sinclair","ENG_062_MZB_LO",496.475105431158,"c(""ENG_062_MZB_LO_1176"", ""ENG_062_MZB_LO_1205"", ""ENG_062_MZB_LO_1360"", ""ENG_062_MZB_LO_3089"")","within_100m_to_1000m",4,18,1,13,1,"remove","remove","remove"
"91",263,"ENG_062_MZB_LO_1360","43418","DOUR",51.1453474725,1.2741240873,2002,2014,13,13,"second data call; new data","England","James Sinclair","ENG_062_MZB_LO",518.520495124074,"c(""ENG_062_MZB_LO_1176"", ""ENG_062_MZB_LO_1205"", ""ENG_062_MZB_LO_1360"", ""ENG_062_MZB_LO_3089"")","within_100m_to_1000m",4,18,1,13,1,"remove","remove","remove"
"92",263,"ENG_062_MZB_LO_3089","74221","DOUR",51.1457121288,1.2578472729,2002,2017,16,16,"second data call; new data","England","James Sinclair","ENG_062_MZB_LO",665.624984352684,"c(""ENG_062_MZB_LO_1176"", ""ENG_062_MZB_LO_1205"", ""ENG_062_MZB_LO_1360"", ""ENG_062_MZB_LO_3089"")","within_100m_to_1000m",4,18,1,13,1,"remove","remove","remove"
"93",267,"ENG_062_MZB_LO_1393","43746","DARENT",51.3680601229,0.2101075244,2002,2014,13,13,"second data call; new data","England","James Sinclair","ENG_062_MZB_LO",800.593043231065,"c(""ENG_062_MZB_LO_1215"", ""ENG_062_MZB_LO_1393"")","within_100m_to_1000m",2,20,1,20,1,"remove","remove","remove"
"94",269,"ENG_062_MZB_LO_1231","42211","ALRE",51.0889521009,-1.1827936798,2002,2024,23,16,"second data call; new data","England","James Sinclair","ENG_062_MZB_LO",0,"c(""ENG_062_MZB_LO_1231"", ""ENG_062_MZB_LO_1327"", ""ENG_062_MZB_LO_1353"", ""ENG_062_MZB_LO_1357"")","within_100m_to_1000m",2,23,2,17,1,"remove","remove","remove"
"95",276,"ENG_062_MZB_LO_3212","88561","SHEEPWASH TRIB.",50.8844139302,-1.0607076569,2003,2012,10,10,"second data call; new data","England","James Sinclair","ENG_062_MZB_LO",419.435762480387,"c(""ENG_062_MZB_LO_1252"", ""ENG_062_MZB_LO_3188"", ""ENG_062_MZB_LO_3212"")","within_100m_to_1000m",2,13,1,13,1,"remove","remove","remove"
"96",282,"ENG_062_MZB_LO_1334","43192","BOURNE RIVULET",51.2303606321,-1.3816607156,2004,2017,14,7,"second data call; new data","England","James Sinclair","ENG_062_MZB_LO",0,"c(""ENG_062_MZB_LO_1211"", ""ENG_062_MZB_LO_1334"", ""ENG_062_MZB_LO_1382"", ""ENG_062_MZB_LO_1418"")","within_100m_to_1000m",4,23,1,23,1,"remove","remove","remove"
"97",282,"ENG_062_MZB_LO_1211","42119","BOURNE RIVULET",51.236761189,-1.384726197,2003,2017,15,8,"second data call; new data","England","James Sinclair","ENG_062_MZB_LO",718.026751927502,"c(""ENG_062_MZB_LO_1211"", ""ENG_062_MZB_LO_1334"", ""ENG_062_MZB_LO_1382"", ""ENG_062_MZB_LO_1418"")","within_100m_to_1000m",4,23,1,23,1,"remove","remove","remove"
"98",282,"ENG_062_MZB_LO_1382","43637","BOURNE RIVULET",51.2367687039,-1.386158515,2003,2017,15,8,"second data call; new data","England","James Sinclair","ENG_062_MZB_LO",752.297229633143,"c(""ENG_062_MZB_LO_1211"", ""ENG_062_MZB_LO_1334"", ""ENG_062_MZB_LO_1382"", ""ENG_062_MZB_LO_1418"")","within_100m_to_1000m",4,23,1,23,1,"remove","remove","remove"
"99",283,"ENG_062_MZB_LO_1335","43197","LITTLE STOUR (SO)",51.2785256183,1.1729572247,2002,2018,17,15,"second data call; new data","England","James Sinclair","ENG_062_MZB_LO",0,"c(""ENG_062_MZB_LO_1335"", ""ENG_062_MZB_LO_3073"", ""ENG_062_MZB_LO_3074"", ""ENG_062_MZB_LO_3075"", ""ENG_062_MZB_LO_3076"", ""ENG_062_MZB_LO_3077"")","within_100m_to_1000m",6,22,1,19,1,"remove","remove","remove"
"100",283,"ENG_062_MZB_LO_3073","70601","LITTLE STOUR (SO)",51.2714099359,1.1663438651,2002,2021,20,20,"second data call; new data","England","James Sinclair","ENG_062_MZB_LO",884.863208871414,"c(""ENG_062_MZB_LO_1335"", ""ENG_062_MZB_LO_3073"", ""ENG_062_MZB_LO_3074"", ""ENG_062_MZB_LO_3075"", ""ENG_062_MZB_LO_3076"", ""ENG_062_MZB_LO_3077"")","within_100m_to_1000m",6,22,1,19,1,"remove","remove","remove"
"101",283,"ENG_062_MZB_LO_3074","70602","LITTLE STOUR (SO)",51.2727238607,1.1683127388,2002,2011,10,10,"second data call; new data","England","James Sinclair","ENG_062_MZB_LO",697.454448579484,"c(""ENG_062_MZB_LO_1335"", ""ENG_062_MZB_LO_3073"", ""ENG_062_MZB_LO_3074"", ""ENG_062_MZB_LO_3075"", ""ENG_062_MZB_LO_3076"", ""ENG_062_MZB_LO_3077"")","within_100m_to_1000m",6,22,1,19,1,"remove","remove","remove"
"102",283,"ENG_062_MZB_LO_3075","70603","LITTLE STOUR (SO)",51.2755151354,1.1698672321,2002,2011,10,9,"second data call; new data","England","James Sinclair","ENG_062_MZB_LO",384.647118365042,"c(""ENG_062_MZB_LO_1335"", ""ENG_062_MZB_LO_3073"", ""ENG_062_MZB_LO_3074"", ""ENG_062_MZB_LO_3075"", ""ENG_062_MZB_LO_3076"", ""ENG_062_MZB_LO_3077"")","within_100m_to_1000m",6,22,1,19,1,"remove","remove","remove"
"103",283,"ENG_062_MZB_LO_3076","70621","LITTLE STOUR (SO)",51.2806445118,1.1764163575,2002,2014,13,13,"second data call; new data","England","James Sinclair","ENG_062_MZB_LO",325.792145127594,"c(""ENG_062_MZB_LO_1335"", ""ENG_062_MZB_LO_3073"", ""ENG_062_MZB_LO_3074"", ""ENG_062_MZB_LO_3075"", ""ENG_062_MZB_LO_3076"", ""ENG_062_MZB_LO_3077"")","within_100m_to_1000m",6,22,1,19,1,"remove","remove","remove"
"104",290,"ENG_062_MZB_LO_1182","41998","ITCHEN (SOUTHERN)",51.0859537502,-1.2044055442,2002,2023,22,20,"second data call; new data","England","James Sinclair","ENG_062_MZB_LO",944.079053722485,"c(""ENG_062_MZB_LO_1182"", ""ENG_062_MZB_LO_1231"", ""ENG_062_MZB_LO_1327"", ""ENG_062_MZB_LO_1357"")","within_100m_to_1000m",2,22,2,22,1,"remove","remove","remove"
"105",290,"ENG_062_MZB_LO_1231","42211","ALRE",51.0889521009,-1.1827936798,2002,2024,23,16,"second data call; new data","England","James Sinclair","ENG_062_MZB_LO",558.116542863951,"c(""ENG_062_MZB_LO_1182"", ""ENG_062_MZB_LO_1231"", ""ENG_062_MZB_LO_1327"", ""ENG_062_MZB_LO_1357"")","within_100m_to_1000m",1,23,1,16,1,"keep","keep","remove"
"106",293,"ENG_062_MZB_LO_1364","43484","CRAY",51.443373501,0.1548402848,2005,2015,11,6,"second data call; new data","England","James Sinclair","ENG_062_MZB_LO",0,"c(""ENG_062_MZB_LO_1364"", ""ENG_062_MZB_LO_1404"", ""ENG_062_MZB_LO_1421"")","within_100m_to_1000m",2,19,1,12,1,"remove","remove","remove"
"107",294,"ENG_062_MZB_LO_1370","43546","GROM",51.1163057805,0.1781673222,2002,2018,17,9,"second data call; new data","England","James Sinclair","ENG_062_MZB_LO",376.632217973753,"c(""ENG_062_MZB_LO_1369"", ""ENG_062_MZB_LO_1370"")","within_100m_to_1000m",2,17,2,10,1,"remove","remove","remove"
"108",296,"ENG_062_MZB_LO_1390","43732","GREAT STOUR",51.2250468004,0.7268585859,2002,2011,10,5,"second data call; new data","England","James Sinclair","ENG_062_MZB_LO",159.831833859316,"c(""ENG_062_MZB_LO_1376"", ""ENG_062_MZB_LO_1390"")","within_100m_to_1000m",2,10,2,9,1,"remove","remove","remove"
"109",304,"ENG_062_MZB_LO_1401","43806","MEDWAY",51.1003870156,0.0125861185,2003,2014,12,9,"second data call; new data","England","James Sinclair","ENG_062_MZB_LO",0,"c(""ENG_062_MZB_LO_1401"", ""ENG_062_MZB_LO_1435"")","within_100m_to_1000m",2,18,1,12,1,"remove","remove","remove"
"110",305,"ENG_062_MZB_LO_1402","43807","LEN",51.2632241301,0.5576673332,2003,2013,11,6,"second data call; new data","England","James Sinclair","ENG_062_MZB_LO",0,"c(""ENG_062_MZB_LO_1402"", ""ENG_062_MZB_LO_3262"")","within_100m_to_1000m",2,18,1,10,1,"remove","remove","remove"
"111",316,"ENG_062_MZB_LO_3080","72561","PAGHAM RIFE",50.7863672042,-0.7487278925,2002,2011,10,6,"second data call; new data","England","James Sinclair","ENG_062_MZB_LO",973.738812494362,"c(""ENG_062_MZB_LO_1481"", ""ENG_062_MZB_LO_3080"")","within_100m_to_1000m",2,21,1,11,1,"remove","remove","remove"
"112",320,"ENG_062_MZB_LO_1758","50380","SCOTIA BROOK",53.0464705832,-2.2126527383,2002,2012,11,5,"second data call; new data","England","James Sinclair","ENG_062_MZB_LO",568.934983942363,"c(""ENG_062_MZB_LO_1514"", ""ENG_062_MZB_LO_1758"")","within_100m_to_1000m",2,14,1,6,1,"remove","remove","remove"
"113",322,"ENG_062_MZB_LO_1581","47717","ALFRETON BROOK",53.1077588303,-1.3837332295,2002,2015,14,6,"second data call; new data","England","James Sinclair","ENG_062_MZB_LO",829.386786150482,"c(""ENG_062_MZB_LO_1517"", ""ENG_062_MZB_LO_1581"", ""ENG_062_MZB_LO_1722"")","within_100m_to_1000m",2,19,1,12,1,"remove","remove","remove"
"114",325,"ENG_062_MZB_LO_1738","50054","AVON (LS - ABOVE SOWE)",52.3896757035,-1.28129806,2002,2018,17,7,"second data call; new data","England","James Sinclair","ENG_062_MZB_LO",884.362790229583,"c(""ENG_062_MZB_LO_1536"", ""ENG_062_MZB_LO_1738"", ""ENG_062_MZB_LO_2141"")","within_100m_to_1000m",2,17,2,10,1,"remove","remove","remove"
"115",327,"ENG_062_MZB_LO_1546","47407","SUGAR/SPADESBOURNE BROOK",52.3168523223,-2.0622969248,2002,2016,15,6,"second data call; new data","England","James Sinclair","ENG_062_MZB_LO",0,"c(""ENG_062_MZB_LO_1546"", ""ENG_062_MZB_LO_2096"")","within_100m_to_1000m",2,16,1,6,1,"remove","remove","remove"
"116",331,"ENG_062_MZB_LO_2104","53803","ASHOP",53.4019908535,-1.7887769646,2002,2024,23,5,"second data call; new data","England","James Sinclair","ENG_062_MZB_LO",858.189413204272,"c(""ENG_062_MZB_LO_1556"", ""ENG_062_MZB_LO_1565"", ""ENG_062_MZB_LO_2104"")","within_100m_to_1000m",2,23,2,23,1,"remove","remove","remove"
"117",336,"ENG_062_MZB_LO_1878","51659","RIVER BOURNE",52.5185928277,-1.6371224237,2002,2014,13,7,"second data call; new data","England","James Sinclair","ENG_062_MZB_LO",803.790720755336,"c(""ENG_062_MZB_LO_1568"", ""ENG_062_MZB_LO_1878"")","within_100m_to_1000m",2,16,1,9,1,"remove","remove","remove"
"118",347,"ENG_062_MZB_LO_1739","50072","EREWASH",52.8974219658,-1.2455996648,2002,2015,14,6,"second data call; new data","England","James Sinclair","ENG_062_MZB_LO",783.25677585158,"c(""ENG_062_MZB_LO_1595"", ""ENG_062_MZB_LO_1739"")","within_100m_to_1000m",2,14,2,9,1,"remove","remove","remove"
"119",351,"ENG_062_MZB_LO_3426","169343","MEDEN",53.2332165938,-1.0393491097,2014,2024,11,5,"second data call; new data","England","James Sinclair","ENG_062_MZB_LO",654.28107071669,"c(""ENG_062_MZB_LO_1606"", ""ENG_062_MZB_LO_3426"")","within_100m_to_1000m",2,12,1,9,1,"remove","remove","remove"
"120",356,"ENG_062_MZB_LO_3236","92913","EYE",52.7594754181,-0.8134666419,2007,2021,15,5,"second data call; new data","England","James Sinclair","ENG_062_MZB_LO",979.663072420084,"c(""ENG_062_MZB_LO_1630"", ""ENG_062_MZB_LO_3236"", ""ENG_062_MZB_LO_3301"")","within_100m_to_1000m",2,22,1,21,1,"remove","remove","remove"
"121",365,"ENG_062_MZB_LO_2059","53364","BOTTESFORD BECK",53.5433845817,-0.6771555034,2002,2012,11,8,"second data call; new data","England","James Sinclair","ENG_062_MZB_LO",645.918456134422,"c(""ENG_062_MZB_LO_1652"", ""ENG_062_MZB_LO_2059"")","within_100m_to_1000m",2,14,1,9,1,"remove","remove","remove"
"122",375,"ENG_062_MZB_LO_1691","49185","ANKER",52.5768883198,-1.5262914095,2003,2014,12,6,"second data call; new data","England","James Sinclair","ENG_062_MZB_LO",0,"c(""ENG_062_MZB_LO_1691"", ""ENG_062_MZB_LO_2100"")","within_100m_to_1000m",2,13,1,10,1,"remove","remove","remove"
"123",376,"ENG_062_MZB_LO_1964","52571","COUNTESTHORPE BROOK",52.5571008098,-1.1249458229,2003,2015,13,7,"second data call; new data","England","James Sinclair","ENG_062_MZB_LO",912.857291099453,"c(""ENG_062_MZB_LO_1692"", ""ENG_062_MZB_LO_1964"")","within_100m_to_1000m",2,14,1,6,1,"remove","remove","remove"
"124",378,"ENG_062_MZB_LO_3361","155046","QUORN BROOK",52.737230962,-1.1773463999,2015,2024,10,10,"second data call; new data","England","James Sinclair","ENG_062_MZB_LO",969.932244946603,"c(""ENG_062_MZB_LO_1705"", ""ENG_062_MZB_LO_3361"")","within_100m_to_1000m",2,11,1,6,1,"remove","remove","remove"
"125",382,"ENG_062_MZB_LO_1727","49901","MAUN",53.132842155,-1.2244473011,2002,2014,13,6,"second data call; new data","England","James Sinclair","ENG_062_MZB_LO",0,"c(""ENG_062_MZB_LO_1727"", ""ENG_062_MZB_LO_1822"", ""ENG_062_MZB_LO_1843"")","within_100m_to_1000m",3,16,1,8,1,"remove","remove","remove"
"126",382,"ENG_062_MZB_LO_1822","51076","MAUN",53.1284233266,-1.2347791667,2002,2014,13,6,"second data call; new data","England","James Sinclair","ENG_062_MZB_LO",820.071227885114,"c(""ENG_062_MZB_LO_1727"", ""ENG_062_MZB_LO_1822"", ""ENG_062_MZB_LO_1843"")","within_100m_to_1000m",3,16,1,8,1,"remove","remove","remove"
"127",388,"ENG_062_MZB_LO_2012","52892","FROME",51.7492878404,-2.315528336,2002,2015,14,5,"second data call; new data","England","James Sinclair","ENG_062_MZB_LO",336.059658539808,"c(""ENG_062_MZB_LO_1752"", ""ENG_062_MZB_LO_2012"")","within_100m_to_1000m",2,14,2,6,1,"remove","remove","remove"
"128",395,"ENG_062_MZB_LO_1779","50612","TORNE",53.424874668,-1.0926302477,2002,2015,14,6,"second data call; new data","England","James Sinclair","ENG_062_MZB_LO",0,"c(""ENG_062_MZB_LO_1779"", ""ENG_062_MZB_LO_1872"")","within_100m_to_1000m",2,14,2,7,1,"remove","remove","remove"
"129",399,"ENG_062_MZB_LO_1802","50959","ALNE",52.2185051255,-1.846399929,2002,2011,10,5,"second data call; new data","England","James Sinclair","ENG_062_MZB_LO",0,"c(""ENG_062_MZB_LO_1802"", ""ENG_062_MZB_LO_2125"")","within_100m_to_1000m",2,16,1,8,1,"remove","remove","remove"
"130",402,"ENG_062_MZB_LO_1814","51052","SEVERN",52.7431458728,-2.7898750054,2004,2013,10,10,"second data call; new data","England","James Sinclair","ENG_062_MZB_LO",0,"c(""ENG_062_MZB_LO_1814"", ""ENG_062_MZB_LO_3427"")","within_100m_to_1000m",2,11,1,10,1,"remove","remove","remove"
"131",429,"ENG_062_MZB_LO_1572","47608","WOOD BROOK",52.7821867504,-1.2126915012,2003,2018,16,6,"second data call; new data","England","James Sinclair","ENG_062_MZB_LO",812.097980994356,"c(""ENG_062_MZB_LO_1572"", ""ENG_062_MZB_LO_1636"", ""ENG_062_MZB_LO_1941"")","within_100m_to_1000m",2,17,1,7,1,"remove","remove","remove"
"132",452,"ENG_062_MZB_LO_2104","53803","ASHOP",53.4019908535,-1.7887769646,2002,2024,23,5,"second data call; new data","England","James Sinclair","ENG_062_MZB_LO",0,"c(""ENG_062_MZB_LO_1556"", ""ENG_062_MZB_LO_2104"", ""ENG_062_MZB_LO_3246"")","within_100m_to_1000m",3,23,3,23,2,"remove","remove","remove"
"133",489,"ENG_062_MZB_LO_3306","150202","EYE BROOK",52.5834295905,-0.7713303422,2008,2024,17,12,"second data call; new data","England","James Sinclair","ENG_062_MZB_LO",982.337871969144,"c(""ENG_062_MZB_LO_2426"", ""ENG_062_MZB_LO_3306"")","within_100m_to_1000m",2,23,1,22,1,"remove","remove","remove"
"134",496,"ENG_062_MZB_LO_2483","55781","STONTON BROOK",52.52947629,-0.9059513765,2013,2024,12,8,"second data call; new data","England","James Sinclair","ENG_062_MZB_LO",0,"c(""ENG_062_MZB_LO_2483"", ""ENG_062_MZB_LO_2484"")","within_100m_to_1000m",2,23,1,18,1,"remove","remove","remove"
"135",500,"ENG_062_MZB_LO_2506","55841","WHAPLODE RIVER",52.8730903771,0.0028663592,2002,2016,15,7,"second data call; new data","England","James Sinclair","ENG_062_MZB_LO",875.115498387956,"c(""ENG_062_MZB_LO_2505"", ""ENG_062_MZB_LO_2506"")","within_100m_to_1000m",2,19,1,15,1,"remove","remove","remove"
"136",511,"ENG_062_MZB_LO_2541","55946","LARK",52.2368254347,0.7289702103,2002,2023,22,10,"second data call; new data","England","James Sinclair","ENG_062_MZB_LO",519.635741234366,"c(""ENG_062_MZB_LO_2541"", ""ENG_062_MZB_LO_2542"", ""ENG_062_MZB_LO_2543"")","within_100m_to_1000m",2,22,2,15,1,"remove","remove","remove"
"137",548,"ENG_062_MZB_LO_2784","65027","EDEN (NW NORTH)",54.9036551121,-2.9569829996,2002,2017,16,10,"second data call; new data","England","James Sinclair","ENG_062_MZB_LO",736.534583002197,"c(""ENG_062_MZB_LO_2703"", ""ENG_062_MZB_LO_2746"", ""ENG_062_MZB_LO_2784"")","within_100m_to_1000m",2,17,1,6,1,"remove","remove","remove"
"138",565,"ENG_062_MZB_LO_2861","65904","ETHEROW",53.4693179941,-1.9705232563,2002,2021,20,20,"second data call; new data","England","James Sinclair","ENG_062_MZB_LO",0,"c(""ENG_062_MZB_LO_2861"", ""ENG_062_MZB_LO_2939"")","within_100m_to_1000m",2,22,1,18,1,"remove","remove","remove"
"139",570,"ENG_062_MZB_LO_3423","164423","EAGLEY BK",53.6138412572,-2.425799097,2013,2024,12,6,"second data call; new data","England","James Sinclair","ENG_062_MZB_LO",930.519858461456,"c(""ENG_062_MZB_LO_2894"", ""ENG_062_MZB_LO_3423"")","within_100m_to_1000m",2,12,2,12,1,"remove","remove","remove"
"140",579,"ENG_062_MZB_LO_2987","68037","NADEN BK",53.6039215824,-2.2269436834,2003,2019,17,16,"second data call; new data","England","James Sinclair","ENG_062_MZB_LO",460.842925811625,"c(""ENG_062_MZB_LO_2926"", ""ENG_062_MZB_LO_2987"")","within_100m_to_1000m",2,20,1,6,1,"remove","remove","remove"
"141",603,"ENG_062_MZB_LO_3411","161100","VALLEY BROOK",53.0823017984,-2.3551310644,2013,2024,12,7,"second data call; new data","England","James Sinclair","ENG_062_MZB_LO",105.390959992211,"c(""ENG_062_MZB_LO_3008"", ""ENG_062_MZB_LO_3411"")","within_100m_to_1000m",2,15,1,5,1,"remove","remove","remove"
"142",609,"ENG_062_MZB_LO_3020","68458","DOUGLAS",53.6020899565,-2.5596308037,2012,2023,12,11,"second data call; new data","England","James Sinclair","ENG_062_MZB_LO",0,"c(""ENG_062_MZB_LO_3020"", ""ENG_062_MZB_LO_3059"")","within_100m_to_1000m",2,22,1,15,1,"remove","remove","remove"
"143",617,"ENG_062_MZB_LO_2890","66742","BOLLIN",53.2549447178,-2.1214868937,2003,2014,12,5,"second data call; new data","England","James Sinclair","ENG_062_MZB_LO",993.916299262706,"c(""ENG_062_MZB_LO_2890"", ""ENG_062_MZB_LO_2949"", ""ENG_062_MZB_LO_2995"", ""ENG_062_MZB_LO_3057"")","within_100m_to_1000m",3,23,1,16,1,"remove","remove","remove"
"144",617,"ENG_062_MZB_LO_2995","68108","BOLLIN",53.2411947777,-2.1094755835,2002,2022,21,18,"second data call; new data","England","James Sinclair","ENG_062_MZB_LO",916.933235947445,"c(""ENG_062_MZB_LO_2890"", ""ENG_062_MZB_LO_2949"", ""ENG_062_MZB_LO_2995"", ""ENG_062_MZB_LO_3057"")","within_100m_to_1000m",3,23,1,16,1,"remove","remove","remove"
"145",627,"ENG_062_MZB_LO_1335","43197","LITTLE STOUR (SO)",51.2785256183,1.1729572247,2002,2018,17,15,"second data call; new data","England","James Sinclair","ENG_062_MZB_LO",903.350730599647,"c(""ENG_062_MZB_LO_1335"", ""ENG_062_MZB_LO_3076"", ""ENG_062_MZB_LO_3077"", ""ENG_062_MZB_LO_3078"", ""ENG_062_MZB_LO_3133"")","within_100m_to_1000m",5,22,1,19,1,"remove","remove","remove"
"146",627,"ENG_062_MZB_LO_3076","70621","LITTLE STOUR (SO)",51.2806445118,1.1764163575,2002,2014,13,13,"second data call; new data","England","James Sinclair","ENG_062_MZB_LO",578.999981400925,"c(""ENG_062_MZB_LO_1335"", ""ENG_062_MZB_LO_3076"", ""ENG_062_MZB_LO_3077"", ""ENG_062_MZB_LO_3078"", ""ENG_062_MZB_LO_3133"")","within_100m_to_1000m",5,22,1,19,1,"remove","remove","remove"
"147",627,"ENG_062_MZB_LO_3078","70642","LITTLE STOUR (SO)",51.2857691112,1.1953453397,2002,2021,20,20,"second data call; new data","England","James Sinclair","ENG_062_MZB_LO",839.96365238544,"c(""ENG_062_MZB_LO_1335"", ""ENG_062_MZB_LO_3076"", ""ENG_062_MZB_LO_3077"", ""ENG_062_MZB_LO_3078"", ""ENG_062_MZB_LO_3133"")","within_100m_to_1000m",5,22,1,19,1,"remove","remove","remove"
"148",627,"ENG_062_MZB_LO_3133","77548","LITTLE STOUR (SO)",51.2841308885,1.1907708002,2002,2011,10,10,"second data call; new data","England","James Sinclair","ENG_062_MZB_LO",508.704750678495,"c(""ENG_062_MZB_LO_1335"", ""ENG_062_MZB_LO_3076"", ""ENG_062_MZB_LO_3077"", ""ENG_062_MZB_LO_3078"", ""ENG_062_MZB_LO_3133"")","within_100m_to_1000m",5,22,1,19,1,"remove","remove","remove"
"149",629,"ENG_062_MZB_LO_3129","77540","BURLINGTON BROOK",52.6952058949,-2.324647426,2003,2021,19,18,"second data call; new data","England","James Sinclair","ENG_062_MZB_LO",620.048499094448,"c(""ENG_062_MZB_LO_3079"", ""ENG_062_MZB_LO_3129"")","within_100m_to_1000m",2,20,1,20,1,"remove","remove","remove"
"150",636,"ENG_062_MZB_LO_3097","74827","SCOUT DIKE",53.535995175,-1.6395575868,2002,2019,18,9,"second data call; new data","England","James Sinclair","ENG_062_MZB_LO",0,"c(""ENG_062_MZB_LO_3097"", ""ENG_062_MZB_LO_3381"", ""ENG_062_MZB_LO_71"")","within_100m_to_1000m",3,18,2,11,1,"remove","remove","remove"
"151",636,"ENG_062_MZB_LO_3381","157414","SCOUT DIKE",53.5375103673,-1.644327869,2010,2019,10,6,"second data call; new data","England","James Sinclair","ENG_062_MZB_LO",346.495056391998,"c(""ENG_062_MZB_LO_3097"", ""ENG_062_MZB_LO_3381"", ""ENG_062_MZB_LO_71"")","within_100m_to_1000m",3,18,2,11,1,"remove","remove","remove"
"152",641,"ENG_062_MZB_LO_3119","76557","HULL/WEST BECK",53.9909492143,-0.3884433546,2002,2018,17,13,"second data call; new data","England","James Sinclair","ENG_062_MZB_LO",0,"c(""ENG_062_MZB_LO_3119"", ""ENG_062_MZB_LO_3120"", ""ENG_062_MZB_LO_3123"")","within_100m_to_1000m",3,22,1,21,1,"remove","remove","remove"
"153",641,"ENG_062_MZB_LO_3120","76558","HULL/WEST BECK",53.9940915698,-0.3975816644,2002,2018,17,13,"second data call; new data","England","James Sinclair","ENG_062_MZB_LO",671.128671636953,"c(""ENG_062_MZB_LO_3119"", ""ENG_062_MZB_LO_3120"", ""ENG_062_MZB_LO_3123"")","within_100m_to_1000m",3,22,1,21,1,"remove","remove","remove"
"154",655,"ENG_062_MZB_LO_3353","154810","EHEN",54.525156996,-3.4146312983,2010,2023,14,10,"second data call; new data","England","James Sinclair","ENG_062_MZB_LO",359.487328109166,"c(""ENG_062_MZB_LO_3149"", ""ENG_062_MZB_LO_3353"")","within_100m_to_1000m",2,22,1,16,1,"remove","remove","remove"
"155",659,"ENG_062_MZB_LO_558","8941","LYD",50.6428959887,-4.2611922906,2002,2012,11,8,"second data call; new data","England","James Sinclair","ENG_062_MZB_LO",886.131559501097,"c(""ENG_062_MZB_LO_3168"", ""ENG_062_MZB_LO_547"", ""ENG_062_MZB_LO_558"")","within_100m_to_1000m",2,17,1,10,1,"remove","remove","remove"
"156",662,"ENG_062_MZB_LO_3172","80977","SHREEN WATER",51.0906066586,-2.26409931,2002,2019,18,7,"second data call; new data","England","James Sinclair","ENG_062_MZB_LO",0,"c(""ENG_062_MZB_LO_3171"", ""ENG_062_MZB_LO_3172"", ""ENG_062_MZB_LO_3173"", ""ENG_062_MZB_LO_3206"")","within_100m_to_1000m",3,23,1,14,1,"remove","remove","remove"
"157",662,"ENG_062_MZB_LO_3171","80976","SHREEN WATER",51.0932912108,-2.2698264553,2002,2019,18,8,"second data call; new data","England","James Sinclair","ENG_062_MZB_LO",482.99641753231,"c(""ENG_062_MZB_LO_3171"", ""ENG_062_MZB_LO_3172"", ""ENG_062_MZB_LO_3173"", ""ENG_062_MZB_LO_3206"")","within_100m_to_1000m",3,23,1,14,1,"remove","remove","remove"
"158",662,"ENG_062_MZB_LO_3206","86036","SHREEN WATER",51.0837832977,-2.2673155272,2002,2024,23,14,"second data call; new data","England","James Sinclair","ENG_062_MZB_LO",764.626523584683,"c(""ENG_062_MZB_LO_3171"", ""ENG_062_MZB_LO_3172"", ""ENG_062_MZB_LO_3173"", ""ENG_062_MZB_LO_3206"")","within_100m_to_1000m",3,23,1,14,1,"keep","keep","remove"
"159",670,"ENG_062_MZB_LO_3206","86036","SHREEN WATER",51.0837832977,-2.2673155272,2002,2024,23,14,"second data call; new data","England","James Sinclair","ENG_062_MZB_LO",0,"c(""ENG_062_MZB_LO_3172"", ""ENG_062_MZB_LO_3206"", ""ENG_062_MZB_LO_515"")","within_100m_to_1000m",3,23,2,17,1,"remove","remove","remove"
"160",670,"ENG_062_MZB_LO_3172","80977","SHREEN WATER",51.0906066586,-2.26409931,2002,2019,18,7,"second data call; new data","England","James Sinclair","ENG_062_MZB_LO",764.626523584683,"c(""ENG_062_MZB_LO_3172"", ""ENG_062_MZB_LO_3206"", ""ENG_062_MZB_LO_515"")","within_100m_to_1000m",3,23,2,17,1,"remove","remove","remove"
"161",679,"ENG_062_MZB_LO_3246","97161","ASHOP",53.4018358223,-1.7926430738,2002,2024,23,23,"second data call; new data","England","James Sinclair","ENG_062_MZB_LO",0,"c(""ENG_062_MZB_LO_1565"", ""ENG_062_MZB_LO_2104"", ""ENG_062_MZB_LO_3246"")","within_100m_to_1000m",2,23,2,23,1,"keep","keep","remove"
"162",679,"ENG_062_MZB_LO_2104","53803","ASHOP",53.4019908535,-1.7887769646,2002,2024,23,5,"second data call; new data","England","James Sinclair","ENG_062_MZB_LO",249.114665753329,"c(""ENG_062_MZB_LO_1565"", ""ENG_062_MZB_LO_2104"", ""ENG_062_MZB_LO_3246"")","within_100m_to_1000m",2,23,2,23,1,"remove","remove","remove"
"163",680,"ENG_062_MZB_LO_300","1631","WOOLER WATER",55.5603089454,-2.0040723356,2003,2019,17,8,"second data call; new data","England","James Sinclair","ENG_062_MZB_LO",411.794888764519,"c(""ENG_062_MZB_LO_294"", ""ENG_062_MZB_LO_300"", ""ENG_062_MZB_LO_3261"")","within_100m_to_1000m",2,19,1,13,1,"remove","remove","remove"
"164",702,"ENG_062_MZB_LO_3338","154136","HELTONDALE BECK",54.579928191,-2.7706985077,2009,2018,10,10,"second data call; new data","England","James Sinclair","ENG_062_MZB_LO",0,"c(""ENG_062_MZB_LO_3336"", ""ENG_062_MZB_LO_3337"", ""ENG_062_MZB_LO_3338"", ""ENG_062_MZB_LO_3339"")","within_100m_to_1000m",4,13,1,13,1,"remove","remove","remove"
"165",702,"ENG_062_MZB_LO_3337","154135","HELTONDALE BECK",54.5775664768,-2.7816069924,2009,2018,10,10,"second data call; new data","England","James Sinclair","ENG_062_MZB_LO",728.484779233953,"c(""ENG_062_MZB_LO_3336"", ""ENG_062_MZB_LO_3337"", ""ENG_062_MZB_LO_3338"", ""ENG_062_MZB_LO_3339"")","within_100m_to_1000m",4,13,1,13,1,"remove","remove","remove"
"166",702,"ENG_062_MZB_LO_3339","154137","HELTONDALE BECK",54.5758918376,-2.7609536133,2009,2018,10,10,"second data call; new data","England","James Sinclair","ENG_062_MZB_LO",748.955830216593,"c(""ENG_062_MZB_LO_3336"", ""ENG_062_MZB_LO_3337"", ""ENG_062_MZB_LO_3338"", ""ENG_062_MZB_LO_3339"")","within_100m_to_1000m",4,13,1,13,1,"remove","remove","remove"
"167",705,"ENG_062_MZB_LO_3341","154139","HOWES BECK",54.5527975172,-2.762007457,2009,2018,10,10,"second data call; new data","England","James Sinclair","ENG_062_MZB_LO",0,"c(""ENG_062_MZB_LO_2715"", ""ENG_062_MZB_LO_3323"", ""ENG_062_MZB_LO_3340"", ""ENG_062_MZB_LO_3341"")","within_100m_to_1000m",3,13,1,13,1,"remove","remove","remove"
"168",705,"ENG_062_MZB_LO_3323","153075","HOWES BECK",54.5564847328,-2.7501083007,2009,2018,10,10,"second data call; new data","England","James Sinclair","ENG_062_MZB_LO",844.288889417805,"c(""ENG_062_MZB_LO_2715"", ""ENG_062_MZB_LO_3323"", ""ENG_062_MZB_LO_3340"", ""ENG_062_MZB_LO_3341"")","within_100m_to_1000m",3,13,1,13,1,"remove","remove","remove"
"169",711,"ENG_062_MZB_LO_3390","158736","AVON (LS - ABOVE SOWE)",52.4114496177,-1.1348538171,2012,2021,10,10,"second data call; new data","England","James Sinclair","ENG_062_MZB_LO",799.503326648802,"c(""ENG_062_MZB_LO_3356"", ""ENG_062_MZB_LO_3390"")","within_100m_to_1000m",2,12,1,11,1,"remove","remove","remove"
"170",719,"ENG_062_MZB_LO_3383","157548","RUDYARD BROOK",53.1155244151,-2.0690417767,2011,2021,11,10,"second data call; new data","England","James Sinclair","ENG_062_MZB_LO",273.198422484868,"c(""ENG_062_MZB_LO_3382"", ""ENG_062_MZB_LO_3383"")","within_100m_to_1000m",2,13,1,11,1,"remove","remove","remove"
"171",724,"ENG_062_MZB_LO_3403","160147","LAMBOURN",51.4110535414,-1.3259513572,2011,2023,13,10,"second data call; new data","England","James Sinclair","ENG_062_MZB_LO",0,"c(""ENG_062_MZB_LO_3403"", ""ENG_062_MZB_LO_3404"", ""ENG_062_MZB_LO_3405"")","within_100m_to_1000m",3,13,3,11,1,"remove","remove","remove"
"172",724,"ENG_062_MZB_LO_3404","160149","LAMBOURN",51.4119656709,-1.3282098419,2011,2023,13,10,"second data call; new data","England","James Sinclair","ENG_062_MZB_LO",180.632670896496,"c(""ENG_062_MZB_LO_3403"", ""ENG_062_MZB_LO_3404"", ""ENG_062_MZB_LO_3405"")","within_100m_to_1000m",3,13,3,11,1,"remove","remove","remove"
"173",727,"ENG_062_MZB_LO_3406","160159","NOE",53.370229917,-1.7814792928,2012,2023,12,6,"second data call; new data","England","James Sinclair","ENG_062_MZB_LO",0,"c(""ENG_062_MZB_LO_3406"", ""ENG_062_MZB_LO_3407"")","within_100m_to_1000m",2,13,1,12,1,"remove","remove","remove"
"174",738,"ENG_062_MZB_LO_3430","178965","MIMRAM",51.8517521285,-0.2616329294,2014,2023,10,10,"second data call; new data","England","James Sinclair","ENG_062_MZB_LO",0,"c(""ENG_062_MZB_LO_3430"", ""ENG_062_MZB_LO_916"", ""ENG_062_MZB_LO_929"")","within_100m_to_1000m",3,22,2,22,1,"remove","remove","remove"
"175",738,"ENG_062_MZB_LO_916","34111","MIMRAM",51.8567779025,-0.2640241226,2002,2023,22,21,"second data call; new data","England","James Sinclair","ENG_062_MZB_LO",563.004699168524,"c(""ENG_062_MZB_LO_3430"", ""ENG_062_MZB_LO_916"", ""ENG_062_MZB_LO_929"")","within_100m_to_1000m",3,22,2,22,1,"remove","remove","remove"
"176",740,"ENG_062_MZB_LO_3432","178970","MIMRAM",51.8263855623,-0.2071170145,2009,2024,16,13,"second data call; new data","England","James Sinclair","ENG_062_MZB_LO",0,"c(""ENG_062_MZB_LO_3431"", ""ENG_062_MZB_LO_3432"", ""ENG_062_MZB_LO_845"", ""ENG_062_MZB_LO_858"")","within_100m_to_1000m",4,22,1,12,1,"remove","remove","remove"
"177",740,"ENG_062_MZB_LO_845","33407","MIMRAM",51.8299693543,-0.2151309783,2014,2023,10,10,"second data call; new data","England","James Sinclair","ENG_062_MZB_LO",658.028360245644,"c(""ENG_062_MZB_LO_3431"", ""ENG_062_MZB_LO_3432"", ""ENG_062_MZB_LO_845"", ""ENG_062_MZB_LO_858"")","within_100m_to_1000m",4,22,1,12,1,"remove","remove","remove"
"178",740,"ENG_062_MZB_LO_3431","178969","MIMRAM",51.8290989133,-0.2075607759,2009,2023,15,12,"second data call; new data","England","James Sinclair","ENG_062_MZB_LO",293.056752411592,"c(""ENG_062_MZB_LO_3431"", ""ENG_062_MZB_LO_3432"", ""ENG_062_MZB_LO_845"", ""ENG_062_MZB_LO_858"")","within_100m_to_1000m",4,22,1,12,1,"remove","remove","remove"
"179",741,"ENG_062_MZB_LO_3433","178972","MIMRAM",51.8186102451,-0.1967177792,2014,2023,10,10,"second data call; new data","England","James Sinclair","ENG_062_MZB_LO",0,"c(""ENG_062_MZB_LO_3433"", ""ENG_062_MZB_LO_3434"", ""ENG_062_MZB_LO_858"")","within_100m_to_1000m",3,22,1,12,1,"remove","remove","remove"
"180",741,"ENG_062_MZB_LO_3434","178973","MIMRAM",51.8162660995,-0.183463056,2014,2023,10,10,"second data call; new data","England","James Sinclair","ENG_062_MZB_LO",917.950245963815,"c(""ENG_062_MZB_LO_3433"", ""ENG_062_MZB_LO_3434"", ""ENG_062_MZB_LO_858"")","within_100m_to_1000m",3,22,1,12,1,"remove","remove","remove"
"181",744,"ENG_062_MZB_LO_3437","178976","BEANE",51.8633194926,-0.1231810912,2014,2023,10,9,"second data call; new data","England","James Sinclair","ENG_062_MZB_LO",0,"c(""ENG_062_MZB_LO_3436"", ""ENG_062_MZB_LO_3437"", ""ENG_062_MZB_LO_3438"", ""ENG_062_MZB_LO_893"", ""ENG_062_MZB_LO_894"", ""ENG_062_MZB_LO_981"")","within_100m_to_1000m",5,22,2,22,1,"remove","remove","remove"
"182",744,"ENG_062_MZB_LO_894","34019","BEANE",51.8683145431,-0.1285366367,2002,2023,22,19,"second data call; new data","England","James Sinclair","ENG_062_MZB_LO",644.237171698188,"c(""ENG_062_MZB_LO_3436"", ""ENG_062_MZB_LO_3437"", ""ENG_062_MZB_LO_3438"", ""ENG_062_MZB_LO_893"", ""ENG_062_MZB_LO_894"", ""ENG_062_MZB_LO_981"")","within_100m_to_1000m",5,22,2,22,1,"remove","remove","remove"
"183",744,"ENG_062_MZB_LO_3436","178975","BEANE",51.8712654929,-0.1286320857,2014,2023,10,7,"second data call; new data","England","James Sinclair","ENG_062_MZB_LO",927.664579475332,"c(""ENG_062_MZB_LO_3436"", ""ENG_062_MZB_LO_3437"", ""ENG_062_MZB_LO_3438"", ""ENG_062_MZB_LO_893"", ""ENG_062_MZB_LO_894"", ""ENG_062_MZB_LO_981"")","within_100m_to_1000m",5,22,2,22,1,"remove","remove","remove"
"184",744,"ENG_062_MZB_LO_3438","178977","BEANE",51.8593118947,-0.1138062426,2014,2023,10,9,"second data call; new data","England","James Sinclair","ENG_062_MZB_LO",757.954320862468,"c(""ENG_062_MZB_LO_3436"", ""ENG_062_MZB_LO_3437"", ""ENG_062_MZB_LO_3438"", ""ENG_062_MZB_LO_893"", ""ENG_062_MZB_LO_894"", ""ENG_062_MZB_LO_981"")","within_100m_to_1000m",5,22,2,22,1,"remove","remove","remove"
"185",745,"ENG_062_MZB_LO_3438","178977","BEANE",51.8593118947,-0.1138062426,2014,2023,10,9,"second data call; new data","England","James Sinclair","ENG_062_MZB_LO",0,"c(""ENG_062_MZB_LO_3437"", ""ENG_062_MZB_LO_3438"", ""ENG_062_MZB_LO_3439"", ""ENG_062_MZB_LO_893"")","within_100m_to_1000m",4,22,1,22,1,"remove","remove","remove"
"186",745,"ENG_062_MZB_LO_3437","178976","BEANE",51.8633194926,-0.1231810912,2014,2023,10,9,"second data call; new data","England","James Sinclair","ENG_062_MZB_LO",757.954320862468,"c(""ENG_062_MZB_LO_3437"", ""ENG_062_MZB_LO_3438"", ""ENG_062_MZB_LO_3439"", ""ENG_062_MZB_LO_893"")","within_100m_to_1000m",4,22,1,22,1,"remove","remove","remove"
"187",745,"ENG_062_MZB_LO_3439","178978","BEANE",51.8533491901,-0.102569381,2014,2023,10,9,"second data call; new data","England","James Sinclair","ENG_062_MZB_LO",984.676625867815,"c(""ENG_062_MZB_LO_3437"", ""ENG_062_MZB_LO_3438"", ""ENG_062_MZB_LO_3439"", ""ENG_062_MZB_LO_893"")","within_100m_to_1000m",4,22,1,22,1,"remove","remove","remove"
"188",3,"ESP_034_MZB_LO_394","BC96","Deba",42.9816118,-2.5664562,2002,2022,21,8,"second data call; new data","Spain","Aitor Larrañaga","ESP_034_MZB_LO",350.874527179486,"c(""ESP_034_MZB_LO_394"", ""ESP_034_MZB_LO_7"")","within_100m_to_1000m",2,35,1,25,1,"remove","remove","remove"
"189",4,"ESP_034_MZB_LO_9","Gip17","Deba",43.04714,-2.49928,2000,2012,13,13,"second data call; new data","Spain","Aitor Larrañaga","ESP_034_MZB_LO",0,"c(""ESP_034_MZB_LO_10"", ""ESP_034_MZB_LO_9"")","within_100m_to_1000m",2,35,1,25,1,"remove","remove","remove"
"190",7,"ESP_034_MZB_LO_13","Gip20","Deba",43.12391,-2.420182,2006,2016,11,11,"second data call; new data","Spain","Aitor Larrañaga","ESP_034_MZB_LO",0,"c(""ESP_034_MZB_LO_13"", ""ESP_034_MZB_LO_14"", ""ESP_034_MZB_LO_352"", ""ESP_034_MZB_LO_52"", ""ESP_034_MZB_LO_97"")","within_100m_to_1000m",5,35,1,31,1,"remove","remove","remove"
"191",7,"ESP_034_MZB_LO_52","Gip56","Deba",43.12867,-2.426197,1998,2021,24,22,"second data call; new data","Spain","Aitor Larrañaga","ESP_034_MZB_LO",701.814352087399,"c(""ESP_034_MZB_LO_13"", ""ESP_034_MZB_LO_14"", ""ESP_034_MZB_LO_352"", ""ESP_034_MZB_LO_52"", ""ESP_034_MZB_LO_97"")","within_100m_to_1000m",5,35,1,31,1,"remove","remove","remove"
"192",7,"ESP_034_MZB_LO_97","103000537","Deba",43.1268631,-2.4273828,2009,2019,11,9,"first call; data Ellen used","Spain","Aitor Larrañaga","ESP_034_MZB_LO",654.080147807659,"c(""ESP_034_MZB_LO_13"", ""ESP_034_MZB_LO_14"", ""ESP_034_MZB_LO_352"", ""ESP_034_MZB_LO_52"", ""ESP_034_MZB_LO_97"")","within_100m_to_1000m",5,35,1,31,1,"remove","remove","remove"
"193",7,"ESP_034_MZB_LO_352","BC37","Deba",43.1268631,-2.4273828,2009,2021,13,11,"second data call; new data","Spain","Aitor Larrañaga","ESP_034_MZB_LO",654.080147807659,"c(""ESP_034_MZB_LO_13"", ""ESP_034_MZB_LO_14"", ""ESP_034_MZB_LO_352"", ""ESP_034_MZB_LO_52"", ""ESP_034_MZB_LO_97"")","within_100m_to_1000m",5,35,1,31,1,"remove","remove","remove"
"194",9,"ESP_034_MZB_LO_176","103000616","Deba",43.1778603,-2.4190195,2007,2019,13,13,"first call; data Ellen used","Spain","Aitor Larrañaga","ESP_034_MZB_LO",475.685660074362,"c(""ESP_034_MZB_LO_15"", ""ESP_034_MZB_LO_176"", ""ESP_034_MZB_LO_313"")","within_100m_to_1000m",3,29,1,27,1,"remove","remove","remove"
"195",9,"ESP_034_MZB_LO_313","BC146","Deba",43.1778603,-2.4190195,2007,2021,15,15,"second data call; new data","Spain","Aitor Larrañaga","ESP_034_MZB_LO",475.685660074362,"c(""ESP_034_MZB_LO_15"", ""ESP_034_MZB_LO_176"", ""ESP_034_MZB_LO_313"")","within_100m_to_1000m",3,29,1,27,1,"remove","remove","remove"
"196",10,"ESP_034_MZB_LO_105","103000545","Ego",43.1891977,-2.4519425,1993,2019,27,25,"first call; data Ellen used","Spain","Aitor Larrañaga","ESP_034_MZB_LO",804.107408438136,"c(""ESP_034_MZB_LO_105"", ""ESP_034_MZB_LO_20"", ""ESP_034_MZB_LO_360"")","within_100m_to_1000m",2,29,1,27,1,"remove","remove","remove"
"197",12,"ESP_034_MZB_LO_26","Gip32","Oiartzun",43.31027562,-1.88159135,1999,2021,23,18,"second data call; new data","Spain","Aitor Larrañaga","ESP_034_MZB_LO",0,"c(""ESP_034_MZB_LO_109"", ""ESP_034_MZB_LO_26"", ""ESP_034_MZB_LO_35"", ""ESP_034_MZB_LO_366"")","within_100m_to_1000m",4,35,1,32,1,"remove","remove","remove"
"198",12,"ESP_034_MZB_LO_109","103000549","Oiartzun",43.3033912,-1.8853049,1993,2019,27,27,"first call; data Ellen used","Spain","Aitor Larrañaga","ESP_034_MZB_LO",800.348192917368,"c(""ESP_034_MZB_LO_109"", ""ESP_034_MZB_LO_26"", ""ESP_034_MZB_LO_35"", ""ESP_034_MZB_LO_366"")","within_100m_to_1000m",4,35,1,32,1,"remove","remove","remove"
"199",13,"ESP_034_MZB_LO_133","103000573","Ibaieder",43.1733514,-2.2561423,2002,2019,18,18,"first call; data Ellen used","Spain","Aitor Larrañaga","ESP_034_MZB_LO",611.182452652941,"c(""ESP_034_MZB_LO_133"", ""ESP_034_MZB_LO_28"", ""ESP_034_MZB_LO_388"")","within_100m_to_1000m",2,21,1,21,1,"remove","remove","remove"
"200",14,"ESP_034_MZB_LO_29","Gip35","Urumea",43.25962,-1.94499,1987,2017,31,23,"second data call; new data","Spain","Aitor Larrañaga","ESP_034_MZB_LO",0,"c(""ESP_034_MZB_LO_29"", ""ESP_034_MZB_LO_71"")","within_100m_to_1000m",2,36,1,33,1,"remove","remove","remove"
"201",15,"ESP_034_MZB_LO_74","Gip8","Oiartzun",43.28399,-1.818153,1996,2021,26,24,"second data call; new data","Spain","Aitor Larrañaga","ESP_034_MZB_LO",106.556943243836,"c(""ESP_034_MZB_LO_152"", ""ESP_034_MZB_LO_283"", ""ESP_034_MZB_LO_31"", ""ESP_034_MZB_LO_74"")","within_100m_to_1000m",4,35,1,25,1,"remove","remove","remove"
"202",15,"ESP_034_MZB_LO_152","103000592","Oiartzun",43.2813632,-1.8203729,2002,2016,15,8,"first call; data Ellen used","Spain","Aitor Larrañaga","ESP_034_MZB_LO",228.50746831896,"c(""ESP_034_MZB_LO_152"", ""ESP_034_MZB_LO_283"", ""ESP_034_MZB_LO_31"", ""ESP_034_MZB_LO_74"")","within_100m_to_1000m",4,35,1,25,1,"remove","remove","remove"
"203",15,"ESP_034_MZB_LO_283","BC115","Oiartzun",43.2813632,-1.8203729,2002,2022,21,10,"second data call; new data","Spain","Aitor Larrañaga","ESP_034_MZB_LO",228.50746831896,"c(""ESP_034_MZB_LO_152"", ""ESP_034_MZB_LO_283"", ""ESP_034_MZB_LO_31"", ""ESP_034_MZB_LO_74"")","within_100m_to_1000m",4,35,1,25,1,"remove","remove","remove"
"204",16,"ESP_034_MZB_LO_33","Gip39","Oiartzun",43.30039,-1.874856,1987,2021,35,25,"second data call; new data","Spain","Aitor Larrañaga","ESP_034_MZB_LO",0,"c(""ESP_034_MZB_LO_109"", ""ESP_034_MZB_LO_33"", ""ESP_034_MZB_LO_366"")","within_100m_to_1000m",3,35,1,25,1,"keep","keep","remove"
"205",16,"ESP_034_MZB_LO_109","103000549","Oiartzun",43.3033912,-1.8853049,1993,2019,27,27,"first call; data Ellen used","Spain","Aitor Larrañaga","ESP_034_MZB_LO",886.991224957657,"c(""ESP_034_MZB_LO_109"", ""ESP_034_MZB_LO_33"", ""ESP_034_MZB_LO_366"")","within_100m_to_1000m",3,35,1,25,1,"remove","remove","remove"
"206",18,"ESP_034_MZB_LO_336","BC174","O√±ati",43.0646151,-2.4425529,1997,2022,26,26,"second data call; new data","Spain","Aitor Larrañaga","ESP_034_MZB_LO",412.169349760524,"c(""ESP_034_MZB_LO_195"", ""ESP_034_MZB_LO_336"", ""ESP_034_MZB_LO_37"")","within_100m_to_1000m",1,26,1,26,1,"keep","keep","remove"
"207",19,"ESP_034_MZB_LO_170","103000610","Deba",43.0814872,-2.4474737,2002,2019,18,18,"first call; data Ellen used","Spain","Aitor Larrañaga","ESP_034_MZB_LO",172.950157993354,"c(""ESP_034_MZB_LO_11"", ""ESP_034_MZB_LO_170"", ""ESP_034_MZB_LO_305"", ""ESP_034_MZB_LO_38"")","within_100m_to_1000m",4,35,2,25,2,"remove","remove","remove"
"208",19,"ESP_034_MZB_LO_305","BC137","Deba",43.0814872,-2.4474737,2002,2021,20,20,"second data call; new data","Spain","Aitor Larrañaga","ESP_034_MZB_LO",172.950157993354,"c(""ESP_034_MZB_LO_11"", ""ESP_034_MZB_LO_170"", ""ESP_034_MZB_LO_305"", ""ESP_034_MZB_LO_38"")","within_100m_to_1000m",4,35,2,25,2,"remove","remove","remove"
"209",20,"ESP_034_MZB_LO_174","103000614","Oria",43.0217141,-2.2418122,2004,2019,16,16,"first call; data Ellen used","Spain","Aitor Larrañaga","ESP_034_MZB_LO",764.439420509321,"c(""ESP_034_MZB_LO_174"", ""ESP_034_MZB_LO_311"", ""ESP_034_MZB_LO_40"")","within_100m_to_1000m",3,33,1,31,1,"remove","remove","remove"
"210",20,"ESP_034_MZB_LO_311","BC143","Oria",43.0217141,-2.2418122,2004,2022,19,19,"second data call; new data","Spain","Aitor Larrañaga","ESP_034_MZB_LO",764.439420509321,"c(""ESP_034_MZB_LO_174"", ""ESP_034_MZB_LO_311"", ""ESP_034_MZB_LO_40"")","within_100m_to_1000m",3,33,1,31,1,"remove","remove","remove"
"211",21,"ESP_034_MZB_LO_42","Gip47","Oria",43.04932,-2.209168,2003,2016,14,14,"second data call; new data","Spain","Aitor Larrañaga","ESP_034_MZB_LO",0,"c(""ESP_034_MZB_LO_25"", ""ESP_034_MZB_LO_348"", ""ESP_034_MZB_LO_42"", ""ESP_034_MZB_LO_93"")","within_100m_to_1000m",2,26,1,24,1,"remove","remove","remove"
"212",21,"ESP_034_MZB_LO_93","103000533","Estanda",43.0504046,-2.2191363,2002,2019,18,18,"first call; data Ellen used","Spain","Aitor Larrañaga","ESP_034_MZB_LO",799.822465732361,"c(""ESP_034_MZB_LO_25"", ""ESP_034_MZB_LO_348"", ""ESP_034_MZB_LO_42"", ""ESP_034_MZB_LO_93"")","within_100m_to_1000m",2,21,1,21,1,"remove","remove","remove"
"213",22,"ESP_034_MZB_LO_159","103000599","Oria",43.0573502,-2.1733788,2007,2019,13,13,"first call; data Ellen used","Spain","Aitor Larrañaga","ESP_034_MZB_LO",979.189901583896,"c(""ESP_034_MZB_LO_159"", ""ESP_034_MZB_LO_291"", ""ESP_034_MZB_LO_43"")","within_100m_to_1000m",3,35,1,31,1,"remove","remove","remove"
"214",22,"ESP_034_MZB_LO_291","BC122","Oria",43.0573502,-2.1733788,2007,2022,16,15,"second data call; new data","Spain","Aitor Larrañaga","ESP_034_MZB_LO",979.189901583896,"c(""ESP_034_MZB_LO_159"", ""ESP_034_MZB_LO_291"", ""ESP_034_MZB_LO_43"")","within_100m_to_1000m",3,35,1,31,1,"remove","remove","remove"
"215",24,"ESP_034_MZB_LO_127","103000567","Oria",43.1668333,-2.0715202,1993,2019,27,16,"first call; data Ellen used","Spain","Aitor Larrañaga","ESP_034_MZB_LO",279.653252596884,"c(""ESP_034_MZB_LO_127"", ""ESP_034_MZB_LO_48"")","within_100m_to_1000m",2,35,1,32,1,"remove","remove","remove"
"216",25,"ESP_034_MZB_LO_135","103000575","Oria",43.2711862,-2.056947,2002,2019,18,17,"first call; data Ellen used","Spain","Aitor Larrañaga","ESP_034_MZB_LO",380.807978375228,"c(""ESP_034_MZB_LO_135"", ""ESP_034_MZB_LO_390"", ""ESP_034_MZB_LO_50"")","within_100m_to_1000m",3,35,1,32,1,"remove","remove","remove"
"217",25,"ESP_034_MZB_LO_390","BC92","Oria",43.2711862,-2.056947,2002,2021,20,19,"second data call; new data","Spain","Aitor Larrañaga","ESP_034_MZB_LO",380.807978375228,"c(""ESP_034_MZB_LO_135"", ""ESP_034_MZB_LO_390"", ""ESP_034_MZB_LO_50"")","within_100m_to_1000m",3,35,1,32,1,"remove","remove","remove"
"218",27,"ESP_034_MZB_LO_4","Gip12","Urola",43.01862,-2.333612,1996,2021,26,24,"second data call; new data","Spain","Aitor Larrañaga","ESP_034_MZB_LO",536.293114538163,"c(""ESP_034_MZB_LO_100"", ""ESP_034_MZB_LO_354"", ""ESP_034_MZB_LO_4"", ""ESP_034_MZB_LO_54"")","within_100m_to_1000m",4,35,1,25,1,"remove","remove","remove"
"219",27,"ESP_034_MZB_LO_100","103000540","Urola",43.0067008,-2.3295061,2002,2018,17,11,"first call; data Ellen used","Spain","Aitor Larrañaga","ESP_034_MZB_LO",794.606001291713,"c(""ESP_034_MZB_LO_100"", ""ESP_034_MZB_LO_354"", ""ESP_034_MZB_LO_4"", ""ESP_034_MZB_LO_54"")","within_100m_to_1000m",4,35,1,25,1,"remove","remove","remove"
"220",27,"ESP_034_MZB_LO_354","BC39","Urola",43.0067008,-2.3295061,2002,2020,19,12,"second data call; new data","Spain","Aitor Larrañaga","ESP_034_MZB_LO",794.606001291713,"c(""ESP_034_MZB_LO_100"", ""ESP_034_MZB_LO_354"", ""ESP_034_MZB_LO_4"", ""ESP_034_MZB_LO_54"")","within_100m_to_1000m",4,35,1,25,1,"remove","remove","remove"
"221",28,"ESP_034_MZB_LO_137","103000577","Urola",43.0725695,-2.3305818,1997,2019,23,22,"first call; data Ellen used","Spain","Aitor Larrañaga","ESP_034_MZB_LO",223.468616234975,"c(""ESP_034_MZB_LO_137"", ""ESP_034_MZB_LO_392"", ""ESP_034_MZB_LO_57"")","within_100m_to_1000m",3,31,1,25,1,"remove","remove","remove"
"222",28,"ESP_034_MZB_LO_392","BC94","Urola",43.0725695,-2.3305818,1997,2021,25,24,"second data call; new data","Spain","Aitor Larrañaga","ESP_034_MZB_LO",223.468616234975,"c(""ESP_034_MZB_LO_137"", ""ESP_034_MZB_LO_392"", ""ESP_034_MZB_LO_57"")","within_100m_to_1000m",3,31,1,25,1,"remove","remove","remove"
"223",29,"ESP_034_MZB_LO_58","Gip61","Urola",43.10386,-2.316059,2000,2017,18,17,"second data call; new data","Spain","Aitor Larrañaga","ESP_034_MZB_LO",0,"c(""ESP_034_MZB_LO_184"", ""ESP_034_MZB_LO_325"", ""ESP_034_MZB_LO_58"", ""ESP_034_MZB_LO_59"")","within_100m_to_1000m",4,31,1,23,1,"remove","remove","remove"
"224",29,"ESP_034_MZB_LO_184","103000624","Urola",43.1085381,-2.3188706,2007,2019,13,13,"first call; data Ellen used","Spain","Aitor Larrañaga","ESP_034_MZB_LO",553.118793155109,"c(""ESP_034_MZB_LO_184"", ""ESP_034_MZB_LO_325"", ""ESP_034_MZB_LO_58"", ""ESP_034_MZB_LO_59"")","within_100m_to_1000m",4,31,1,23,1,"remove","remove","remove"
"225",29,"ESP_034_MZB_LO_325","BC160","Urola",43.1085381,-2.3188706,2007,2021,15,15,"second data call; new data","Spain","Aitor Larrañaga","ESP_034_MZB_LO",553.118793155109,"c(""ESP_034_MZB_LO_184"", ""ESP_034_MZB_LO_325"", ""ESP_034_MZB_LO_58"", ""ESP_034_MZB_LO_59"")","within_100m_to_1000m",4,31,1,23,1,"remove","remove","remove"
"226",31,"ESP_034_MZB_LO_60","Gip63","Urola",43.13403,-2.350034,1996,2021,26,24,"second data call; new data","Spain","Aitor Larrañaga","ESP_034_MZB_LO",0,"c(""ESP_034_MZB_LO_339"", ""ESP_034_MZB_LO_60"", ""ESP_034_MZB_LO_76"")","within_100m_to_1000m",3,29,1,27,1,"remove","remove","remove"
"227",31,"ESP_034_MZB_LO_76","103000516","Urola",43.1323467,-2.3513851,1993,2019,27,25,"first call; data Ellen used","Spain","Aitor Larrañaga","ESP_034_MZB_LO",211.276362279679,"c(""ESP_034_MZB_LO_339"", ""ESP_034_MZB_LO_60"", ""ESP_034_MZB_LO_76"")","within_100m_to_1000m",3,29,1,27,1,"remove","remove","remove"
"228",31,"ESP_034_MZB_LO_339","BC2","Urola",43.1323467,-2.3513851,1993,2021,29,27,"second data call; new data","Spain","Aitor Larrañaga","ESP_034_MZB_LO",211.276362279679,"c(""ESP_034_MZB_LO_339"", ""ESP_034_MZB_LO_60"", ""ESP_034_MZB_LO_76"")","within_100m_to_1000m",3,29,1,27,1,"keep","keep","remove"
"229",32,"ESP_034_MZB_LO_191","103000631","Urola",43.2256554,-2.2582403,2007,2019,13,13,"first call; data Ellen used","Spain","Aitor Larrañaga","ESP_034_MZB_LO",227.299575019723,"c(""ESP_034_MZB_LO_191"", ""ESP_034_MZB_LO_331"", ""ESP_034_MZB_LO_64"")","within_100m_to_1000m",3,29,1,27,1,"remove","remove","remove"
"230",32,"ESP_034_MZB_LO_331","BC168","Urola",43.2256554,-2.2582403,2007,2022,16,16,"second data call; new data","Spain","Aitor Larrañaga","ESP_034_MZB_LO",227.299575019723,"c(""ESP_034_MZB_LO_191"", ""ESP_034_MZB_LO_331"", ""ESP_034_MZB_LO_64"")","within_100m_to_1000m",3,29,1,27,1,"remove","remove","remove"
"231",33,"ESP_034_MZB_LO_67","Gip7","Oria",43.12746,-2.078432,1996,2021,26,24,"second data call; new data","Spain","Aitor Larrañaga","ESP_034_MZB_LO",0,"c(""ESP_034_MZB_LO_315"", ""ESP_034_MZB_LO_47"", ""ESP_034_MZB_LO_5"", ""ESP_034_MZB_LO_67"")","within_100m_to_1000m",3,35,2,28,1,"remove","remove","remove"
"232",33,"ESP_034_MZB_LO_5","Gip13","Oria",43.13183952,-2.069140446,1987,2021,35,25,"second data call; new data","Spain","Aitor Larrañaga","ESP_034_MZB_LO",875.667880432391,"c(""ESP_034_MZB_LO_315"", ""ESP_034_MZB_LO_47"", ""ESP_034_MZB_LO_5"", ""ESP_034_MZB_LO_67"")","within_100m_to_1000m",3,35,2,28,1,"remove","remove","remove"
"233",37,"ESP_034_MZB_LO_77","103000517","Larraondo",43.2630482,-2.275948,2007,2018,12,11,"first call; data Ellen used","Spain","Aitor Larrañaga","ESP_034_MZB_LO",0,"c(""ESP_034_MZB_LO_346"", ""ESP_034_MZB_LO_77"")","within_100m_to_1000m",2,14,1,12,1,"remove","remove","remove"
"234",42,"ESP_034_MZB_LO_109","103000549","Oiartzun",43.3033912,-1.8853049,1993,2019,27,27,"first call; data Ellen used","Spain","Aitor Larrañaga","ESP_034_MZB_LO",0,"c(""ESP_034_MZB_LO_109"", ""ESP_034_MZB_LO_26"", ""ESP_034_MZB_LO_33"", ""ESP_034_MZB_LO_35"")","within_100m_to_1000m",4,35,2,32,1,"remove","remove","remove"
"235",42,"ESP_034_MZB_LO_26","Gip32","Oiartzun",43.31027562,-1.88159135,1999,2021,23,18,"second data call; new data","Spain","Aitor Larrañaga","ESP_034_MZB_LO",800.348192917368,"c(""ESP_034_MZB_LO_109"", ""ESP_034_MZB_LO_26"", ""ESP_034_MZB_LO_33"", ""ESP_034_MZB_LO_35"")","within_100m_to_1000m",4,35,2,32,1,"remove","remove","remove"
"236",42,"ESP_034_MZB_LO_33","Gip39","Oiartzun",43.30039,-1.874856,1987,2021,35,25,"second data call; new data","Spain","Aitor Larrañaga","ESP_034_MZB_LO",886.991224957657,"c(""ESP_034_MZB_LO_109"", ""ESP_034_MZB_LO_26"", ""ESP_034_MZB_LO_33"", ""ESP_034_MZB_LO_35"")","within_100m_to_1000m",4,35,2,32,1,"remove","remove","remove"
"237",71,"ESP_034_MZB_LO_355","BC4","Mape",43.365167,-2.7103575,1999,2013,15,6,"second data call; new data","Spain","Aitor Larrañaga","ESP_034_MZB_LO",0,"c(""ESP_034_MZB_LO_169"", ""ESP_034_MZB_LO_304"", ""ESP_034_MZB_LO_355"")","within_100m_to_1000m",3,23,1,21,1,"remove","remove","remove"
"238",71,"ESP_034_MZB_LO_169","103000609","Mape",43.3670659,-2.702943,1999,2019,21,19,"first call; data Ellen used","Spain","Aitor Larrañaga","ESP_034_MZB_LO",620.039658904099,"c(""ESP_034_MZB_LO_169"", ""ESP_034_MZB_LO_304"", ""ESP_034_MZB_LO_355"")","within_100m_to_1000m",3,23,1,21,1,"remove","remove","remove"
"239",73,"ESP_034_MZB_LO_26","Gip32","Oiartzun",43.31027562,-1.88159135,1999,2021,23,18,"second data call; new data","Spain","Aitor Larrañaga","ESP_034_MZB_LO",800.348192917368,"c(""ESP_034_MZB_LO_26"", ""ESP_034_MZB_LO_33"", ""ESP_034_MZB_LO_35"", ""ESP_034_MZB_LO_366"")","within_100m_to_1000m",4,35,2,32,1,"remove","remove","remove"
"240",73,"ESP_034_MZB_LO_33","Gip39","Oiartzun",43.30039,-1.874856,1987,2021,35,25,"second data call; new data","Spain","Aitor Larrañaga","ESP_034_MZB_LO",886.991224957657,"c(""ESP_034_MZB_LO_26"", ""ESP_034_MZB_LO_33"", ""ESP_034_MZB_LO_35"", ""ESP_034_MZB_LO_366"")","within_100m_to_1000m",4,35,2,32,1,"remove","remove","remove"
"241",3,"ESP_045_MZB_LO_45","EGA146","EGA",42.6286778,-2.467228,1993,2006,14,14,"second data call; new data","Spain","Alfredo Llorente","ESP_045_MZB_LO",759.88032934994,"c(""ESP_045_MZB_LO_44"", ""ESP_045_MZB_LO_45"")","within_100m_to_1000m",2,18,1,18,1,"remove","remove","remove"
"242",5,"ESP_045_MZB_LO_107","OIA095","OIARTZUN",43.2985117,-1.8761971,2015,2024,10,10,"second data call; new data","Spain","Alfredo Llorente","ESP_045_MZB_LO",0,"c(""ESP_045_MZB_LO_107"", ""ESP_045_MZB_LO_108"")","within_100m_to_1000m",2,32,1,32,1,"remove","remove","remove"
"243",7,"ESP_045_MZB_LO_113","OKM040","MAPE",43.365167,-2.7103575,1999,2013,15,7,"second data call; new data","Spain","Alfredo Llorente","ESP_045_MZB_LO",0,"c(""ESP_045_MZB_LO_113"", ""ESP_045_MZB_LO_114"")","within_100m_to_1000m",2,26,1,25,1,"remove","remove","remove"
"244",9,"ESP_045_MZB_LO_150","URU288","URUMEA",43.2241467,-1.9243551,2013,2024,12,11,"second data call; new data","Spain","Alfredo Llorente","ESP_045_MZB_LO",0,"c(""ESP_045_MZB_LO_150"", ""ESP_045_MZB_LO_151"")","within_100m_to_1000m",2,14,1,14,1,"remove","remove","remove"
"245",2,"FIN_004_MZB_LO_52","S055","Vanjoki",60.516866,24.227676,1998,2021,24,7,"second data call; new data","Finland","Jukka Aroviita","FIN_004_MZB_LO",0,"c(""FIN_004_MZB_LO_51"", ""FIN_004_MZB_LO_52"", ""FIN_004_MZB_LO_53"")","within_100m_to_1000m",3,24,3,8,1,"remove","remove","remove"
"246",2,"FIN_004_MZB_LO_51","S054","Vanjoki",60.525018,24.229293,1998,2021,24,7,"second data call; new data","Finland","Jukka Aroviita","FIN_004_MZB_LO",895.032735845211,"c(""FIN_004_MZB_LO_51"", ""FIN_004_MZB_LO_52"", ""FIN_004_MZB_LO_53"")","within_100m_to_1000m",3,24,3,8,1,"remove","remove","remove"
"247",1,"FRA_014_MZB_LO_2","svd","Rhone",45.8323815,5.299435,1999,2014,16,16,"first call; data Ellen used","France","Maxence Forcellini","FRA_014_MZB_LO",489.501520090394,"c(""FRA_014_MZB_LO_1"", ""FRA_014_MZB_LO_2"")","within_100m_to_1000m",2,35,1,35,1,"remove","remove","remove"
"248",1,"GER_018_MZB_LO_15","NW_320912","Rhein",51.40806105,6.74295094,1971,1991,21,19,"first call; data Ellen used","Germany","Ralf Schäfer","GER_018_MZB_LO",0,"c(""GER_018_MZB_LO_103"", ""GER_018_MZB_LO_15"")","within_100m_to_1000m",2,24,1,22,1,"remove","remove","remove"
"249",2,"GER_018_MZB_LO_16","NW_13067","Rhein",51.02497568,6.971530217,1968,2012,45,32,"first call; data Ellen used","Germany","Ralf Schäfer","GER_018_MZB_LO",0,"c(""GER_018_MZB_LO_16"", ""GER_018_MZB_LO_80"")","within_100m_to_1000m",2,45,2,35,1,"remove","remove","remove"
"250",3,"GER_018_MZB_LO_75","NW_13043","Rhein",50.89400641,7.008555044,1969,2012,44,33,"first call; data Ellen used","Germany","Ralf Schäfer","GER_018_MZB_LO",214.411745733448,"c(""GER_018_MZB_LO_17"", ""GER_018_MZB_LO_75"")","within_100m_to_1000m",2,44,2,36,1,"remove","remove","remove"
"251",4,"GER_018_MZB_LO_132","RP_2679875000","Moselle",49.95185878,7.015385568,1982,1999,18,11,"first call; data Ellen used","Germany","Ralf Schäfer","GER_018_MZB_LO",721.534077191679,"c(""GER_018_MZB_LO_132"", ""GER_018_MZB_LO_23"")","within_100m_to_1000m",2,18,2,12,1,"remove","remove","remove"
"252",6,"GER_018_MZB_LO_26","RP_2699890900","Moselle",50.367757,7.568814625,1982,2003,22,18,"first call; data Ellen used","Germany","Ralf Schäfer","GER_018_MZB_LO",0,"c(""GER_018_MZB_LO_140"", ""GER_018_MZB_LO_26"")","within_100m_to_1000m",2,27,1,19,1,"remove","remove","remove"
"253",1,"GER_020_MZB_LO_1","108000153","Thranenbach",49.7059166666666,7.10108333333333,1986,2005,20,10,"first call; data Ellen used","Germany","Stefan Stoll","GER_020_MZB_LO",0,"c(""GER_020_MZB_LO_1"", ""GER_020_MZB_LO_2"")","within_100m_to_1000m",2,21,1,13,1,"remove","remove","remove"
"254",35,"GER_070_MZB_LO_143","NRW_212301","Suelz",50.8583062548336,7.21570666891367,2008,2019,12,5,"new data call","Germany","Landesamt für Natur, Umwelt und Klima Nordrhein-Westfalen (LANUK)","GER_070_MZB_LO",683.856622437211,"c(""GER_070_MZB_LO_140"", ""GER_070_MZB_LO_141"", ""GER_070_MZB_LO_142"", ""GER_070_MZB_LO_143"")","within_100m_to_1000m",4,12,4,7,3,"remove","remove","remove"
"255",10,"GER_071_MZB_LO_12","SH_123704","Schafflunder Muehlenstrom",54.747486892,9.1180991878,2009,2020,12,6,"new data call","Germany","Landesamt für Umwelt (Schleswig-Holstein) (LfU)","GER_071_MZB_LO",0,"c(""GER_071_MZB_LO_11"", ""GER_071_MZB_LO_12"", ""GER_071_MZB_LO_9"")","within_100m_to_1000m",3,12,3,7,1,"remove","remove","remove"
"256",10,"GER_071_MZB_LO_11","SH_123702","Schafflunder Muehlenstrom",54.749266282,9.1269909393,2009,2020,12,6,"new data call","Germany","Landesamt für Umwelt (Schleswig-Holstein) (LfU)","GER_071_MZB_LO",586.442796581233,"c(""GER_071_MZB_LO_11"", ""GER_071_MZB_LO_12"", ""GER_071_MZB_LO_9"")","within_100m_to_1000m",3,12,3,7,1,"remove","remove","remove"
"257",11,"GER_071_MZB_LO_14","SH_126616","Schwartau",53.9351497467,10.7095314323,2010,2020,11,5,"new data call","Germany","Landesamt für Umwelt (Schleswig-Holstein) (LfU)","GER_071_MZB_LO",904.232034753489,"c(""GER_071_MZB_LO_13"", ""GER_071_MZB_LO_14"", ""GER_071_MZB_LO_16"")","within_100m_to_1000m",3,13,1,12,1,"remove","remove","remove"
"258",11,"GER_071_MZB_LO_16","SH_127134","Schwartau",53.9376329016,10.7049558373,2010,2020,11,6,"new data call","Germany","Landesamt für Umwelt (Schleswig-Holstein) (LfU)","GER_071_MZB_LO",909.551060040909,"c(""GER_071_MZB_LO_13"", ""GER_071_MZB_LO_14"", ""GER_071_MZB_LO_16"")","within_100m_to_1000m",3,13,1,12,1,"remove","remove","remove"
"259",3,"GER_073_MZB_LO_58","ST_410021","Elbe",52.0649048463425,11.6832546930507,2008,2019,12,8,"new data call","Germany","Landesamt für Umweltschutz (Sachsen-Anhalt) (LAU)","GER_073_MZB_LO",195.386770748043,"c(""GER_073_MZB_LO_57"", ""GER_073_MZB_LO_58"")","within_100m_to_1000m",2,14,1,10,1,"remove","remove","remove"
"260",12,"IRL_051_MZB_LO_120","IR0120","LIFFEY",53.1356112,-6.6229486,2010,2022,13,5,"second data call; new data","Ireland","Hugh B. Feeley","IRL_051_MZB_LO",770.307361580958,"c(""IRL_051_MZB_LO_119"", ""IRL_051_MZB_LO_120"")","within_100m_to_1000m",2,13,2,6,1,"remove","remove","remove"
"261",23,"IRL_051_MZB_LO_179","IR0179","AUGHBOY (WEXFORD)",52.6383929,-6.2345273,2007,2018,12,6,"second data call; new data","Ireland","Hugh B. Feeley","IRL_051_MZB_LO",256.310621465406,"c(""IRL_051_MZB_LO_178"", ""IRL_051_MZB_LO_179"")","within_100m_to_1000m",2,16,1,6,1,"remove","remove","remove"
"262",35,"IRL_051_MZB_LO_216","IR0216","COOLBOY",52.7635854,-6.4616184,2010,2023,14,5,"second data call; new data","Ireland","Hugh B. Feeley","IRL_051_MZB_LO",939.998802466205,"c(""IRL_051_MZB_LO_215"", ""IRL_051_MZB_LO_216"")","within_100m_to_1000m",2,17,1,5,1,"remove","remove","remove"
"263",46,"IRL_051_MZB_LO_250","IR0250","ROSNASTRAW STREAM",52.7779036,-6.4279946,2010,2022,13,5,"second data call; new data","Ireland","Hugh B. Feeley","IRL_051_MZB_LO",0,"c(""IRL_051_MZB_LO_250"", ""IRL_051_MZB_LO_251"")","within_100m_to_1000m",2,17,1,5,1,"remove","remove","remove"
"264",95,"IRL_051_MZB_LO_643","IR0643","FOHERISH",51.9809181,-9.0488826,2011,2023,13,7,"second data call; new data","Ireland","Hugh B. Feeley","IRL_051_MZB_LO",0,"c(""IRL_051_MZB_LO_643"", ""IRL_051_MZB_LO_648"", ""IRL_051_MZB_LO_649"")","within_100m_to_1000m",1,13,1,7,1,"keep","keep","remove"
"265",96,"IRL_051_MZB_LO_643","IR0643","FOHERISH",51.9809181,-9.0488826,2011,2023,13,7,"second data call; new data","Ireland","Hugh B. Feeley","IRL_051_MZB_LO",903.63997803565,"c(""IRL_051_MZB_LO_642"", ""IRL_051_MZB_LO_643"", ""IRL_051_MZB_LO_648"")","within_100m_to_1000m",2,16,1,7,1,"remove","remove","remove"
"266",153,"IRL_051_MZB_LO_942","IR0942","GRANEY (SHANNON)",52.9087221,-8.545599,2012,2023,12,5,"second data call; new data","Ireland","Hugh B. Feeley","IRL_051_MZB_LO",774.533530072355,"c(""IRL_051_MZB_LO_942"", ""IRL_051_MZB_LO_943"", ""IRL_051_MZB_LO_996"")","within_100m_to_1000m",2,15,1,6,1,"remove","remove","remove"
"267",226,"IRL_051_MZB_LO_1526","IR1526","ANNALEE",54.0380309,-7.3851558,2010,2022,13,5,"second data call; new data","Ireland","Hugh B. Feeley","IRL_051_MZB_LO",0,"c(""IRL_051_MZB_LO_1526"", ""IRL_051_MZB_LO_1527"", ""IRL_051_MZB_LO_1544"")","within_100m_to_1000m",2,14,1,6,1,"remove","remove","remove"
"268",238,"IRL_051_MZB_LO_1606","IR1606","BALLAGHDOO",54.6581077,-8.5794371,2008,2022,15,5,"second data call; new data","Ireland","Hugh B. Feeley","IRL_051_MZB_LO",655.744547282401,"c(""IRL_051_MZB_LO_1605"", ""IRL_051_MZB_LO_1606"")","within_100m_to_1000m",2,15,2,6,1,"remove","remove","remove"
"269",244,"IRL_051_MZB_LO_1622","IR1622","GLENADDRAGH",54.6306296,-8.5775223,2008,2022,15,5,"second data call; new data","Ireland","Hugh B. Feeley","IRL_051_MZB_LO",989.49562554318,"c(""IRL_051_MZB_LO_1622"", ""IRL_051_MZB_LO_1623"", ""IRL_051_MZB_LO_1624"")","within_100m_to_1000m",3,15,2,6,1,"remove","remove","remove"
"270",244,"IRL_051_MZB_LO_1624","IR1624","GLENADDRAGH",54.6291883,-8.5984427,2010,2022,13,5,"second data call; new data","Ireland","Hugh B. Feeley","IRL_051_MZB_LO",411.13711774767,"c(""IRL_051_MZB_LO_1622"", ""IRL_051_MZB_LO_1623"", ""IRL_051_MZB_LO_1624"")","within_100m_to_1000m",3,15,2,6,1,"remove","remove","remove"
"271",245,"IRL_051_MZB_LO_1624","IR1624","GLENADDRAGH",54.6291883,-8.5984427,2010,2022,13,5,"second data call; new data","Ireland","Hugh B. Feeley","IRL_051_MZB_LO",0,"c(""IRL_051_MZB_LO_1608"", ""IRL_051_MZB_LO_1623"", ""IRL_051_MZB_LO_1624"")","within_100m_to_1000m",2,15,1,6,1,"remove","remove","remove"
"272",4,"NOR_054_MZB_LO_41","Station 11","Vikedal",59.54897,5.99821,2004,2020,17,16,"first call; data Ellen used","Norway","Gaute Velle","NOR_054_MZB_LO",0,"c(""NOR_054_MZB_LO_15"", ""NOR_054_MZB_LO_41"", ""NOR_054_MZB_LO_5"", ""NOR_054_MZB_LO_50"", ""NOR_054_MZB_LO_51"", ""NOR_054_MZB_LO_60"")","within_100m_to_1000m",4,18,2,15,1,"remove","remove","remove"
"273",4,"NOR_054_MZB_LO_50","St. 10 Vikedalselv utløp Fjellgardssvatn","Vikedal",59.55499,5.99818,2003,2020,18,13,"first call; data Ellen used","Norway","Gaute Velle","NOR_054_MZB_LO",655.702631445942,"c(""NOR_054_MZB_LO_15"", ""NOR_054_MZB_LO_41"", ""NOR_054_MZB_LO_5"", ""NOR_054_MZB_LO_50"", ""NOR_054_MZB_LO_51"", ""NOR_054_MZB_LO_60"")","within_100m_to_1000m",4,18,2,15,1,"remove","remove","remove"
"274",4,"NOR_054_MZB_LO_51","St. 12 Elv fra Røyravatn","Vikedal",59.54302,5.99982,2003,2014,12,8,"first call; data Ellen used","Norway","Gaute Velle","NOR_054_MZB_LO",654.151274412736,"c(""NOR_054_MZB_LO_15"", ""NOR_054_MZB_LO_41"", ""NOR_054_MZB_LO_5"", ""NOR_054_MZB_LO_50"", ""NOR_054_MZB_LO_51"", ""NOR_054_MZB_LO_60"")","within_100m_to_1000m",4,18,2,15,1,"remove","remove","remove"
"275",5,"NOR_054_MZB_LO_45","St. 4 utløp Saudlandsvatn","Farsund",58.1994906,6.76873976,2003,2020,18,13,"first call; data Ellen used","Norway","Gaute Velle","NOR_054_MZB_LO",0,"c(""NOR_054_MZB_LO_45"", ""NOR_054_MZB_LO_46"", ""NOR_054_MZB_LO_47"", ""NOR_054_MZB_LO_48"")","within_100m_to_1000m",4,18,4,18,3,"remove","remove","remove"
"276",6,"NOR_054_MZB_LO_45","St. 4 utløp Saudlandsvatn","Farsund",58.1994906,6.76873976,2003,2020,18,13,"first call; data Ellen used","Norway","Gaute Velle","NOR_054_MZB_LO",858.36218961215,"c(""NOR_054_MZB_LO_16"", ""NOR_054_MZB_LO_45"", ""NOR_054_MZB_LO_46"")","within_100m_to_1000m",2,18,2,18,1,"remove","remove","remove"
"277",7,"NOR_054_MZB_LO_47","St. 6 innløp Saudlandsvatn v/ eplehage","Farsund",58.20641722,6.75998163,2003,2020,18,18,"first call; data Ellen used","Norway","Gaute Velle","NOR_054_MZB_LO",0,"c(""NOR_054_MZB_LO_16"", ""NOR_054_MZB_LO_45"", ""NOR_054_MZB_LO_47"")","within_100m_to_1000m",2,18,2,18,1,"keep","keep","remove"
"278",7,"NOR_054_MZB_LO_45","St. 4 utløp Saudlandsvatn","Farsund",58.1994906,6.76873976,2003,2020,18,13,"first call; data Ellen used","Norway","Gaute Velle","NOR_054_MZB_LO",903.564543227543,"c(""NOR_054_MZB_LO_16"", ""NOR_054_MZB_LO_45"", ""NOR_054_MZB_LO_47"")","within_100m_to_1000m",2,18,2,18,1,"remove","remove","remove"
"279",8,"NOR_054_MZB_LO_48","St. 7 Innløp Saudlandsvatn v/ kanal","Farsund",58.20634127,6.75923746,2003,2020,18,18,"first call; data Ellen used","Norway","Gaute Velle","NOR_054_MZB_LO",0,"c(""NOR_054_MZB_LO_16"", ""NOR_054_MZB_LO_45"", ""NOR_054_MZB_LO_48"")","within_100m_to_1000m",2,18,2,18,1,"keep","keep","remove"
"280",8,"NOR_054_MZB_LO_45","St. 4 utløp Saudlandsvatn","Farsund",58.1994906,6.76873976,2003,2020,18,13,"first call; data Ellen used","Norway","Gaute Velle","NOR_054_MZB_LO",921.243947627468,"c(""NOR_054_MZB_LO_16"", ""NOR_054_MZB_LO_45"", ""NOR_054_MZB_LO_48"")","within_100m_to_1000m",2,18,2,18,1,"remove","remove","remove"
"281",13,"NOR_054_MZB_LO_55","St. 4 Bekk ved Roaldkvam","Vikedal",59.5717,6.05277,2011,2020,10,10,"first call; data Ellen used","Norway","Gaute Velle","NOR_054_MZB_LO",0,"c(""NOR_054_MZB_LO_55"", ""NOR_054_MZB_LO_56"", ""NOR_054_MZB_LO_57"")","within_100m_to_1000m",3,18,2,15,2,"remove","remove","remove"
"282",23,"NOR_054_MZB_LO_73","St. 12 Nausta ved Ullaland","Nausta",61.56965019,5.79279755,2005,2019,15,8,"first call; data Ellen used","Norway","Gaute Velle","NOR_054_MZB_LO",0,"c(""NOR_054_MZB_LO_73"", ""NOR_054_MZB_LO_74"")","within_100m_to_1000m",2,17,1,9,1,"remove","remove","remove"
"283",18,"SCO_061_MZB_LO_341","4638","River Forth",56.1360935,-3.9702266,2007,2016,10,10,"second data call; new data","Scotland","Cathy Bennett","SCO_061_MZB_LO",650.449117980519,"c(""SCO_061_MZB_LO_233"", ""SCO_061_MZB_LO_341"")","within_100m_to_1000m",2,13,1,8,1,"remove","remove","remove"
"284",43,"SCO_061_MZB_LO_929","121744","Easan Biorach",55.702069,-5.2824938,2006,2018,13,10,"second data call; new data","Scotland","Cathy Bennett","SCO_061_MZB_LO",0,"c(""SCO_061_MZB_LO_1093"", ""SCO_061_MZB_LO_929"")","within_100m_to_1000m",2,13,2,11,1,"remove","remove","remove"
"285",15,"ENG_062_MZB_LO_1211","42119","BOURNE RIVULET",51.236761189,-1.384726197,2003,2017,15,8,"second data call; new data","England","James Sinclair","ENG_062_MZB_LO",0,"c(""ENG_062_MZB_LO_1211"", ""ENG_062_MZB_LO_1382"")","within_100m",2,15,2,8,2,"tied - check manually","remove","remove"
"286",15,"ENG_062_MZB_LO_1382","43637","BOURNE RIVULET",51.2367687039,-1.386158515,2003,2017,15,8,"second data call; new data","England","James Sinclair","ENG_062_MZB_LO",96.5996247209442,"c(""ENG_062_MZB_LO_1211"", ""ENG_062_MZB_LO_1382"")","within_100m",2,15,2,8,2,"tied - check manually","remove","remove"
"287",3,"GER_018_MZB_LO_129","RP_2673820500","Moselle",49.81503829,6.842953823,1982,2003,22,12,"first call; data Ellen used","Germany","Ralf Schäfer","GER_018_MZB_LO",49.4613615704649,"c(""GER_018_MZB_LO_129"", ""GER_018_MZB_LO_21"")","within_100m",2,22,2,12,2,"tied - check manually","remove","remove"
"288",1,"GER_072_MZB_LO_14","SN_OBF02100","Elbe-2",51.3492044230528,13.2448065041056,2009,2019,11,11,"new data call","Germany","Landesamt für Umwelt, Landwirtschaft und Geologie (LfULG), Sachsen","GER_072_MZB_LO",0,"c(""GER_072_MZB_LO_14"", ""GER_072_MZB_LO_15"")","within_100m",2,11,2,11,2,"tied - check manually","remove","remove"
"289",3,"GER_072_MZB_LO_16","SN_OBF02550","Elbe-2",51.4844090149004,13.1316592883836,2009,2019,11,11,"new data call","Germany","Landesamt für Umwelt, Landwirtschaft und Geologie (LfULG), Sachsen","GER_072_MZB_LO",0,"c(""GER_072_MZB_LO_16"", ""GER_072_MZB_LO_17"")","within_100m",2,11,2,11,2,"tied - check manually","remove","remove"
"290",5,"GER_072_MZB_LO_20","SN_OBF02810","Elbe-2",51.6485664449889,12.8951233698274,2009,2019,11,11,"new data call","Germany","Landesamt für Umwelt, Landwirtschaft und Geologie (LfULG), Sachsen","GER_072_MZB_LO",0,"c(""GER_072_MZB_LO_20"", ""GER_072_MZB_LO_21"")","within_100m",2,11,2,11,2,"tied - check manually","remove","remove"
"291",1,"HUN_022_MZB_LO_54","101180109","Tisza",46.1855154749998,20.1048445349999,2005,2017,13,12,"first call; data Ellen used","Hungary","Zoltan Csabai","HUN_022_MZB_LO",1.13300281209838e-08,"c(""HUN_022_MZB_LO_22"", ""HUN_022_MZB_LO_54"")","within_100m",2,13,2,12,2,"tied - check manually","remove","remove"
"292",9,"IRL_051_MZB_LO_1285","IR1285","BALLINABOY",53.4628295,-10.0062869,2009,2023,15,5,"second data call; new data","Ireland","Hugh B. Feeley","IRL_051_MZB_LO",0.0898165468550492,"c(""IRL_051_MZB_LO_1284"", ""IRL_051_MZB_LO_1285"")","within_100m",2,15,2,5,2,"tied - check manually","remove","remove"
"293",2,"NOR_054_MZB_LO_43","St. 2 Innl. Gjærvollstadvatn ca 75 m","Farsund",58.20983827,6.79702991,2003,2020,18,18,"first call; data Ellen used","Norway","Gaute Velle","NOR_054_MZB_LO",6.88945112287233,"c(""NOR_054_MZB_LO_42"", ""NOR_054_MZB_LO_43"", ""NOR_054_MZB_LO_44"")","within_100m",3,18,3,18,3,"tied - check manually","remove","remove"
"294",2,"NOR_054_MZB_LO_44","St. 3 Innl. Gjærvollstadvatn ca. 150 m","Farsund",58.21049744,6.79669967,2003,2020,18,18,"first call; data Ellen used","Norway","Gaute Velle","NOR_054_MZB_LO",79.9008949527934,"c(""NOR_054_MZB_LO_42"", ""NOR_054_MZB_LO_43"", ""NOR_054_MZB_LO_44"")","within_100m",3,18,3,18,3,"tied - check manually","remove","remove"
"295",6,"NOR_054_MZB_LO_47","St. 6 innløp Saudlandsvatn v/ eplehage","Farsund",58.20641722,6.75998163,2003,2020,18,18,"first call; data Ellen used","Norway","Gaute Velle","NOR_054_MZB_LO",48.7153562347787,"c(""NOR_054_MZB_LO_46"", ""NOR_054_MZB_LO_47"", ""NOR_054_MZB_LO_48"")","within_100m",3,18,3,18,3,"tied - check manually","remove","remove"
"296",6,"NOR_054_MZB_LO_48","St. 7 Innløp Saudlandsvatn v/ kanal","Farsund",58.20634127,6.75923746,2003,2020,18,18,"first call; data Ellen used","Norway","Gaute Velle","NOR_054_MZB_LO",84.8547737028487,"c(""NOR_054_MZB_LO_46"", ""NOR_054_MZB_LO_47"", ""NOR_054_MZB_LO_48"")","within_100m",3,18,3,18,3,"tied - check manually","remove","remove"
"297",11,"NOR_054_MZB_LO_58","St. 7 Taksteinsbekken","Vikedal",59.56608,6.02388,2003,2020,18,15,"first call; data Ellen used","Norway","Gaute Velle","NOR_054_MZB_LO",0,"c(""NOR_054_MZB_LO_58"", ""NOR_054_MZB_LO_59"")","within_100m",2,18,2,15,2,"tied - check manually","remove","remove"
"298",13,"NOR_054_MZB_LO_80","St. 6 Nausta ved Gamlestølen","Nausta",61.57854361,5.94312742,2003,2019,17,9,"first call; data Ellen used","Norway","Gaute Velle","NOR_054_MZB_LO",0,"c(""NOR_054_MZB_LO_80"", ""NOR_054_MZB_LO_81"")","within_100m",2,17,2,9,2,"tied - check manually","remove","remove"
"299",3,"CHE_076_MZB_LO_3","3","Mezza-Gluna",46.7292682892,10.1307247637,2001,2022,22,22,"new data call","Switzerland","Christopher Robinson","CHE_076_MZB_LO",0,"c(""CHE_076_MZB_LO_1"", ""CHE_076_MZB_LO_10"", ""CHE_076_MZB_LO_2"", ""CHE_076_MZB_LO_3"", ""CHE_076_MZB_LO_4"", ""CHE_076_MZB_LO_5"", ""CHE_076_MZB_LO_6"", ""CHE_076_MZB_LO_7"", ""CHE_076_MZB_LO_8"", ""CHE_076_MZB_LO_9"")","within_100m_to_1000m",2,22,2,22,2,"tied - check manually","remove","remove"
"300",3,"CHE_076_MZB_LO_6","6","Sura",46.7263927124,10.1282382454,2001,2022,22,22,"new data call","Switzerland","Christopher Robinson","CHE_076_MZB_LO",360.018338242242,"c(""CHE_076_MZB_LO_1"", ""CHE_076_MZB_LO_10"", ""CHE_076_MZB_LO_2"", ""CHE_076_MZB_LO_3"", ""CHE_076_MZB_LO_4"", ""CHE_076_MZB_LO_5"", ""CHE_076_MZB_LO_6"", ""CHE_076_MZB_LO_7"", ""CHE_076_MZB_LO_8"", ""CHE_076_MZB_LO_9"")","within_100m_to_1000m",3,22,3,22,3,"tied - check manually","remove","remove"
"301",3,"CHE_076_MZB_LO_7","7","Sura",46.7262966296,10.1311654076,2001,2022,22,22,"new data call","Switzerland","Christopher Robinson","CHE_076_MZB_LO",321.445737695122,"c(""CHE_076_MZB_LO_1"", ""CHE_076_MZB_LO_10"", ""CHE_076_MZB_LO_2"", ""CHE_076_MZB_LO_3"", ""CHE_076_MZB_LO_4"", ""CHE_076_MZB_LO_5"", ""CHE_076_MZB_LO_6"", ""CHE_076_MZB_LO_7"", ""CHE_076_MZB_LO_8"", ""CHE_076_MZB_LO_9"")","within_100m_to_1000m",3,22,3,22,3,"tied - check manually","remove","remove"
"302",3,"CHE_076_MZB_LO_8","8","Immez",46.7269669852,10.1325078081,2001,2022,22,22,"new data call","Switzerland","Christopher Robinson","CHE_076_MZB_LO",280.603804637706,"c(""CHE_076_MZB_LO_1"", ""CHE_076_MZB_LO_10"", ""CHE_076_MZB_LO_2"", ""CHE_076_MZB_LO_3"", ""CHE_076_MZB_LO_4"", ""CHE_076_MZB_LO_5"", ""CHE_076_MZB_LO_6"", ""CHE_076_MZB_LO_7"", ""CHE_076_MZB_LO_8"", ""CHE_076_MZB_LO_9"")","within_100m_to_1000m",3,22,3,22,3,"tied - check manually","remove","remove"
"303",3,"CHE_076_MZB_LO_9","9","Immez",46.7279061578,10.1346621394,2001,2022,22,22,"new data call","Switzerland","Christopher Robinson","CHE_076_MZB_LO",326.149660439918,"c(""CHE_076_MZB_LO_1"", ""CHE_076_MZB_LO_10"", ""CHE_076_MZB_LO_2"", ""CHE_076_MZB_LO_3"", ""CHE_076_MZB_LO_4"", ""CHE_076_MZB_LO_5"", ""CHE_076_MZB_LO_6"", ""CHE_076_MZB_LO_7"", ""CHE_076_MZB_LO_8"", ""CHE_076_MZB_LO_9"")","within_100m_to_1000m",3,22,3,22,3,"tied - check manually","remove","remove"
"304",3,"ENG_041_MZB_LO_3513","52041","Blakedown Bk - source to conf R Stour",52.400295,-2.1991078,1994,2019,26,24,"first call; data Ellen used","England","John Francis Murphy","ENG_041_MZB_LO",949.3015400052,"c(""ENG_041_MZB_LO_3496"", ""ENG_041_MZB_LO_3513"")","within_100m_to_1000m",2,26,2,24,2,"tied - check manually","remove","remove"
"305",50,"ENG_062_MZB_LO_286","1591","MIDGELDEN BROOK",53.7077681629,-2.124021123,2002,2019,18,11,"second data call; new data","England","James Sinclair","ENG_062_MZB_LO",104.319344482371,"c(""ENG_062_MZB_LO_285"", ""ENG_062_MZB_LO_286"", ""ENG_062_MZB_LO_288"")","within_100m_to_1000m",2,18,2,11,2,"tied - check manually","remove","remove"
"306",61,"ENG_062_MZB_LO_325","1702","BOTHAL BROCKS BURN",55.1745571109,-1.6265479409,2002,2017,16,5,"second data call; new data","England","James Sinclair","ENG_062_MZB_LO",0,"c(""ENG_062_MZB_LO_323"", ""ENG_062_MZB_LO_325"", ""ENG_062_MZB_LO_456"")","within_100m_to_1000m",2,16,2,5,2,"tied - check manually","remove","remove"
"307",328,"ENG_062_MZB_LO_1926","52117","PERRY",52.7614925656,-2.8308266127,2005,2023,19,5,"second data call; new data","England","James Sinclair","ENG_062_MZB_LO",131.273764480716,"c(""ENG_062_MZB_LO_1547"", ""ENG_062_MZB_LO_1926"")","within_100m_to_1000m",2,19,2,5,2,"tied - check manually","remove","remove"
"308",330,"ENG_062_MZB_LO_1922","52098","RAINS BROOK",52.3407413427,-1.1948576652,2002,2015,14,7,"second data call; new data","England","James Sinclair","ENG_062_MZB_LO",670.857514460348,"c(""ENG_062_MZB_LO_1554"", ""ENG_062_MZB_LO_1922"")","within_100m_to_1000m",2,14,2,7,2,"tied - check manually","remove","remove"
"309",334,"ENG_062_MZB_LO_3246","97161","ASHOP",53.4018358223,-1.7926430738,2002,2024,23,23,"second data call; new data","England","James Sinclair","ENG_062_MZB_LO",265.721378364372,"c(""ENG_062_MZB_LO_1556"", ""ENG_062_MZB_LO_1565"", ""ENG_062_MZB_LO_3246"")","within_100m_to_1000m",2,23,2,23,2,"tied - check manually","remove","remove"
"310",340,"ENG_062_MZB_LO_2103","53800","BURNTWOOD BROOK",52.6673194179,-1.8794215536,2003,2018,16,5,"second data call; new data","England","James Sinclair","ENG_062_MZB_LO",423.674579430312,"c(""ENG_062_MZB_LO_1580"", ""ENG_062_MZB_LO_2103"")","within_100m_to_1000m",2,16,2,5,2,"tied - check manually","remove","remove"
"311",452,"ENG_062_MZB_LO_3246","97161","ASHOP",53.4018358223,-1.7926430738,2002,2024,23,23,"second data call; new data","England","James Sinclair","ENG_062_MZB_LO",249.114665753329,"c(""ENG_062_MZB_LO_1556"", ""ENG_062_MZB_LO_2104"", ""ENG_062_MZB_LO_3246"")","within_100m_to_1000m",3,23,3,23,2,"tied - check manually","remove","remove"
"312",503,"ENG_062_MZB_LO_2516","55856","WILLOW BROOK (NORTH)",52.5018778521,-0.6820559132,2002,2016,15,12,"second data call; new data","England","James Sinclair","ENG_062_MZB_LO",932.642922760258,"c(""ENG_062_MZB_LO_2515"", ""ENG_062_MZB_LO_2516"")","within_100m_to_1000m",2,15,2,12,2,"tied - check manually","remove","remove"
"313",544,"ENG_062_MZB_LO_3053","69300","IRWELL",53.7144404473,-2.2010856487,2002,2019,18,8,"second data call; new data","England","James Sinclair","ENG_062_MZB_LO",270.14659045179,"c(""ENG_062_MZB_LO_2731"", ""ENG_062_MZB_LO_3053"")","within_100m_to_1000m",2,18,2,8,2,"tied - check manually","remove","remove"
"314",610,"ENG_062_MZB_LO_3416","161357","CHEW BK",53.5310801654,-1.9826556667,2013,2024,12,10,"second data call; new data","England","James Sinclair","ENG_062_MZB_LO",228.325472842664,"c(""ENG_062_MZB_LO_3021"", ""ENG_062_MZB_LO_3416"")","within_100m_to_1000m",2,12,2,10,2,"tied - check manually","remove","remove"
"315",672,"ENG_062_MZB_LO_3217","89481","CALDER (WYRE)",53.9291621932,-2.696053702,2002,2021,20,16,"second data call; new data","England","James Sinclair","ENG_062_MZB_LO",0,"c(""ENG_062_MZB_LO_3217"", ""ENG_062_MZB_LO_3225"")","within_100m_to_1000m",2,20,2,16,2,"tied - check manually","remove","remove"
"316",683,"ENG_062_MZB_LO_3270","142180","HELVELLYN GILL",54.548861142,-3.0581445519,2007,2018,12,11,"second data call; new data","England","James Sinclair","ENG_062_MZB_LO",0,"c(""ENG_062_MZB_LO_3269"", ""ENG_062_MZB_LO_3270"", ""ENG_062_MZB_LO_3300"")","within_100m_to_1000m",3,12,3,11,3,"tied - check manually","remove","remove"
"317",690,"ENG_062_MZB_LO_3310","150646","GLYNCH BROOK",52.0049893849,-2.3835936342,2008,2021,14,14,"second data call; new data","England","James Sinclair","ENG_062_MZB_LO",978.244292906157,"c(""ENG_062_MZB_LO_3309"", ""ENG_062_MZB_LO_3310"")","within_100m_to_1000m",2,14,2,14,2,"tied - check manually","remove","remove"
"318",694,"ENG_062_MZB_LO_3343","154235","SWINDALE BECK (LOWTHER)",54.5282392035,-2.7324075501,2009,2021,13,13,"second data call; new data","England","James Sinclair","ENG_062_MZB_LO",867.269838045355,"c(""ENG_062_MZB_LO_3324"", ""ENG_062_MZB_LO_3343"")","within_100m_to_1000m",2,13,2,13,2,"tied - check manually","remove","remove"
"319",695,"ENG_062_MZB_LO_3325","153104","KELD GILL",54.5176241787,-2.7008121694,2009,2018,10,10,"second data call; new data","England","James Sinclair","ENG_062_MZB_LO",0,"c(""ENG_062_MZB_LO_3325"", ""ENG_062_MZB_LO_3326"", ""ENG_062_MZB_LO_3327"", ""ENG_062_MZB_LO_3328"")","within_100m_to_1000m",2,10,2,10,2,"tied - check manually","remove","remove"
"320",695,"ENG_062_MZB_LO_3327","153106","THORNSHIP GILL",54.5102069427,-2.6982139626,2009,2018,10,10,"second data call; new data","England","James Sinclair","ENG_062_MZB_LO",815.371138494898,"c(""ENG_062_MZB_LO_3325"", ""ENG_062_MZB_LO_3326"", ""ENG_062_MZB_LO_3327"", ""ENG_062_MZB_LO_3328"")","within_100m_to_1000m",2,10,2,10,2,"tied - check manually","remove","remove"
"321",713,"ENG_062_MZB_LO_3359","154964","GILT BROOK",52.9983074864,-1.2814980594,2010,2024,15,6,"second data call; new data","England","James Sinclair","ENG_062_MZB_LO",0,"c(""ENG_062_MZB_LO_3358"", ""ENG_062_MZB_LO_3359"", ""ENG_062_MZB_LO_3360"")","within_100m_to_1000m",3,15,3,6,3,"tied - check manually","remove","remove"
"322",19,"ESP_034_MZB_LO_38","Gip43","Deba",43.0825,-2.445787,1987,2021,35,25,"second data call; new data","Spain","Aitor Larrañaga","ESP_034_MZB_LO",0,"c(""ESP_034_MZB_LO_11"", ""ESP_034_MZB_LO_170"", ""ESP_034_MZB_LO_305"", ""ESP_034_MZB_LO_38"")","within_100m_to_1000m",4,35,2,25,2,"tied - check manually","remove","remove"
"323",4,"ESP_060_MZB_LO_21","NVC1408","Navacerrada",40.75617289,-3.99238731,2014,2024,11,11,"second data call; new data","Spain","Ignacio Granados","ESP_060_MZB_LO",881.511252698732,"c(""ESP_060_MZB_LO_20"", ""ESP_060_MZB_LO_21"")","within_100m_to_1000m",2,11,2,11,2,"tied - check manually","remove","remove"
"324",9,"FIN_004_MZB_LO_170","S173","Konttijoki",66.35416,25.897253,2011,2021,11,5,"second data call; new data","Finland","Jukka Aroviita","FIN_004_MZB_LO",0,"c(""FIN_004_MZB_LO_169"", ""FIN_004_MZB_LO_170"", ""FIN_004_MZB_LO_171"")","within_100m_to_1000m",3,11,3,5,3,"tied - check manually","remove","remove"
"325",9,"FIN_004_MZB_LO_169","S172","Konttijoki",66.359311,25.892558,2011,2021,11,5,"second data call; new data","Finland","Jukka Aroviita","FIN_004_MZB_LO",616.445226520067,"c(""FIN_004_MZB_LO_169"", ""FIN_004_MZB_LO_170"", ""FIN_004_MZB_LO_171"")","within_100m_to_1000m",3,11,3,5,3,"tied - check manually","remove","remove"
"326",1,"FRA_015_MZB_LO_1","1","Rhone",45.8319722222222,5.29811388888888,2000,2019,20,20,"first call; data Ellen used","France","Anthony Maire","FRA_015_MZB_LO",0,"c(""FRA_015_MZB_LO_1"", ""FRA_015_MZB_LO_2"")","within_100m_to_1000m",2,20,2,20,2,"tied - check manually","remove","remove"
"327",1,"GER_017_MZB_LO_4","KS2","Kleine Schalmenau",51.435804,8.137236,2010,2019,10,10,"first call; data Ellen used","Germany","Armin Lorenz","GER_017_MZB_LO",119.376255018314,"c(""GER_017_MZB_LO_3"", ""GER_017_MZB_LO_4"")","within_100m_to_1000m",2,10,2,10,2,"tied - check manually","remove","remove"
"328",5,"GER_018_MZB_LO_139","RP_2699875000","Moselle",50.27283123,7.456051934,1982,2003,22,16,"first call; data Ellen used","Germany","Ralf Schäfer","GER_018_MZB_LO",661.636972649218,"c(""GER_018_MZB_LO_139"", ""GER_018_MZB_LO_25"")","within_100m_to_1000m",2,22,2,16,2,"tied - check manually","remove","remove"
"329",27,"GER_070_MZB_LO_118","NRW_201467","Steinagger",50.9808996019762,7.67618493349936,2006,2019,14,5,"new data call","Germany","Landesamt für Natur, Umwelt und Klima Nordrhein-Westfalen (LANUK)","GER_070_MZB_LO",264.71208726162,"c(""GER_070_MZB_LO_117"", ""GER_070_MZB_LO_118"")","within_100m_to_1000m",2,14,2,5,2,"tied - check manually","remove","remove"
"330",34,"GER_070_MZB_LO_139","NRW_212234","Suelz",50.8723892034374,7.19633577935349,2008,2019,12,7,"new data call","Germany","Landesamt für Natur, Umwelt und Klima Nordrhein-Westfalen (LANUK)","GER_070_MZB_LO",477.959092130142,"c(""GER_070_MZB_LO_139"", ""GER_070_MZB_LO_141"", ""GER_070_MZB_LO_142"")","within_100m_to_1000m",3,12,3,7,3,"tied - check manually","remove","remove"
"331",34,"GER_070_MZB_LO_142","NRW_212271","Suelz",50.8632547249736,7.20937865331699,2008,2019,12,7,"new data call","Germany","Landesamt für Natur, Umwelt und Klima Nordrhein-Westfalen (LANUK)","GER_070_MZB_LO",847.160924232933,"c(""GER_070_MZB_LO_139"", ""GER_070_MZB_LO_141"", ""GER_070_MZB_LO_142"")","within_100m_to_1000m",3,12,3,7,3,"tied - check manually","remove","remove"
"332",35,"GER_070_MZB_LO_142","NRW_212271","Suelz",50.8632547249736,7.20937865331699,2008,2019,12,7,"new data call","Germany","Landesamt für Natur, Umwelt und Klima Nordrhein-Westfalen (LANUK)","GER_070_MZB_LO",0,"c(""GER_070_MZB_LO_140"", ""GER_070_MZB_LO_141"", ""GER_070_MZB_LO_142"", ""GER_070_MZB_LO_143"")","within_100m_to_1000m",4,12,4,7,3,"tied - check manually","remove","remove"
"333",35,"GER_070_MZB_LO_140","NRW_212246","Suelz",50.8615086644642,7.21281339887088,2008,2019,12,7,"new data call","Germany","Landesamt für Natur, Umwelt und Klima Nordrhein-Westfalen (LANUK)","GER_070_MZB_LO",299.511937642622,"c(""GER_070_MZB_LO_140"", ""GER_070_MZB_LO_141"", ""GER_070_MZB_LO_142"", ""GER_070_MZB_LO_143"")","within_100m_to_1000m",4,12,4,7,3,"tied - check manually","remove","remove"
"334",56,"GER_070_MZB_LO_410","NRW_791325","Diemel",51.4868926368137,9.11749517439491,2007,2019,13,5,"new data call","Germany","Landesamt für Natur, Umwelt und Klima Nordrhein-Westfalen (LANUK)","GER_070_MZB_LO",931.597287836064,"c(""GER_070_MZB_LO_392"", ""GER_070_MZB_LO_410"")","within_100m_to_1000m",2,13,2,5,2,"tied - check manually","remove","remove"
"335",2,"GER_071_MZB_LO_4","SH_121535","Stoer",54.0311179562,9.8409017888,2009,2020,12,5,"new data call","Germany","Landesamt für Umwelt (Schleswig-Holstein) (LfU)","GER_071_MZB_LO",0,"c(""GER_071_MZB_LO_3"", ""GER_071_MZB_LO_4"", ""GER_071_MZB_LO_5"", ""GER_071_MZB_LO_6"")","within_100m_to_1000m",4,12,4,5,4,"tied - check manually","remove","remove"
"336",2,"GER_071_MZB_LO_5","SH_121536","Stoer",54.0310489159,9.8366254942,2009,2020,12,5,"new data call","Germany","Landesamt für Umwelt (Schleswig-Holstein) (LfU)","GER_071_MZB_LO",271.110621307037,"c(""GER_071_MZB_LO_3"", ""GER_071_MZB_LO_4"", ""GER_071_MZB_LO_5"", ""GER_071_MZB_LO_6"")","within_100m_to_1000m",4,12,4,5,4,"tied - check manually","remove","remove"
"337",5,"GER_071_MZB_LO_7","SH_121541","Radesforder Au",53.9736931704,10.1358365318,2009,2020,12,5,"new data call","Germany","Landesamt für Umwelt (Schleswig-Holstein) (LfU)","GER_071_MZB_LO",0,"c(""GER_071_MZB_LO_7"", ""GER_071_MZB_LO_8"")","within_100m_to_1000m",2,12,2,5,2,"tied - check manually","remove","remove"
"338",9,"GER_071_MZB_LO_11","SH_123702","Schafflunder Muehlenstrom",54.749266282,9.1269909393,2009,2020,12,6,"new data call","Germany","Landesamt für Umwelt (Schleswig-Holstein) (LfU)","GER_071_MZB_LO",0,"c(""GER_071_MZB_LO_10"", ""GER_071_MZB_LO_11"", ""GER_071_MZB_LO_12"")","within_100m_to_1000m",3,12,3,6,2,"tied - check manually","remove","remove"
"339",9,"GER_071_MZB_LO_12","SH_123704","Schafflunder Muehlenstrom",54.747486892,9.1180991878,2009,2020,12,6,"new data call","Germany","Landesamt für Umwelt (Schleswig-Holstein) (LfU)","GER_071_MZB_LO",586.442796581233,"c(""GER_071_MZB_LO_10"", ""GER_071_MZB_LO_11"", ""GER_071_MZB_LO_12"")","within_100m_to_1000m",3,12,3,6,2,"tied - check manually","remove","remove"
"340",1,"GER_072_MZB_LO_1","SN_OBF00080","Elbe",50.8633533404438,14.2262837583507,2009,2019,11,11,"new data call","Germany","Landesamt für Umwelt, Landwirtschaft und Geologie (LfULG), Sachsen","GER_072_MZB_LO",0,"c(""GER_072_MZB_LO_1"", ""GER_072_MZB_LO_2"")","within_100m_to_1000m",2,11,2,11,2,"tied - check manually","remove","remove"
"341",3,"GER_072_MZB_LO_3","SN_OBF00100","Elbe-0 (Labe od toku Jílovský potok po tok Kirnitzsch)",50.8904852802073,14.2291699590732,2009,2019,11,11,"new data call","Germany","Landesamt für Umwelt, Landwirtschaft und Geologie (LfULG), Sachsen","GER_072_MZB_LO",0,"c(""GER_072_MZB_LO_3"", ""GER_072_MZB_LO_4"")","within_100m_to_1000m",2,11,2,11,2,"tied - check manually","remove","remove"
"342",5,"GER_072_MZB_LO_5","SN_OBF00250","Elbe",50.9066355240453,14.1948491761461,2009,2019,11,11,"new data call","Germany","Landesamt für Umwelt, Landwirtschaft und Geologie (LfULG), Sachsen","GER_072_MZB_LO",0,"c(""GER_072_MZB_LO_5"", ""GER_072_MZB_LO_6"")","within_100m_to_1000m",2,11,2,11,2,"tied - check manually","remove","remove"
"343",7,"GER_072_MZB_LO_9","SN_OBF01200","Elbe-1",51.0958106153903,13.6429752056482,2009,2019,11,11,"new data call","Germany","Landesamt für Umwelt, Landwirtschaft und Geologie (LfULG), Sachsen","GER_072_MZB_LO",0,"c(""GER_072_MZB_LO_10"", ""GER_072_MZB_LO_9"")","within_100m_to_1000m",2,11,2,11,2,"tied - check manually","remove","remove"
"344",7,"GER_072_MZB_LO_10","SN_OBF01300","Elbe-1",51.0969389137351,13.6432864747065,2009,2019,11,11,"new data call","Germany","Landesamt für Umwelt, Landwirtschaft und Geologie (LfULG), Sachsen","GER_072_MZB_LO",123.024590287568,"c(""GER_072_MZB_LO_10"", ""GER_072_MZB_LO_9"")","within_100m_to_1000m",2,11,2,11,2,"tied - check manually","remove","remove"
"345",9,"GER_072_MZB_LO_12","SN_OBF01800","Elbe",51.209331557957,13.4040423209241,2009,2019,11,11,"new data call","Germany","Landesamt für Umwelt, Landwirtschaft und Geologie (LfULG), Sachsen","GER_072_MZB_LO",0,"c(""GER_072_MZB_LO_12"", ""GER_072_MZB_LO_13"")","within_100m_to_1000m",2,11,2,11,2,"tied - check manually","remove","remove"
"346",9,"GER_072_MZB_LO_13","SN_OBF01900","Elbe",51.2095736278104,13.4063394325166,2009,2019,11,11,"new data call","Germany","Landesamt für Umwelt, Landwirtschaft und Geologie (LfULG), Sachsen","GER_072_MZB_LO",157.175886577574,"c(""GER_072_MZB_LO_12"", ""GER_072_MZB_LO_13"")","within_100m_to_1000m",2,11,2,11,2,"tied - check manually","remove","remove"
"347",11,"GER_072_MZB_LO_18","SN_OBF02600","Elbe",51.5577384255562,13.0104521292251,2009,2019,11,11,"new data call","Germany","Landesamt für Umwelt, Landwirtschaft und Geologie (LfULG), Sachsen","GER_072_MZB_LO",0,"c(""GER_072_MZB_LO_18"", ""GER_072_MZB_LO_19"")","within_100m_to_1000m",2,11,2,11,2,"tied - check manually","remove","remove"
"348",11,"GER_072_MZB_LO_19","SN_OBF02700","Elbe",51.5582362374623,13.0121358492304,2009,2019,11,11,"new data call","Germany","Landesamt für Umwelt, Landwirtschaft und Geologie (LfULG), Sachsen","GER_072_MZB_LO",124.806340308947,"c(""GER_072_MZB_LO_18"", ""GER_072_MZB_LO_19"")","within_100m_to_1000m",2,11,2,11,2,"tied - check manually","remove","remove"
"349",1,"GER_073_MZB_LO_56","ST_410002","Elbe",51.9317717950605,11.9529909147918,2008,2019,12,8,"new data call","Germany","Landesamt für Umweltschutz (Sachsen-Anhalt) (LAU)","GER_073_MZB_LO",213.931683335862,"c(""GER_073_MZB_LO_55"", ""GER_073_MZB_LO_56"")","within_100m_to_1000m",2,12,2,8,2,"tied - check manually","remove","remove"
"350",5,"GER_073_MZB_LO_60","ST_410061","Elbe",52.7841858153452,12.0346367302095,2006,2019,14,8,"new data call","Germany","Landesamt für Umweltschutz (Sachsen-Anhalt) (LAU)","GER_073_MZB_LO",298.44391705856,"c(""GER_073_MZB_LO_59"", ""GER_073_MZB_LO_60"")","within_100m_to_1000m",2,14,2,8,2,"tied - check manually","remove","remove"
"351",1,"IRL_023_MZB_LO_4","4","Cottage",53.951784,-9.559057,2003,2019,17,17,"first call; data Ellen used","Ireland","Elvira de Eyto","IRL_023_MZB_LO",367.337188292927,"c(""IRL_023_MZB_LO_3"", ""IRL_023_MZB_LO_4"")","within_100m_to_1000m",2,17,2,17,2,"tied - check manually","remove","remove"
"352",3,"IRL_023_MZB_LO_12","12","Lodge",53.97774,-9.559862,2003,2018,16,16,"first call; data Ellen used","Ireland","Elvira de Eyto","IRL_023_MZB_LO",215.521783790612,"c(""IRL_023_MZB_LO_11"", ""IRL_023_MZB_LO_12"", ""IRL_023_MZB_LO_15"")","within_100m_to_1000m",2,16,2,16,2,"tied - check manually","remove","remove"
"353",3,"IRL_051_MZB_LO_72","IR0072","MATTOCK",53.726514,-6.4831401,2009,2020,12,5,"second data call; new data","Ireland","Hugh B. Feeley","IRL_051_MZB_LO",712.859584982911,"c(""IRL_051_MZB_LO_71"", ""IRL_051_MZB_LO_72"")","within_100m_to_1000m",2,12,2,5,2,"tied - check manually","remove","remove"
"354",41,"IRL_051_MZB_LO_238","IR0238","KNICKEEN",53.0026079,-6.5240909,2010,2023,14,5,"second data call; new data","Ireland","Hugh B. Feeley","IRL_051_MZB_LO",0,"c(""IRL_051_MZB_LO_238"", ""IRL_051_MZB_LO_239"")","within_100m_to_1000m",2,14,2,5,2,"tied - check manually","remove","remove"
"355",43,"IRL_051_MZB_LO_242","IR0242","KILDAVIN STREAM",52.6744349,-6.682386,2010,2022,13,5,"second data call; new data","Ireland","Hugh B. Feeley","IRL_051_MZB_LO",847.857863172721,"c(""IRL_051_MZB_LO_241"", ""IRL_051_MZB_LO_242"")","within_100m_to_1000m",2,13,2,5,2,"tied - check manually","remove","remove"
"356",61,"IRL_051_MZB_LO_371","IR0371","NORE",52.5239291,-7.1278918,2007,2022,16,5,"second data call; new data","Ireland","Hugh B. Feeley","IRL_051_MZB_LO",0,"c(""IRL_051_MZB_LO_369"", ""IRL_051_MZB_LO_370"", ""IRL_051_MZB_LO_371"")","within_100m_to_1000m",3,16,3,5,3,"tied - check manually","remove","remove"
"357",61,"IRL_051_MZB_LO_370","IR0370","NORE",52.5238554,-7.1370224,2007,2022,16,5,"second data call; new data","Ireland","Hugh B. Feeley","IRL_051_MZB_LO",598.733953263439,"c(""IRL_051_MZB_LO_369"", ""IRL_051_MZB_LO_370"", ""IRL_051_MZB_LO_371"")","within_100m_to_1000m",3,16,3,5,3,"tied - check manually","remove","remove"
"358",71,"IRL_051_MZB_LO_477","IR0477","ROSSESTOWN",52.7736554,-7.6907135,2008,2020,13,5,"second data call; new data","Ireland","Hugh B. Feeley","IRL_051_MZB_LO",0,"c(""IRL_051_MZB_LO_477"", ""IRL_051_MZB_LO_478"")","within_100m_to_1000m",2,13,2,5,2,"tied - check manually","remove","remove"
"359",128,"IRL_051_MZB_LO_853","IR0853","OWVANE (LIMERICK)",52.534464,-9.1464908,2008,2020,13,5,"second data call; new data","Ireland","Hugh B. Feeley","IRL_051_MZB_LO",0,"c(""IRL_051_MZB_LO_853"", ""IRL_051_MZB_LO_854"")","within_100m_to_1000m",2,13,2,5,2,"tied - check manually","remove","remove"
"360",132,"IRL_051_MZB_LO_873","IR0873","BLEACH",53.0121496,-8.636186,2012,2023,12,7,"second data call; new data","Ireland","Hugh B. Feeley","IRL_051_MZB_LO",0,"c(""IRL_051_MZB_LO_873"", ""IRL_051_MZB_LO_874"")","within_100m_to_1000m",2,12,2,7,2,"tied - check manually","remove","remove"
"361",157,"IRL_051_MZB_LO_1033","IR1033","CASTLEGAR",53.4775944,-8.4929558,2008,2023,16,6,"second data call; new data","Ireland","Hugh B. Feeley","IRL_051_MZB_LO",974.941028150374,"c(""IRL_051_MZB_LO_1032"", ""IRL_051_MZB_LO_1033"")","within_100m_to_1000m",2,16,2,6,2,"tied - check manually","remove","remove"
"362",190,"IRL_051_MZB_LO_1350","IR1350","OWENMORE (MAYO)",54.1404202,-9.7543174,2008,2020,13,5,"second data call; new data","Ireland","Hugh B. Feeley","IRL_051_MZB_LO",901.213329719805,"c(""IRL_051_MZB_LO_1349"", ""IRL_051_MZB_LO_1350"")","within_100m_to_1000m",2,13,2,5,2,"tied - check manually","remove","remove"
"363",204,"IRL_051_MZB_LO_1423","IR1423","MOY",53.986619,-9.1124863,2007,2022,16,6,"second data call; new data","Ireland","Hugh B. Feeley","IRL_051_MZB_LO",694.261213316413,"c(""IRL_051_MZB_LO_1422"", ""IRL_051_MZB_LO_1423"")","within_100m_to_1000m",2,16,2,6,2,"tied - check manually","remove","remove"
"364",241,"IRL_051_MZB_LO_1634","IR1634","STRAGAR",54.6618836,-8.420878,2008,2021,14,5,"second data call; new data","Ireland","Hugh B. Feeley","IRL_051_MZB_LO",944.884284025097,"c(""IRL_051_MZB_LO_1616"", ""IRL_051_MZB_LO_1634"", ""IRL_051_MZB_LO_1635"")","within_100m_to_1000m",2,14,2,5,2,"tied - check manually","remove","remove"
"365",3,"NOR_054_MZB_LO_47","St. 6 innløp Saudlandsvatn v/ eplehage","Farsund",58.20641722,6.75998163,2003,2020,18,18,"first call; data Ellen used","Norway","Gaute Velle","NOR_054_MZB_LO",904.958187880162,"c(""NOR_054_MZB_LO_16"", ""NOR_054_MZB_LO_46"", ""NOR_054_MZB_LO_47"", ""NOR_054_MZB_LO_48"")","within_100m_to_1000m",3,18,3,18,3,"tied - check manually","remove","remove"
"366",3,"NOR_054_MZB_LO_48","St. 7 Innløp Saudlandsvatn v/ kanal","Farsund",58.20634127,6.75923746,2003,2020,18,18,"first call; data Ellen used","Norway","Gaute Velle","NOR_054_MZB_LO",922.805834450673,"c(""NOR_054_MZB_LO_16"", ""NOR_054_MZB_LO_46"", ""NOR_054_MZB_LO_47"", ""NOR_054_MZB_LO_48"")","within_100m_to_1000m",3,18,3,18,3,"tied - check manually","remove","remove"
"367",5,"NOR_054_MZB_LO_47","St. 6 innløp Saudlandsvatn v/ eplehage","Farsund",58.20641722,6.75998163,2003,2020,18,18,"first call; data Ellen used","Norway","Gaute Velle","NOR_054_MZB_LO",903.564543227543,"c(""NOR_054_MZB_LO_45"", ""NOR_054_MZB_LO_46"", ""NOR_054_MZB_LO_47"", ""NOR_054_MZB_LO_48"")","within_100m_to_1000m",4,18,4,18,3,"tied - check manually","remove","remove"
"368",5,"NOR_054_MZB_LO_48","St. 7 Innløp Saudlandsvatn v/ kanal","Farsund",58.20634127,6.75923746,2003,2020,18,18,"first call; data Ellen used","Norway","Gaute Velle","NOR_054_MZB_LO",921.243947627468,"c(""NOR_054_MZB_LO_45"", ""NOR_054_MZB_LO_46"", ""NOR_054_MZB_LO_47"", ""NOR_054_MZB_LO_48"")","within_100m_to_1000m",4,18,4,18,3,"tied - check manually","remove","remove"
"369",13,"NOR_054_MZB_LO_57","St. 6 Fjellgardsvatn ved Roaldskvam","Vikedal",59.57074,6.05054,2003,2020,18,15,"first call; data Ellen used","Norway","Gaute Velle","NOR_054_MZB_LO",161.623732310325,"c(""NOR_054_MZB_LO_55"", ""NOR_054_MZB_LO_56"", ""NOR_054_MZB_LO_57"")","within_100m_to_1000m",3,18,2,15,2,"tied - check manually","remove","remove"
"370",25,"NOR_054_MZB_LO_75","St. 16 Træla","Nausta",61.54505916,5.78735976,2003,2019,17,9,"first call; data Ellen used","Norway","Gaute Velle","NOR_054_MZB_LO",0,"c(""NOR_054_MZB_LO_75"", ""NOR_054_MZB_LO_76"")","within_100m_to_1000m",2,17,2,9,2,"tied - check manually","remove","remove"
"371",27,"NOR_054_MZB_LO_83","St. 9 Nausta ved Espeland","Nausta",61.57720393,5.89628408,2003,2019,17,9,"first call; data Ellen used","Norway","Gaute Velle","NOR_054_MZB_LO",504.851198250172,"c(""NOR_054_MZB_LO_82"", ""NOR_054_MZB_LO_83"")","within_100m_to_1000m",2,17,2,9,2,"tied - check manually","remove","remove"
