"","country","prov","dataset.id","distance_m","within_distance_type","pair_id","site_role","origin","org.site","unique.id","river","latitude","longitude","st.yr","ed.yr","yr.ln","yr.num"
"1","Belgium","Marie Anne Eurie Forio","BEL_005_MZB_LO",892.276078485303,"within_100m_to_1000m","BEL_005_MZB_LO_12__BEL_005_MZB_LO_15","i","merge of Ellen's data and second data call","BEVL_VMM_122050","BEL_005_MZB_LO_12","MAAS I+II+III",51.1292048,5.8238817,1989,2013,25,19
"2","Belgium","Marie Anne Eurie Forio","BEL_005_MZB_LO",892.276078485303,"within_100m_to_1000m","BEL_005_MZB_LO_12__BEL_005_MZB_LO_15","j","merge of Ellen's data and second data call","BEVL_VMM_125000","BEL_005_MZB_LO_15","ABEEK",51.125738,5.811887,1989,2023,35,21
"3","Belgium","Marie Anne Eurie Forio","BEL_005_MZB_LO",877.189589415486,"within_100m_to_1000m","BEL_005_MZB_LO_13__BEL_005_MZB_LO_22","i","merge of Ellen's data and second data call","BEVL_VMM_122100","BEL_005_MZB_LO_13","MAAS I+II+III",51.0945091,5.8027274,1995,2010,16,11
"4","Belgium","Marie Anne Eurie Forio","BEL_005_MZB_LO",877.189589415486,"within_100m_to_1000m","BEL_005_MZB_LO_13__BEL_005_MZB_LO_22","j","merge of Ellen's data and second data call","BEVL_VMM_134000","BEL_005_MZB_LO_22","BOSBEEK",51.10264,5.8039194,1989,2009,21,15
"5","Belgium","Marie Anne Eurie Forio","BEL_005_MZB_LO",273.751703724779,"within_100m_to_1000m","BEL_005_MZB_LO_21__BEL_005_MZB_LO_22","i","merge of Ellen's data and second data call","BEVL_VMM_133900","BEL_005_MZB_LO_21","BOSBEEK",51.1036103,5.807662,1991,2009,19,16
"6","Belgium","Marie Anne Eurie Forio","BEL_005_MZB_LO",273.751703724779,"within_100m_to_1000m","BEL_005_MZB_LO_21__BEL_005_MZB_LO_22","j","merge of Ellen's data and second data call","BEVL_VMM_134000","BEL_005_MZB_LO_22","BOSBEEK",51.10264,5.8039194,1989,2009,21,15
"7","Belgium","Marie Anne Eurie Forio","BEL_005_MZB_LO",968.683316234101,"within_100m_to_1000m","BEL_005_MZB_LO_71__BEL_005_MZB_LO_72","i","merge of Ellen's data and second data call","BEVL_VMM_277000","BEL_005_MZB_LO_71","KLEINE NETE L1",51.2396181,5.069241,1989,2022,34,20
"8","Belgium","Marie Anne Eurie Forio","BEL_005_MZB_LO",968.683316234101,"within_100m_to_1000m","BEL_005_MZB_LO_71__BEL_005_MZB_LO_72","j","merge of Ellen's data and second data call","BEVL_VMM_277500","BEL_005_MZB_LO_72","KLEINE NETE L1",51.2368038,5.0828874,1994,2017,24,12
"9","Belgium","Marie Anne Eurie Forio","BEL_005_MZB_LO",698.545983613895,"within_100m_to_1000m","BEL_005_MZB_LO_74__BEL_005_MZB_LO_79","i","merge of Ellen's data and second data call","BEVL_VMM_278990","BEL_005_MZB_LO_74","MOLENBEEK - BOLLAAK",51.1712784,4.6298545,2001,2020,20,10
"10","Belgium","Marie Anne Eurie Forio","BEL_005_MZB_LO",698.545983613895,"within_100m_to_1000m","BEL_005_MZB_LO_74__BEL_005_MZB_LO_79","j","merge of Ellen's data and second data call","BEVL_VMM_282000","BEL_005_MZB_LO_79","KLEINE BEEK (ZANDHOVEN)",51.1762521,4.6365175,1990,2022,33,14
"11","Belgium","Marie Anne Eurie Forio","BEL_005_MZB_LO",860.198862759178,"within_100m_to_1000m","BEL_005_MZB_LO_74__BEL_005_MZB_LO_80","i","merge of Ellen's data and second data call","BEVL_VMM_278990","BEL_005_MZB_LO_74","MOLENBEEK - BOLLAAK",51.1712784,4.6298545,2001,2020,20,10
"12","Belgium","Marie Anne Eurie Forio","BEL_005_MZB_LO",860.198862759178,"within_100m_to_1000m","BEL_005_MZB_LO_74__BEL_005_MZB_LO_80","j","merge of Ellen's data and second data call","BEVL_VMM_283000","BEL_005_MZB_LO_80","TAPPELBEEK",51.1792023,4.6316865,1990,2022,33,17
"13","Belgium","Marie Anne Eurie Forio","BEL_005_MZB_LO",454.827853598812,"within_100m_to_1000m","BEL_005_MZB_LO_79__BEL_005_MZB_LO_80","i","merge of Ellen's data and second data call","BEVL_VMM_282000","BEL_005_MZB_LO_79","KLEINE BEEK (ZANDHOVEN)",51.1762521,4.6365175,1990,2022,33,14
"14","Belgium","Marie Anne Eurie Forio","BEL_005_MZB_LO",454.827853598812,"within_100m_to_1000m","BEL_005_MZB_LO_79__BEL_005_MZB_LO_80","j","merge of Ellen's data and second data call","BEVL_VMM_283000","BEL_005_MZB_LO_80","TAPPELBEEK",51.1792023,4.6316865,1990,2022,33,17
"15","Belgium","Marie Anne Eurie Forio","BEL_005_MZB_LO",905.577588441389,"within_100m_to_1000m","BEL_005_MZB_LO_85__BEL_005_MZB_LO_86","i","merge of Ellen's data and second data call","BEVL_VMM_291500","BEL_005_MZB_LO_85","DE AA - NATTENLOOP",51.3131766,4.961406,1991,2022,32,14
"16","Belgium","Marie Anne Eurie Forio","BEL_005_MZB_LO",905.577588441389,"within_100m_to_1000m","BEL_005_MZB_LO_85__BEL_005_MZB_LO_86","j","merge of Ellen's data and second data call","BEVL_VMM_292000","BEL_005_MZB_LO_86","DE AA - NATTENLOOP",51.3169357,4.9734449,1990,2023,34,14
"17","Belgium","Marie Anne Eurie Forio","BEL_005_MZB_LO",182.976091152707,"within_100m_to_1000m","BEL_005_MZB_LO_94__BEL_005_MZB_LO_98","i","merge of Ellen's data and second data call","BEVL_VMM_305000","BEL_005_MZB_LO_94","WAMP L1",51.2468029,5.0084957,1989,2023,35,21
"18","Belgium","Marie Anne Eurie Forio","BEL_005_MZB_LO",182.976091152707,"within_100m_to_1000m","BEL_005_MZB_LO_94__BEL_005_MZB_LO_98","j","merge of Ellen's data and second data call","BEVL_VMM_305900","BEL_005_MZB_LO_98","RODE LOOP",51.2477946,5.0062894,1992,2023,32,12
"19","Belgium","Marie Anne Eurie Forio","BEL_005_MZB_LO",755.781128164404,"within_100m_to_1000m","BEL_005_MZB_LO_101__BEL_005_MZB_LO_102","i","merge of Ellen's data and second data call","BEVL_VMM_308000","BEL_005_MZB_LO_101","DESSELSE NEET",51.2479801,5.0838323,1989,2017,29,9
"20","Belgium","Marie Anne Eurie Forio","BEL_005_MZB_LO",755.781128164404,"within_100m_to_1000m","BEL_005_MZB_LO_101__BEL_005_MZB_LO_102","j","merge of Ellen's data and second data call","BEVL_VMM_309000","BEL_005_MZB_LO_102","DESSELSE NEET",51.2548321,5.0863727,1989,2023,35,16
"21","Belgium","Marie Anne Eurie Forio","BEL_005_MZB_LO",810.6877910421,"within_100m_to_1000m","BEL_005_MZB_LO_102__BEL_005_MZB_LO_103","i","merge of Ellen's data and second data call","BEVL_VMM_309000","BEL_005_MZB_LO_102","DESSELSE NEET",51.2548321,5.0863727,1989,2023,35,16
"22","Belgium","Marie Anne Eurie Forio","BEL_005_MZB_LO",810.6877910421,"within_100m_to_1000m","BEL_005_MZB_LO_102__BEL_005_MZB_LO_103","j","merge of Ellen's data and second data call","BEVL_VMM_310000","BEL_005_MZB_LO_103","DESSELSE NEET",51.2610922,5.093088,1989,2017,29,13
"23","Belgium","Marie Anne Eurie Forio","BEL_005_MZB_LO",509.185993166252,"within_100m_to_1000m","BEL_005_MZB_LO_104__BEL_005_MZB_LO_73","i","merge of Ellen's data and second data call","BEVL_VMM_278200","BEL_005_MZB_LO_73","KLEINE NETE L1",51.2270532,5.1145335,1992,2017,26,10
"24","Belgium","Marie Anne Eurie Forio","BEL_005_MZB_LO",509.185993166252,"within_100m_to_1000m","BEL_005_MZB_LO_104__BEL_005_MZB_LO_73","j","merge of Ellen's data and second data call","BEVL_VMM_312000","BEL_005_MZB_LO_104","",51.2317682,5.1137642,1989,2017,29,13
"25","Belgium","Marie Anne Eurie Forio","BEL_005_MZB_LO",744.119609405082,"within_100m_to_1000m","BEL_005_MZB_LO_106__BEL_005_MZB_LO_107","i","merge of Ellen's data and second data call","BEVL_VMM_317000","BEL_005_MZB_LO_106","WIMP",51.1155494,4.7981173,1989,2021,33,18
"26","Belgium","Marie Anne Eurie Forio","BEL_005_MZB_LO",744.119609405082,"within_100m_to_1000m","BEL_005_MZB_LO_106__BEL_005_MZB_LO_107","j","merge of Ellen's data and second data call","BEVL_VMM_318000","BEL_005_MZB_LO_107","WIMP",51.1113553,4.8068752,1989,2021,33,19
"27","Belgium","Marie Anne Eurie Forio","BEL_005_MZB_LO",900.436309098082,"within_100m_to_1000m","BEL_005_MZB_LO_110__BEL_005_MZB_LO_111","i","merge of Ellen's data and second data call","BEVL_VMM_328600","BEL_005_MZB_LO_110","SCHERPENBERGLOOP",51.1394641,5.000794,1989,2022,34,12
"28","Belgium","Marie Anne Eurie Forio","BEL_005_MZB_LO",900.436309098082,"within_100m_to_1000m","BEL_005_MZB_LO_110__BEL_005_MZB_LO_111","j","merge of Ellen's data and second data call","BEVL_VMM_329000","BEL_005_MZB_LO_111","MOL NEET",51.1476372,5.0037487,1989,2020,32,20
"29","Belgium","Marie Anne Eurie Forio","BEL_005_MZB_LO",743.32397299359,"within_100m_to_1000m","BEL_005_MZB_LO_120__BEL_005_MZB_LO_124","i","merge of Ellen's data and second data call","BEVL_VMM_390000","BEL_005_MZB_LO_120","DEMER VII",50.9699646,4.7186926,1991,2023,33,24
"30","Belgium","Marie Anne Eurie Forio","BEL_005_MZB_LO",743.32397299359,"within_100m_to_1000m","BEL_005_MZB_LO_120__BEL_005_MZB_LO_124","j","merge of Ellen's data and second data call","BEVL_VMM_406000","BEL_005_MZB_LO_124","WINGE",50.9630929,4.7199793,1989,2018,30,19
"31","Belgium","Marie Anne Eurie Forio","BEL_005_MZB_LO",677.884761891873,"within_100m_to_1000m","BEL_005_MZB_LO_143__BEL_005_MZB_LO_145","i","merge of Ellen's data and second data call","BEVL_VMM_45500","BEL_005_MZB_LO_143","WATERGANG VAN DE MOERBEKEPOLDER",51.2156366,3.9228322,1989,2020,32,20
"32","Belgium","Marie Anne Eurie Forio","BEL_005_MZB_LO",677.884761891873,"within_100m_to_1000m","BEL_005_MZB_LO_143__BEL_005_MZB_LO_145","j","merge of Ellen's data and second data call","BEVL_VMM_45600","BEL_005_MZB_LO_145","WATERGANG VAN DE MOERBEKEPOLDER",51.2219466,3.9228292,1991,2005,15,10
"33","Belgium","Marie Anne Eurie Forio","BEL_005_MZB_LO",651.42597185874,"within_100m_to_1000m","BEL_005_MZB_LO_152__BEL_005_MZB_LO_50","i","merge of Ellen's data and second data call","BEVL_VMM_220500","BEL_005_MZB_LO_50","DIJLE II",50.8378592,4.6431601,1994,2010,17,12
"34","Belgium","Marie Anne Eurie Forio","BEL_005_MZB_LO",651.42597185874,"within_100m_to_1000m","BEL_005_MZB_LO_152__BEL_005_MZB_LO_50","j","merge of Ellen's data and second data call","BEVL_VMM_483500","BEL_005_MZB_LO_152","",50.8318202,4.6422872,1989,2010,22,10
"35","Belgium","Marie Anne Eurie Forio","BEL_005_MZB_LO",552.542027014774,"within_100m_to_1000m","BEL_005_MZB_LO_156__BEL_005_MZB_LO_51","i","merge of Ellen's data and second data call","BEVL_VMM_221000","BEL_005_MZB_LO_51","DIJLE I",50.8027831,4.6425436,1989,2023,35,21
"36","Belgium","Marie Anne Eurie Forio","BEL_005_MZB_LO",552.542027014774,"within_100m_to_1000m","BEL_005_MZB_LO_156__BEL_005_MZB_LO_51","j","merge of Ellen's data and second data call","BEVL_VMM_487000","BEL_005_MZB_LO_156","NETHEN",50.7976574,4.6432229,1989,2022,34,18
"37","Belgium","Marie Anne Eurie Forio","BEL_005_MZB_LO",918.654437370542,"within_100m_to_1000m","BEL_005_MZB_LO_156__BEL_005_MZB_LO_157","i","merge of Ellen's data and second data call","BEVL_VMM_487000","BEL_005_MZB_LO_156","NETHEN",50.7976574,4.6432229,1989,2022,34,18
"38","Belgium","Marie Anne Eurie Forio","BEL_005_MZB_LO",918.654437370542,"within_100m_to_1000m","BEL_005_MZB_LO_156__BEL_005_MZB_LO_157","j","merge of Ellen's data and second data call","BEVL_VMM_488000","BEL_005_MZB_LO_157","LAAN",50.7917737,4.6334307,1994,2023,30,19
"39","Belgium","Marie Anne Eurie Forio","BEL_005_MZB_LO",900.376724354949,"within_100m_to_1000m","BEL_005_MZB_LO_163__BEL_005_MZB_LO_172","i","merge of Ellen's data and second data call","BEVL_VMM_511000","BEL_005_MZB_LO_163","DENDER I",50.7618301,3.8668974,1989,2023,35,34
"40","Belgium","Marie Anne Eurie Forio","BEL_005_MZB_LO",900.376724354949,"within_100m_to_1000m","BEL_005_MZB_LO_163__BEL_005_MZB_LO_172","j","merge of Ellen's data and second data call","BEVL_VMM_532100","BEL_005_MZB_LO_172","MOLENBEEK - KALSTERBEEK",50.7702099,3.8671909,1993,2023,31,20
"41","Belgium","Marie Anne Eurie Forio","BEL_005_MZB_LO",934.723746345876,"within_100m_to_1000m","BEL_005_MZB_LO_181__BEL_005_MZB_LO_90","i","merge of Ellen's data and second data call","BEVL_VMM_30000","BEL_005_MZB_LO_90","KANAAL GENT-TERNEUZEN + GENTSE HAVENDOKKEN",51.2076106,3.8031094,1990,2023,34,32
"42","Belgium","Marie Anne Eurie Forio","BEL_005_MZB_LO",934.723746345876,"within_100m_to_1000m","BEL_005_MZB_LO_181__BEL_005_MZB_LO_90","j","merge of Ellen's data and second data call","BEVL_VMM_58000","BEL_005_MZB_LO_181","",51.2113909,3.8155855,1989,2005,17,13
"43","Belgium","Marie Anne Eurie Forio","BEL_005_MZB_LO",735.413144219349,"within_100m_to_1000m","BEL_005_MZB_LO_191__BEL_005_MZB_LO_192","i","merge of Ellen's data and second data call","BEVL_VMM_679010","BEL_005_MZB_LO_191","VEURNE AMBACHT POLDER WATERLOPEN",51.1151875,2.751316,1990,2020,31,13
"44","Belgium","Marie Anne Eurie Forio","BEL_005_MZB_LO",735.413144219349,"within_100m_to_1000m","BEL_005_MZB_LO_191__BEL_005_MZB_LO_192","j","merge of Ellen's data and second data call","BEVL_VMM_684000","BEL_005_MZB_LO_192","LANGGELEED",51.1214194,2.7468145,1990,2019,30,10
"45","Belgium","Marie Anne Eurie Forio","BEL_005_MZB_LO",561.938365268505,"within_100m_to_1000m","BEL_005_MZB_LO_189__BEL_005_MZB_LO_194","i","merge of Ellen's data and second data call","BEVL_VMM_67000","BEL_005_MZB_LO_189","WEERIJSEBEEK",51.4211058,4.6411677,1989,2022,34,24
"46","Belgium","Marie Anne Eurie Forio","BEL_005_MZB_LO",561.938365268505,"within_100m_to_1000m","BEL_005_MZB_LO_189__BEL_005_MZB_LO_194","j","merge of Ellen's data and second data call","BEVL_VMM_69000","BEL_005_MZB_LO_194","SLUISKENSVIJVER",51.4203405,4.6494432,1989,2023,35,16
"47","Belgium","Marie Anne Eurie Forio","BEL_005_MZB_LO",466.233325601836,"within_100m_to_1000m","BEL_005_MZB_LO_189__BEL_005_MZB_LO_197","i","merge of Ellen's data and second data call","BEVL_VMM_67000","BEL_005_MZB_LO_189","WEERIJSEBEEK",51.4211058,4.6411677,1989,2022,34,24
"48","Belgium","Marie Anne Eurie Forio","BEL_005_MZB_LO",466.233325601836,"within_100m_to_1000m","BEL_005_MZB_LO_189__BEL_005_MZB_LO_197","j","merge of Ellen's data and second data call","BEVL_VMM_70000","BEL_005_MZB_LO_197","WEHAGENBEEK",51.4168515,4.642537,1989,2023,35,21
"49","Belgium","Marie Anne Eurie Forio","BEL_005_MZB_LO",596.442551418128,"within_100m_to_1000m","BEL_005_MZB_LO_194__BEL_005_MZB_LO_197","i","merge of Ellen's data and second data call","BEVL_VMM_69000","BEL_005_MZB_LO_194","SLUISKENSVIJVER",51.4203405,4.6494432,1989,2023,35,16
"50","Belgium","Marie Anne Eurie Forio","BEL_005_MZB_LO",596.442551418128,"within_100m_to_1000m","BEL_005_MZB_LO_194__BEL_005_MZB_LO_197","j","merge of Ellen's data and second data call","BEVL_VMM_70000","BEL_005_MZB_LO_197","WEHAGENBEEK",51.4168515,4.642537,1989,2023,35,21
"51","Belgium","Marie Anne Eurie Forio","BEL_005_MZB_LO",965.708885183934,"within_100m_to_1000m","BEL_005_MZB_LO_198__BEL_005_MZB_LO_41","i","merge of Ellen's data and second data call","BEVL_VMM_173000","BEL_005_MZB_LO_41","BOVEN-SCHELDE IV",50.8934375,3.6800011,1989,2023,35,31
"52","Belgium","Marie Anne Eurie Forio","BEL_005_MZB_LO",965.708885183934,"within_100m_to_1000m","BEL_005_MZB_LO_198__BEL_005_MZB_LO_41","j","merge of Ellen's data and second data call","BEVL_VMM_716000","BEL_005_MZB_LO_198","ZWALM",50.8853835,3.6863154,1989,2021,33,21
"53","Belgium","Marie Anne Eurie Forio","BEL_005_MZB_LO",903.373732853763,"within_100m_to_1000m","BEL_005_MZB_LO_235__BEL_005_MZB_LO_237","i","merge of Ellen's data and second data call","BEVL_VMM_842700","BEL_005_MZB_LO_235","KANAAL DESSEL-KWAADMECHELEN + KANAAL DESSEL-SCHOTEN + KANAAL BOCHOLT-HERENTALS - Netebekken",51.2404947,5.1623486,1991,2011,21,10
"54","Belgium","Marie Anne Eurie Forio","BEL_005_MZB_LO",903.373732853763,"within_100m_to_1000m","BEL_005_MZB_LO_235__BEL_005_MZB_LO_237","j","merge of Ellen's data and second data call","BEVL_VMM_843000","BEL_005_MZB_LO_237","KANAAL DESSEL-KWAADMECHELEN + KANAAL DESSEL-SCHOTEN + KANAAL BOCHOLT-HERENTALS - Netebekken",51.2321675,5.1642112,1990,2023,34,20
"55","Belgium","Marie Anne Eurie Forio","BEL_005_MZB_LO",317.275042403102,"within_100m_to_1000m","BEL_005_MZB_LO_241__BEL_005_MZB_LO_52","i","merge of Ellen's data and second data call","BEVL_VMM_251500","BEL_005_MZB_LO_52","GETIJDENETES",51.1173302,4.5584441,1997,2022,26,13
"56","Belgium","Marie Anne Eurie Forio","BEL_005_MZB_LO",317.275042403102,"within_100m_to_1000m","BEL_005_MZB_LO_241__BEL_005_MZB_LO_52","j","merge of Ellen's data and second data call","BEVL_VMM_850000","BEL_005_MZB_LO_241","NETEKANAAL",51.1165139,4.5629537,1991,2022,32,20
"57","Belgium","Marie Anne Eurie Forio","BEL_005_MZB_LO",217.719888112483,"within_100m_to_1000m","BEL_005_MZB_LO_14__BEL_005_MZB_LO_243","i","merge of Ellen's data and second data call","BEVL_VMM_123000","BEL_005_MZB_LO_14","MAAS I+II+III",50.8887984,5.6823002,1989,2010,22,16
"58","Belgium","Marie Anne Eurie Forio","BEL_005_MZB_LO",217.719888112483,"within_100m_to_1000m","BEL_005_MZB_LO_14__BEL_005_MZB_LO_243","j","merge of Ellen's data and second data call","BEVL_VMM_856000","BEL_005_MZB_LO_243","ZUID-WILLEMSVAART + KANAAL BOCHOLT-HERENTALS (deels) + KANAAL BRIEGDEN-NEERHAREN",50.8879679,5.6793773,1993,2010,18,14
"59","Belgium","Marie Anne Eurie Forio","BEL_005_MZB_LO",397.620951429059,"within_100m_to_1000m","BEL_005_MZB_LO_257__BEL_005_MZB_LO_266","i","merge of Ellen's data and second data call","BEVL_VMM_913000","BEL_005_MZB_LO_257","IJZER I",50.9497655,2.7200107,1989,2022,34,24
"60","Belgium","Marie Anne Eurie Forio","BEL_005_MZB_LO",397.620951429059,"within_100m_to_1000m","BEL_005_MZB_LO_257__BEL_005_MZB_LO_266","j","merge of Ellen's data and second data call","BEVL_VMM_978000","BEL_005_MZB_LO_266","POPERINGEVAART",50.9468729,2.7163548,1993,2020,28,17
"61","Switzerland","Florian Altermatt","CHE_040_MZB_LO",101.940646438524,"within_100m_to_1000m","CHE_040_MZB_LO_10__CHE_040_MZB_LO_3","i","first call; data Ellen used","Aescherbach","CHE_040_MZB_LO_3","Reppisch",47.34929,8.43972,1999,2019,21,7
"62","Switzerland","Florian Altermatt","CHE_040_MZB_LO",101.940646438524,"within_100m_to_1000m","CHE_040_MZB_LO_10__CHE_040_MZB_LO_3","j","first call; data Ellen used","Wueeribach","CHE_040_MZB_LO_10","Reppisch",47.34908,8.44108,1999,2019,21,7
"63","Switzerland","Christopher Robinson","CHE_076_MZB_LO",293.541219581152,"within_100m_to_1000m","CHE_076_MZB_LO_1__CHE_076_MZB_LO_3","i","new data call","1","CHE_076_MZB_LO_1","Grond",46.7292538603,10.126757835,2001,2022,22,22
"64","Switzerland","Christopher Robinson","CHE_076_MZB_LO",293.541219581152,"within_100m_to_1000m","CHE_076_MZB_LO_1__CHE_076_MZB_LO_3","j","new data call","3","CHE_076_MZB_LO_3","Mezza-Gluna",46.7292682892,10.1307247637,2001,2022,22,22
"65","Switzerland","Christopher Robinson","CHE_076_MZB_LO",240.017161915725,"within_100m_to_1000m","CHE_076_MZB_LO_2__CHE_076_MZB_LO_3","i","new data call","2","CHE_076_MZB_LO_2","Mezza-Gluna",46.7299353673,10.1276295696,2001,2022,22,22
"66","Switzerland","Christopher Robinson","CHE_076_MZB_LO",240.017161915725,"within_100m_to_1000m","CHE_076_MZB_LO_2__CHE_076_MZB_LO_3","j","new data call","3","CHE_076_MZB_LO_3","Mezza-Gluna",46.7292682892,10.1307247637,2001,2022,22,22
"67","Switzerland","Christopher Robinson","CHE_076_MZB_LO",351.787449393352,"within_100m_to_1000m","CHE_076_MZB_LO_1__CHE_076_MZB_LO_4","i","new data call","1","CHE_076_MZB_LO_1","Grond",46.7292538603,10.126757835,2001,2022,22,22
"68","Switzerland","Christopher Robinson","CHE_076_MZB_LO",351.787449393352,"within_100m_to_1000m","CHE_076_MZB_LO_1__CHE_076_MZB_LO_4","j","new data call","4","CHE_076_MZB_LO_4","Immez",46.7279272478,10.1311028504,2001,2022,22,22
"69","Switzerland","Christopher Robinson","CHE_076_MZB_LO",335.787269962653,"within_100m_to_1000m","CHE_076_MZB_LO_2__CHE_076_MZB_LO_4","i","new data call","2","CHE_076_MZB_LO_2","Mezza-Gluna",46.7299353673,10.1276295696,2001,2022,22,22
"70","Switzerland","Christopher Robinson","CHE_076_MZB_LO",335.787269962653,"within_100m_to_1000m","CHE_076_MZB_LO_2__CHE_076_MZB_LO_4","j","new data call","4","CHE_076_MZB_LO_4","Immez",46.7279272478,10.1311028504,2001,2022,22,22
"71","Switzerland","Christopher Robinson","CHE_076_MZB_LO",146.999582707182,"within_100m_to_1000m","CHE_076_MZB_LO_3__CHE_076_MZB_LO_4","i","new data call","3","CHE_076_MZB_LO_3","Mezza-Gluna",46.7292682892,10.1307247637,2001,2022,22,22
"72","Switzerland","Christopher Robinson","CHE_076_MZB_LO",146.999582707182,"within_100m_to_1000m","CHE_076_MZB_LO_3__CHE_076_MZB_LO_4","j","new data call","4","CHE_076_MZB_LO_4","Immez",46.7279272478,10.1311028504,2001,2022,22,22
"73","Switzerland","Christopher Robinson","CHE_076_MZB_LO",440.14974309088,"within_100m_to_1000m","CHE_076_MZB_LO_1__CHE_076_MZB_LO_5","i","new data call","1","CHE_076_MZB_LO_1","Grond",46.7292538603,10.126757835,2001,2022,22,22
"74","Switzerland","Christopher Robinson","CHE_076_MZB_LO",440.14974309088,"within_100m_to_1000m","CHE_076_MZB_LO_1__CHE_076_MZB_LO_5","j","new data call","5","CHE_076_MZB_LO_5","Sura",46.7251800148,10.1262275256,2001,2022,22,22
"75","Switzerland","Christopher Robinson","CHE_076_MZB_LO",522.146562627823,"within_100m_to_1000m","CHE_076_MZB_LO_2__CHE_076_MZB_LO_5","i","new data call","2","CHE_076_MZB_LO_2","Mezza-Gluna",46.7299353673,10.1276295696,2001,2022,22,22
"76","Switzerland","Christopher Robinson","CHE_076_MZB_LO",522.146562627823,"within_100m_to_1000m","CHE_076_MZB_LO_2__CHE_076_MZB_LO_5","j","new data call","5","CHE_076_MZB_LO_5","Sura",46.7251800148,10.1262275256,2001,2022,22,22
"77","Switzerland","Christopher Robinson","CHE_076_MZB_LO",551.639092230117,"within_100m_to_1000m","CHE_076_MZB_LO_3__CHE_076_MZB_LO_5","i","new data call","3","CHE_076_MZB_LO_3","Mezza-Gluna",46.7292682892,10.1307247637,2001,2022,22,22
"78","Switzerland","Christopher Robinson","CHE_076_MZB_LO",551.639092230117,"within_100m_to_1000m","CHE_076_MZB_LO_3__CHE_076_MZB_LO_5","j","new data call","5","CHE_076_MZB_LO_5","Sura",46.7251800148,10.1262275256,2001,2022,22,22
"79","Switzerland","Christopher Robinson","CHE_076_MZB_LO",466.432343707109,"within_100m_to_1000m","CHE_076_MZB_LO_4__CHE_076_MZB_LO_5","i","new data call","4","CHE_076_MZB_LO_4","Immez",46.7279272478,10.1311028504,2001,2022,22,22
"80","Switzerland","Christopher Robinson","CHE_076_MZB_LO",466.432343707109,"within_100m_to_1000m","CHE_076_MZB_LO_4__CHE_076_MZB_LO_5","j","new data call","5","CHE_076_MZB_LO_5","Sura",46.7251800148,10.1262275256,2001,2022,22,22
"81","Switzerland","Christopher Robinson","CHE_076_MZB_LO",326.802926314975,"within_100m_to_1000m","CHE_076_MZB_LO_1__CHE_076_MZB_LO_6","i","new data call","1","CHE_076_MZB_LO_1","Grond",46.7292538603,10.126757835,2001,2022,22,22
"82","Switzerland","Christopher Robinson","CHE_076_MZB_LO",326.802926314975,"within_100m_to_1000m","CHE_076_MZB_LO_1__CHE_076_MZB_LO_6","j","new data call","6","CHE_076_MZB_LO_6","Sura",46.7263927124,10.1282382454,2001,2022,22,22
"83","Switzerland","Christopher Robinson","CHE_076_MZB_LO",383.88516865835,"within_100m_to_1000m","CHE_076_MZB_LO_2__CHE_076_MZB_LO_6","i","new data call","2","CHE_076_MZB_LO_2","Mezza-Gluna",46.7299353673,10.1276295696,2001,2022,22,22
"84","Switzerland","Christopher Robinson","CHE_076_MZB_LO",383.88516865835,"within_100m_to_1000m","CHE_076_MZB_LO_2__CHE_076_MZB_LO_6","j","new data call","6","CHE_076_MZB_LO_6","Sura",46.7263927124,10.1282382454,2001,2022,22,22
"85","Switzerland","Christopher Robinson","CHE_076_MZB_LO",360.018338242242,"within_100m_to_1000m","CHE_076_MZB_LO_3__CHE_076_MZB_LO_6","i","new data call","3","CHE_076_MZB_LO_3","Mezza-Gluna",46.7292682892,10.1307247637,2001,2022,22,22
"86","Switzerland","Christopher Robinson","CHE_076_MZB_LO",360.018338242242,"within_100m_to_1000m","CHE_076_MZB_LO_3__CHE_076_MZB_LO_6","j","new data call","6","CHE_076_MZB_LO_6","Sura",46.7263927124,10.1282382454,2001,2022,22,22
"87","Switzerland","Christopher Robinson","CHE_076_MZB_LO",268.708841673941,"within_100m_to_1000m","CHE_076_MZB_LO_4__CHE_076_MZB_LO_6","i","new data call","4","CHE_076_MZB_LO_4","Immez",46.7279272478,10.1311028504,2001,2022,22,22
"88","Switzerland","Christopher Robinson","CHE_076_MZB_LO",268.708841673941,"within_100m_to_1000m","CHE_076_MZB_LO_4__CHE_076_MZB_LO_6","j","new data call","6","CHE_076_MZB_LO_6","Sura",46.7263927124,10.1282382454,2001,2022,22,22
"89","Switzerland","Christopher Robinson","CHE_076_MZB_LO",197.916129470776,"within_100m_to_1000m","CHE_076_MZB_LO_5__CHE_076_MZB_LO_6","i","new data call","5","CHE_076_MZB_LO_5","Sura",46.7251800148,10.1262275256,2001,2022,22,22
"90","Switzerland","Christopher Robinson","CHE_076_MZB_LO",197.916129470776,"within_100m_to_1000m","CHE_076_MZB_LO_5__CHE_076_MZB_LO_6","j","new data call","6","CHE_076_MZB_LO_6","Sura",46.7263927124,10.1282382454,2001,2022,22,22
"91","Switzerland","Christopher Robinson","CHE_076_MZB_LO",455.685170800876,"within_100m_to_1000m","CHE_076_MZB_LO_1__CHE_076_MZB_LO_7","i","new data call","1","CHE_076_MZB_LO_1","Grond",46.7292538603,10.126757835,2001,2022,22,22
"92","Switzerland","Christopher Robinson","CHE_076_MZB_LO",455.685170800876,"within_100m_to_1000m","CHE_076_MZB_LO_1__CHE_076_MZB_LO_7","j","new data call","7","CHE_076_MZB_LO_7","Sura",46.7262966296,10.1311654076,2001,2022,22,22
"93","Switzerland","Christopher Robinson","CHE_076_MZB_LO",470.943054999072,"within_100m_to_1000m","CHE_076_MZB_LO_2__CHE_076_MZB_LO_7","i","new data call","2","CHE_076_MZB_LO_2","Mezza-Gluna",46.7299353673,10.1276295696,2001,2022,22,22
"94","Switzerland","Christopher Robinson","CHE_076_MZB_LO",470.943054999072,"within_100m_to_1000m","CHE_076_MZB_LO_2__CHE_076_MZB_LO_7","j","new data call","7","CHE_076_MZB_LO_7","Sura",46.7262966296,10.1311654076,2001,2022,22,22
"95","Switzerland","Christopher Robinson","CHE_076_MZB_LO",321.445737695122,"within_100m_to_1000m","CHE_076_MZB_LO_3__CHE_076_MZB_LO_7","i","new data call","3","CHE_076_MZB_LO_3","Mezza-Gluna",46.7292682892,10.1307247637,2001,2022,22,22
"96","Switzerland","Christopher Robinson","CHE_076_MZB_LO",321.445737695122,"within_100m_to_1000m","CHE_076_MZB_LO_3__CHE_076_MZB_LO_7","j","new data call","7","CHE_076_MZB_LO_7","Sura",46.7262966296,10.1311654076,2001,2022,22,22
"97","Switzerland","Christopher Robinson","CHE_076_MZB_LO",175.536045886902,"within_100m_to_1000m","CHE_076_MZB_LO_4__CHE_076_MZB_LO_7","i","new data call","4","CHE_076_MZB_LO_4","Immez",46.7279272478,10.1311028504,2001,2022,22,22
"98","Switzerland","Christopher Robinson","CHE_076_MZB_LO",175.536045886902,"within_100m_to_1000m","CHE_076_MZB_LO_4__CHE_076_MZB_LO_7","j","new data call","7","CHE_076_MZB_LO_7","Sura",46.7262966296,10.1311654076,2001,2022,22,22
"99","Switzerland","Christopher Robinson","CHE_076_MZB_LO",384.659269071362,"within_100m_to_1000m","CHE_076_MZB_LO_5__CHE_076_MZB_LO_7","i","new data call","5","CHE_076_MZB_LO_5","Sura",46.7251800148,10.1262275256,2001,2022,22,22
"100","Switzerland","Christopher Robinson","CHE_076_MZB_LO",384.659269071362,"within_100m_to_1000m","CHE_076_MZB_LO_5__CHE_076_MZB_LO_7","j","new data call","7","CHE_076_MZB_LO_7","Sura",46.7262966296,10.1311654076,2001,2022,22,22
"101","Switzerland","Christopher Robinson","CHE_076_MZB_LO",216.857554118507,"within_100m_to_1000m","CHE_076_MZB_LO_6__CHE_076_MZB_LO_7","i","new data call","6","CHE_076_MZB_LO_6","Sura",46.7263927124,10.1282382454,2001,2022,22,22
"102","Switzerland","Christopher Robinson","CHE_076_MZB_LO",216.857554118507,"within_100m_to_1000m","CHE_076_MZB_LO_6__CHE_076_MZB_LO_7","j","new data call","7","CHE_076_MZB_LO_7","Sura",46.7262966296,10.1311654076,2001,2022,22,22
"103","Switzerland","Christopher Robinson","CHE_076_MZB_LO",491.529096573962,"within_100m_to_1000m","CHE_076_MZB_LO_1__CHE_076_MZB_LO_8","i","new data call","1","CHE_076_MZB_LO_1","Grond",46.7292538603,10.126757835,2001,2022,22,22
"104","Switzerland","Christopher Robinson","CHE_076_MZB_LO",491.529096573962,"within_100m_to_1000m","CHE_076_MZB_LO_1__CHE_076_MZB_LO_8","j","new data call","8","CHE_076_MZB_LO_8","Immez",46.7269669852,10.1325078081,2001,2022,22,22
"105","Switzerland","Christopher Robinson","CHE_076_MZB_LO",482.019068114586,"within_100m_to_1000m","CHE_076_MZB_LO_2__CHE_076_MZB_LO_8","i","new data call","2","CHE_076_MZB_LO_2","Mezza-Gluna",46.7299353673,10.1276295696,2001,2022,22,22
"106","Switzerland","Christopher Robinson","CHE_076_MZB_LO",482.019068114586,"within_100m_to_1000m","CHE_076_MZB_LO_2__CHE_076_MZB_LO_8","j","new data call","8","CHE_076_MZB_LO_8","Immez",46.7269669852,10.1325078081,2001,2022,22,22
"107","Switzerland","Christopher Robinson","CHE_076_MZB_LO",280.603804637706,"within_100m_to_1000m","CHE_076_MZB_LO_3__CHE_076_MZB_LO_8","i","new data call","3","CHE_076_MZB_LO_3","Mezza-Gluna",46.7292682892,10.1307247637,2001,2022,22,22
"108","Switzerland","Christopher Robinson","CHE_076_MZB_LO",280.603804637706,"within_100m_to_1000m","CHE_076_MZB_LO_3__CHE_076_MZB_LO_8","j","new data call","8","CHE_076_MZB_LO_8","Immez",46.7269669852,10.1325078081,2001,2022,22,22
"109","Switzerland","Christopher Robinson","CHE_076_MZB_LO",146.584851613688,"within_100m_to_1000m","CHE_076_MZB_LO_4__CHE_076_MZB_LO_8","i","new data call","4","CHE_076_MZB_LO_4","Immez",46.7279272478,10.1311028504,2001,2022,22,22
"110","Switzerland","Christopher Robinson","CHE_076_MZB_LO",146.584851613688,"within_100m_to_1000m","CHE_076_MZB_LO_4__CHE_076_MZB_LO_8","j","new data call","8","CHE_076_MZB_LO_8","Immez",46.7269669852,10.1325078081,2001,2022,22,22
"111","Switzerland","Christopher Robinson","CHE_076_MZB_LO",502.959022983391,"within_100m_to_1000m","CHE_076_MZB_LO_5__CHE_076_MZB_LO_8","i","new data call","5","CHE_076_MZB_LO_5","Sura",46.7251800148,10.1262275256,2001,2022,22,22
"112","Switzerland","Christopher Robinson","CHE_076_MZB_LO",502.959022983391,"within_100m_to_1000m","CHE_076_MZB_LO_5__CHE_076_MZB_LO_8","j","new data call","8","CHE_076_MZB_LO_8","Immez",46.7269669852,10.1325078081,2001,2022,22,22
"113","Switzerland","Christopher Robinson","CHE_076_MZB_LO",321.934078962324,"within_100m_to_1000m","CHE_076_MZB_LO_6__CHE_076_MZB_LO_8","i","new data call","6","CHE_076_MZB_LO_6","Sura",46.7263927124,10.1282382454,2001,2022,22,22
"114","Switzerland","Christopher Robinson","CHE_076_MZB_LO",321.934078962324,"within_100m_to_1000m","CHE_076_MZB_LO_6__CHE_076_MZB_LO_8","j","new data call","8","CHE_076_MZB_LO_8","Immez",46.7269669852,10.1325078081,2001,2022,22,22
"115","Switzerland","Christopher Robinson","CHE_076_MZB_LO",122.767797868818,"within_100m_to_1000m","CHE_076_MZB_LO_7__CHE_076_MZB_LO_8","i","new data call","7","CHE_076_MZB_LO_7","Sura",46.7262966296,10.1311654076,2001,2022,22,22
"116","Switzerland","Christopher Robinson","CHE_076_MZB_LO",122.767797868818,"within_100m_to_1000m","CHE_076_MZB_LO_7__CHE_076_MZB_LO_8","j","new data call","8","CHE_076_MZB_LO_8","Immez",46.7269669852,10.1325078081,2001,2022,22,22
"117","Switzerland","Christopher Robinson","CHE_076_MZB_LO",602.607682695386,"within_100m_to_1000m","CHE_076_MZB_LO_1__CHE_076_MZB_LO_9","i","new data call","1","CHE_076_MZB_LO_1","Grond",46.7292538603,10.126757835,2001,2022,22,22
"118","Switzerland","Christopher Robinson","CHE_076_MZB_LO",602.607682695386,"within_100m_to_1000m","CHE_076_MZB_LO_1__CHE_076_MZB_LO_9","j","new data call","9","CHE_076_MZB_LO_9","Immez",46.7279061578,10.1346621394,2001,2022,22,22
"119","Switzerland","Christopher Robinson","CHE_076_MZB_LO",564.345776605134,"within_100m_to_1000m","CHE_076_MZB_LO_2__CHE_076_MZB_LO_9","i","new data call","2","CHE_076_MZB_LO_2","Mezza-Gluna",46.7299353673,10.1276295696,2001,2022,22,22
"120","Switzerland","Christopher Robinson","CHE_076_MZB_LO",564.345776605134,"within_100m_to_1000m","CHE_076_MZB_LO_2__CHE_076_MZB_LO_9","j","new data call","9","CHE_076_MZB_LO_9","Immez",46.7279061578,10.1346621394,2001,2022,22,22
"121","Switzerland","Christopher Robinson","CHE_076_MZB_LO",326.149660439918,"within_100m_to_1000m","CHE_076_MZB_LO_3__CHE_076_MZB_LO_9","i","new data call","3","CHE_076_MZB_LO_3","Mezza-Gluna",46.7292682892,10.1307247637,2001,2022,22,22
"122","Switzerland","Christopher Robinson","CHE_076_MZB_LO",326.149660439918,"within_100m_to_1000m","CHE_076_MZB_LO_3__CHE_076_MZB_LO_9","j","new data call","9","CHE_076_MZB_LO_9","Immez",46.7279061578,10.1346621394,2001,2022,22,22
"123","Switzerland","Christopher Robinson","CHE_076_MZB_LO",263.390125878033,"within_100m_to_1000m","CHE_076_MZB_LO_4__CHE_076_MZB_LO_9","i","new data call","4","CHE_076_MZB_LO_4","Immez",46.7279272478,10.1311028504,2001,2022,22,22
"124","Switzerland","Christopher Robinson","CHE_076_MZB_LO",263.390125878033,"within_100m_to_1000m","CHE_076_MZB_LO_4__CHE_076_MZB_LO_9","j","new data call","9","CHE_076_MZB_LO_9","Immez",46.7279061578,10.1346621394,2001,2022,22,22
"125","Switzerland","Christopher Robinson","CHE_076_MZB_LO",689.668143490101,"within_100m_to_1000m","CHE_076_MZB_LO_5__CHE_076_MZB_LO_9","i","new data call","5","CHE_076_MZB_LO_5","Sura",46.7251800148,10.1262275256,2001,2022,22,22
"126","Switzerland","Christopher Robinson","CHE_076_MZB_LO",689.668143490101,"within_100m_to_1000m","CHE_076_MZB_LO_5__CHE_076_MZB_LO_9","j","new data call","9","CHE_076_MZB_LO_9","Immez",46.7279061578,10.1346621394,2001,2022,22,22
"127","Switzerland","Christopher Robinson","CHE_076_MZB_LO",502.4886816104,"within_100m_to_1000m","CHE_076_MZB_LO_6__CHE_076_MZB_LO_9","i","new data call","6","CHE_076_MZB_LO_6","Sura",46.7263927124,10.1282382454,2001,2022,22,22
"128","Switzerland","Christopher Robinson","CHE_076_MZB_LO",502.4886816104,"within_100m_to_1000m","CHE_076_MZB_LO_6__CHE_076_MZB_LO_9","j","new data call","9","CHE_076_MZB_LO_9","Immez",46.7279061578,10.1346621394,2001,2022,22,22
"129","Switzerland","Christopher Robinson","CHE_076_MZB_LO",311.375142723633,"within_100m_to_1000m","CHE_076_MZB_LO_7__CHE_076_MZB_LO_9","i","new data call","7","CHE_076_MZB_LO_7","Sura",46.7262966296,10.1311654076,2001,2022,22,22
"130","Switzerland","Christopher Robinson","CHE_076_MZB_LO",311.375142723633,"within_100m_to_1000m","CHE_076_MZB_LO_7__CHE_076_MZB_LO_9","j","new data call","9","CHE_076_MZB_LO_9","Immez",46.7279061578,10.1346621394,2001,2022,22,22
"131","Switzerland","Christopher Robinson","CHE_076_MZB_LO",188.755151900744,"within_100m_to_1000m","CHE_076_MZB_LO_8__CHE_076_MZB_LO_9","i","new data call","8","CHE_076_MZB_LO_8","Immez",46.7269669852,10.1325078081,2001,2022,22,22
"132","Switzerland","Christopher Robinson","CHE_076_MZB_LO",188.755151900744,"within_100m_to_1000m","CHE_076_MZB_LO_8__CHE_076_MZB_LO_9","j","new data call","9","CHE_076_MZB_LO_9","Immez",46.7279061578,10.1346621394,2001,2022,22,22
"133","Switzerland","Christopher Robinson","CHE_076_MZB_LO",778.551493499244,"within_100m_to_1000m","CHE_076_MZB_LO_1__CHE_076_MZB_LO_10","i","new data call","1","CHE_076_MZB_LO_1","Grond",46.7292538603,10.126757835,2001,2022,22,22
"134","Switzerland","Christopher Robinson","CHE_076_MZB_LO",778.551493499244,"within_100m_to_1000m","CHE_076_MZB_LO_1__CHE_076_MZB_LO_10","j","new data call","10","CHE_076_MZB_LO_10","Zeznina",46.7316567139,10.1366823439,2001,2022,22,22
"135","Switzerland","Christopher Robinson","CHE_076_MZB_LO",694.990153984097,"within_100m_to_1000m","CHE_076_MZB_LO_10__CHE_076_MZB_LO_2","i","new data call","2","CHE_076_MZB_LO_2","Mezza-Gluna",46.7299353673,10.1276295696,2001,2022,22,22
"136","Switzerland","Christopher Robinson","CHE_076_MZB_LO",694.990153984097,"within_100m_to_1000m","CHE_076_MZB_LO_10__CHE_076_MZB_LO_2","j","new data call","10","CHE_076_MZB_LO_10","Zeznina",46.7316567139,10.1366823439,2001,2022,22,22
"137","Switzerland","Christopher Robinson","CHE_076_MZB_LO",510.283880020986,"within_100m_to_1000m","CHE_076_MZB_LO_10__CHE_076_MZB_LO_3","i","new data call","3","CHE_076_MZB_LO_3","Mezza-Gluna",46.7292682892,10.1307247637,2001,2022,22,22
"138","Switzerland","Christopher Robinson","CHE_076_MZB_LO",510.283880020986,"within_100m_to_1000m","CHE_076_MZB_LO_10__CHE_076_MZB_LO_3","j","new data call","10","CHE_076_MZB_LO_10","Zeznina",46.7316567139,10.1366823439,2001,2022,22,22
"139","Switzerland","Christopher Robinson","CHE_076_MZB_LO",575.778686167223,"within_100m_to_1000m","CHE_076_MZB_LO_10__CHE_076_MZB_LO_4","i","new data call","4","CHE_076_MZB_LO_4","Immez",46.7279272478,10.1311028504,2001,2022,22,22
"140","Switzerland","Christopher Robinson","CHE_076_MZB_LO",575.778686167223,"within_100m_to_1000m","CHE_076_MZB_LO_10__CHE_076_MZB_LO_4","j","new data call","10","CHE_076_MZB_LO_10","Zeznina",46.7316567139,10.1366823439,2001,2022,22,22
"141","Switzerland","Christopher Robinson","CHE_076_MZB_LO",843.389743004708,"within_100m_to_1000m","CHE_076_MZB_LO_10__CHE_076_MZB_LO_6","i","new data call","6","CHE_076_MZB_LO_6","Sura",46.7263927124,10.1282382454,2001,2022,22,22
"142","Switzerland","Christopher Robinson","CHE_076_MZB_LO",843.389743004708,"within_100m_to_1000m","CHE_076_MZB_LO_10__CHE_076_MZB_LO_6","j","new data call","10","CHE_076_MZB_LO_10","Zeznina",46.7316567139,10.1366823439,2001,2022,22,22
"143","Switzerland","Christopher Robinson","CHE_076_MZB_LO",706.658431096181,"within_100m_to_1000m","CHE_076_MZB_LO_10__CHE_076_MZB_LO_7","i","new data call","7","CHE_076_MZB_LO_7","Sura",46.7262966296,10.1311654076,2001,2022,22,22
"144","Switzerland","Christopher Robinson","CHE_076_MZB_LO",706.658431096181,"within_100m_to_1000m","CHE_076_MZB_LO_10__CHE_076_MZB_LO_7","j","new data call","10","CHE_076_MZB_LO_10","Zeznina",46.7316567139,10.1366823439,2001,2022,22,22
"145","Switzerland","Christopher Robinson","CHE_076_MZB_LO",591.703418469142,"within_100m_to_1000m","CHE_076_MZB_LO_10__CHE_076_MZB_LO_8","i","new data call","8","CHE_076_MZB_LO_8","Immez",46.7269669852,10.1325078081,2001,2022,22,22
"146","Switzerland","Christopher Robinson","CHE_076_MZB_LO",591.703418469142,"within_100m_to_1000m","CHE_076_MZB_LO_10__CHE_076_MZB_LO_8","j","new data call","10","CHE_076_MZB_LO_10","Zeznina",46.7316567139,10.1366823439,2001,2022,22,22
"147","Switzerland","Christopher Robinson","CHE_076_MZB_LO",430.399381981279,"within_100m_to_1000m","CHE_076_MZB_LO_10__CHE_076_MZB_LO_9","i","new data call","9","CHE_076_MZB_LO_9","Immez",46.7279061578,10.1346621394,2001,2022,22,22
"148","Switzerland","Christopher Robinson","CHE_076_MZB_LO",430.399381981279,"within_100m_to_1000m","CHE_076_MZB_LO_10__CHE_076_MZB_LO_9","j","new data call","10","CHE_076_MZB_LO_10","Zeznina",46.7316567139,10.1366823439,2001,2022,22,22
"149","Czech Republic","state enterprises Povodí Moravy, Ohře, Odry, Labe, Vltavy (via Peter Paril)","CZE_003_MZB_LO",819.283095706691,"within_100m_to_1000m","CZE_003_MZB_LO_16__CZE_003_MZB_LO_57","i","second data call; new data","PLA_1032","CZE_003_MZB_LO_16","Výrovka",50.1597348405507,15.0109222585445,2007,2021,15,7
"150","Czech Republic","state enterprises Povodí Moravy, Ohře, Odry, Labe, Vltavy (via Peter Paril)","CZE_003_MZB_LO",819.283095706691,"within_100m_to_1000m","CZE_003_MZB_LO_16__CZE_003_MZB_LO_57","j","second data call; new data","PLA_155","CZE_003_MZB_LO_57","Výrovka",50.1524691506685,15.014533904936,2007,2021,15,6
"151","Czech Republic","state enterprises Povodí Moravy, Ohře, Odry, Labe, Vltavy (via Peter Paril)","CZE_003_MZB_LO",471.65220319131,"within_100m_to_1000m","CZE_003_MZB_LO_73__CZE_003_MZB_LO_75","i","second data call; new data","PLA_210","CZE_003_MZB_LO_73","Vortovský potok",49.7242944650403,15.9311769091088,2007,2020,14,6
"152","Czech Republic","state enterprises Povodí Moravy, Ohře, Odry, Labe, Vltavy (via Peter Paril)","CZE_003_MZB_LO",471.65220319131,"within_100m_to_1000m","CZE_003_MZB_LO_73__CZE_003_MZB_LO_75","j","second data call; new data","PLA_216","CZE_003_MZB_LO_75","Chrudimka",49.7274288991162,15.9359198588535,2007,2020,14,11
"153","Czech Republic","state enterprises Povodí Moravy, Ohře, Odry, Labe, Vltavy (via Peter Paril)","CZE_003_MZB_LO",385.543769813055,"within_100m_to_1000m","CZE_003_MZB_LO_28__CZE_003_MZB_LO_98","i","second data call; new data","PLA_107","CZE_003_MZB_LO_28","Ličná",50.5764367634419,15.9615713009077,2007,2019,13,5
"154","Czech Republic","state enterprises Povodí Moravy, Ohře, Odry, Labe, Vltavy (via Peter Paril)","CZE_003_MZB_LO",385.543769813055,"within_100m_to_1000m","CZE_003_MZB_LO_28__CZE_003_MZB_LO_98","j","second data call; new data","PLA_371","CZE_003_MZB_LO_98","Petříkovický potok",50.5790581427866,15.9654216088515,2008,2021,14,8
"155","Czech Republic","state enterprises Povodí Moravy, Ohře, Odry, Labe, Vltavy (via Peter Paril)","CZE_003_MZB_LO",637.535898652754,"within_100m_to_1000m","CZE_003_MZB_LO_116__CZE_003_MZB_LO_118","i","second data call; new data","PLA_56","CZE_003_MZB_LO_116","Dědina",50.2926661806457,16.0574563591631,2007,2020,14,7
"156","Czech Republic","state enterprises Povodí Moravy, Ohře, Odry, Labe, Vltavy (via Peter Paril)","CZE_003_MZB_LO",637.535898652754,"within_100m_to_1000m","CZE_003_MZB_LO_116__CZE_003_MZB_LO_118","j","second data call; new data","PLA_57","CZE_003_MZB_LO_118","Zlatý potok",50.2868932352972,16.0596079033574,2007,2020,14,7
"157","Czech Republic","state enterprises Povodí Moravy, Ohře, Odry, Labe, Vltavy (via Peter Paril)","CZE_003_MZB_LO",705.617531197065,"within_100m_to_1000m","CZE_003_MZB_LO_115__CZE_003_MZB_LO_122","i","second data call; new data","PLA_55","CZE_003_MZB_LO_115","Piletický potok",50.2190923597191,15.832134238149,2007,2021,15,7
"158","Czech Republic","state enterprises Povodí Moravy, Ohře, Odry, Labe, Vltavy (via Peter Paril)","CZE_003_MZB_LO",705.617531197065,"within_100m_to_1000m","CZE_003_MZB_LO_115__CZE_003_MZB_LO_122","j","second data call; new data","PLA_7","CZE_003_MZB_LO_122","Labe",50.2132273759885,15.8275231273656,2006,2021,16,14
"159","Czech Republic","state enterprises Povodí Moravy, Ohře, Odry, Labe, Vltavy (via Peter Paril)","CZE_003_MZB_LO",816.314686435068,"within_100m_to_1000m","CZE_003_MZB_LO_124__CZE_003_MZB_LO_71","i","second data call; new data","PLA_199","CZE_003_MZB_LO_71","Kamenice",50.8092583572558,15.1844553680616,2007,2020,14,8
"160","Czech Republic","state enterprises Povodí Moravy, Ohře, Odry, Labe, Vltavy (via Peter Paril)","CZE_003_MZB_LO",816.314686435068,"within_100m_to_1000m","CZE_003_MZB_LO_124__CZE_003_MZB_LO_71","j","second data call; new data","PLA_81","CZE_003_MZB_LO_124","Blatný potok",50.8065959435522,15.1732221779194,2007,2020,14,6
"161","Czech Republic","state enterprises Povodí Moravy, Ohře, Odry, Labe, Vltavy (via Peter Paril)","CZE_003_MZB_LO",698.061787818711,"within_100m_to_1000m","CZE_003_MZB_LO_124__CZE_003_MZB_LO_125","i","second data call; new data","PLA_81","CZE_003_MZB_LO_124","Blatný potok",50.8065959435522,15.1732221779194,2007,2020,14,6
"162","Czech Republic","state enterprises Povodí Moravy, Ohře, Odry, Labe, Vltavy (via Peter Paril)","CZE_003_MZB_LO",698.061787818711,"within_100m_to_1000m","CZE_003_MZB_LO_124__CZE_003_MZB_LO_125","j","second data call; new data","PLA_82","CZE_003_MZB_LO_125","Červený potok",50.8030824410998,15.1645950697099,2007,2020,14,6
"163","Czech Republic","state enterprises Povodí Moravy, Ohře, Odry, Labe, Vltavy (via Peter Paril)","CZE_003_MZB_LO",401.295160238831,"within_100m_to_1000m","CZE_003_MZB_LO_128__CZE_003_MZB_LO_129","i","second data call; new data","PLA_85","CZE_003_MZB_LO_128","Černá Desná",50.8077319570185,15.2931332148044,2007,2020,14,6
"164","Czech Republic","state enterprises Povodí Moravy, Ohře, Odry, Labe, Vltavy (via Peter Paril)","CZE_003_MZB_LO",401.295160238831,"within_100m_to_1000m","CZE_003_MZB_LO_128__CZE_003_MZB_LO_129","j","second data call; new data","PLA_86","CZE_003_MZB_LO_129","Bílá Desná",50.8050269356117,15.2971994794953,2007,2020,14,6
"165","Czech Republic","state enterprises Povodí Moravy, Ohře, Odry, Labe, Vltavy (via Peter Paril)","CZE_003_MZB_LO",854.321726272019,"within_100m_to_1000m","CZE_003_MZB_LO_128__CZE_003_MZB_LO_130","i","second data call; new data","PLA_85","CZE_003_MZB_LO_128","Černá Desná",50.8077319570185,15.2931332148044,2007,2020,14,6
"166","Czech Republic","state enterprises Povodí Moravy, Ohře, Odry, Labe, Vltavy (via Peter Paril)","CZE_003_MZB_LO",854.321726272019,"within_100m_to_1000m","CZE_003_MZB_LO_128__CZE_003_MZB_LO_130","j","second data call; new data","PLA_87","CZE_003_MZB_LO_130","Hřebový potok",50.80504050532,15.3049439805929,2007,2020,14,6
"167","Czech Republic","state enterprises Povodí Moravy, Ohře, Odry, Labe, Vltavy (via Peter Paril)","CZE_003_MZB_LO",527.155860754941,"within_100m_to_1000m","CZE_003_MZB_LO_129__CZE_003_MZB_LO_130","i","second data call; new data","PLA_86","CZE_003_MZB_LO_129","Bílá Desná",50.8050269356117,15.2971994794953,2007,2020,14,6
"168","Czech Republic","state enterprises Povodí Moravy, Ohře, Odry, Labe, Vltavy (via Peter Paril)","CZE_003_MZB_LO",527.155860754941,"within_100m_to_1000m","CZE_003_MZB_LO_129__CZE_003_MZB_LO_130","j","second data call; new data","PLA_87","CZE_003_MZB_LO_130","Hřebový potok",50.80504050532,15.3049439805929,2007,2020,14,6
"169","Czech Republic","state enterprises Povodí Moravy, Ohře, Odry, Labe, Vltavy (via Peter Paril)","CZE_003_MZB_LO",819.257330016363,"within_100m_to_1000m","CZE_003_MZB_LO_130__CZE_003_MZB_LO_131","i","second data call; new data","PLA_87","CZE_003_MZB_LO_130","Hřebový potok",50.80504050532,15.3049439805929,2007,2020,14,6
"170","Czech Republic","state enterprises Povodí Moravy, Ohře, Odry, Labe, Vltavy (via Peter Paril)","CZE_003_MZB_LO",819.257330016363,"within_100m_to_1000m","CZE_003_MZB_LO_130__CZE_003_MZB_LO_131","j","second data call; new data","PLA_88","CZE_003_MZB_LO_131","Hutní potok",50.8000470273607,15.3140408384468,2007,2020,14,6
"171","Czech Republic","state enterprises Povodí Moravy, Ohře, Odry, Labe, Vltavy (via Peter Paril)","CZE_003_MZB_LO",189.459205254573,"within_100m_to_1000m","CZE_003_MZB_LO_152__CZE_003_MZB_LO_182","i","second data call; new data","PMO_1202","CZE_003_MZB_LO_152","Jihlava",49.2094382751944,15.9918250543559,2006,2021,16,7
"172","Czech Republic","state enterprises Povodí Moravy, Ohře, Odry, Labe, Vltavy (via Peter Paril)","CZE_003_MZB_LO",189.459205254573,"within_100m_to_1000m","CZE_003_MZB_LO_152__CZE_003_MZB_LO_182","j","second data call; new data","PMO_511-031","CZE_003_MZB_LO_182","Mlýnský potok",49.2110998567343,15.9909232319311,2006,2019,14,6
"173","Czech Republic","state enterprises Povodí Moravy, Ohře, Odry, Labe, Vltavy (via Peter Paril)","CZE_003_MZB_LO",671.409151441818,"within_100m_to_1000m","CZE_003_MZB_LO_141__CZE_003_MZB_LO_199","i","second data call; new data","PMO_1171","CZE_003_MZB_LO_141","Bečva",49.5017176726467,17.9069126848503,2006,2020,15,6
"174","Czech Republic","state enterprises Povodí Moravy, Ohře, Odry, Labe, Vltavy (via Peter Paril)","CZE_003_MZB_LO",671.409151441818,"within_100m_to_1000m","CZE_003_MZB_LO_141__CZE_003_MZB_LO_199","j","second data call; new data","PMO_BPPJu005","CZE_003_MZB_LO_199","Juhyně",49.4988239517363,17.8984068228694,2007,2020,14,5
"175","Czech Republic","state enterprises Povodí Moravy, Ohře, Odry, Labe, Vltavy (via Peter Paril)","CZE_003_MZB_LO",211.229912181526,"within_100m_to_1000m","CZE_003_MZB_LO_201__CZE_003_MZB_LO_203","i","second data call; new data","PMO_BPPSe004","CZE_003_MZB_LO_201","Senice",49.3120517947506,18.0017472822675,2007,2020,14,5
"176","Czech Republic","state enterprises Povodí Moravy, Ohře, Odry, Labe, Vltavy (via Peter Paril)","CZE_003_MZB_LO",211.229912181526,"within_100m_to_1000m","CZE_003_MZB_LO_201__CZE_003_MZB_LO_203","j","second data call; new data","PMO_BPPVB009","CZE_003_MZB_LO_203","Vsetínská Bečva",49.3114084174105,18.004589031317,2007,2020,14,5
"177","Czech Republic","state enterprises Povodí Moravy, Ohře, Odry, Labe, Vltavy (via Peter Paril)","CZE_003_MZB_LO",699.727149526929,"within_100m_to_1000m","CZE_003_MZB_LO_205__CZE_003_MZB_LO_206","i","second data call; new data","PMO_BPTKa001","CZE_003_MZB_LO_205","Stanovnice (Velká Stanovnice)",49.3336516490629,18.2545825357047,2007,2019,13,5
"178","Czech Republic","state enterprises Povodí Moravy, Ohře, Odry, Labe, Vltavy (via Peter Paril)","CZE_003_MZB_LO",699.727149526929,"within_100m_to_1000m","CZE_003_MZB_LO_205__CZE_003_MZB_LO_206","j","second data call; new data","PMO_BPTKa002","CZE_003_MZB_LO_206","Malá Stanovnice (Zabitá)",49.3273708629235,18.2519431781746,2007,2019,13,5
"179","Czech Republic","state enterprises Povodí Moravy, Ohře, Odry, Labe, Vltavy (via Peter Paril)","CZE_003_MZB_LO",880.165299999089,"within_100m_to_1000m","CZE_003_MZB_LO_207__CZE_003_MZB_LO_209","i","second data call; new data","PMO_CZ0623041","CZE_003_MZB_LO_207","Jevišovka",48.8240789709317,16.4659756231006,2010,2021,12,5
"180","Czech Republic","state enterprises Povodí Moravy, Ohře, Odry, Labe, Vltavy (via Peter Paril)","CZE_003_MZB_LO",880.165299999089,"within_100m_to_1000m","CZE_003_MZB_LO_207__CZE_003_MZB_LO_209","j","second data call; new data","PMO_DPPDy022","CZE_003_MZB_LO_209","Dyje",48.8297135714718,16.4749808081469,2010,2021,12,9
"181","Czech Republic","state enterprises Povodí Moravy, Ohře, Odry, Labe, Vltavy (via Peter Paril)","CZE_003_MZB_LO",164.355952248362,"within_100m_to_1000m","CZE_003_MZB_LO_194__CZE_003_MZB_LO_220","i","second data call; new data","PMO_516-019","CZE_003_MZB_LO_194","Bohdalovský potok",49.4876645123359,15.9873256066039,2006,2020,15,6
"182","Czech Republic","state enterprises Povodí Moravy, Ohře, Odry, Labe, Vltavy (via Peter Paril)","CZE_003_MZB_LO",164.355952248362,"within_100m_to_1000m","CZE_003_MZB_LO_194__CZE_003_MZB_LO_220","j","second data call; new data","PMO_JPPOs032","CZE_003_MZB_LO_220","Oslava",49.4885671840274,15.9892218187457,2010,2021,12,5
"183","Czech Republic","state enterprises Povodí Moravy, Ohře, Odry, Labe, Vltavy (via Peter Paril)","CZE_003_MZB_LO",454.843418054111,"within_100m_to_1000m","CZE_003_MZB_LO_226__CZE_003_MZB_LO_231","i","second data call; new data","PMO_SPPBo050","CZE_003_MZB_LO_226","Bobrůvka (Loučka)",49.3605197940142,16.3543454811441,2010,2019,10,5
"184","Czech Republic","state enterprises Povodí Moravy, Ohře, Odry, Labe, Vltavy (via Peter Paril)","CZE_003_MZB_LO",454.843418054111,"within_100m_to_1000m","CZE_003_MZB_LO_226__CZE_003_MZB_LO_231","j","second data call; new data","PMO_SPPLb025","CZE_003_MZB_LO_231","Libochovka",49.356919223983,16.3509352180905,2007,2019,13,5
"185","Czech Republic","state enterprises Povodí Moravy, Ohře, Odry, Labe, Vltavy (via Peter Paril)","CZE_003_MZB_LO",365.815920948019,"within_100m_to_1000m","CZE_003_MZB_LO_151__CZE_003_MZB_LO_237","i","second data call; new data","PMO_1201","CZE_003_MZB_LO_151","Svitava",49.1476551954615,16.6309826455446,2006,2019,14,7
"186","Czech Republic","state enterprises Povodí Moravy, Ohře, Odry, Labe, Vltavy (via Peter Paril)","CZE_003_MZB_LO",365.815920948019,"within_100m_to_1000m","CZE_003_MZB_LO_151__CZE_003_MZB_LO_237","j","second data call; new data","PMO_SPPSv030","CZE_003_MZB_LO_237","Svratka",49.1448802280894,16.6279748258007,2007,2019,13,5
"187","Czech Republic","state enterprises Povodí Moravy, Ohře, Odry, Labe, Vltavy (via Peter Paril)","CZE_003_MZB_LO",976.619221546609,"within_100m_to_1000m","CZE_003_MZB_LO_179__CZE_003_MZB_LO_247","i","second data call; new data","PMO_510-021","CZE_003_MZB_LO_179","Rohelnice",49.7879971380537,16.9645030606385,2006,2020,15,5
"188","Czech Republic","state enterprises Povodí Moravy, Ohře, Odry, Labe, Vltavy (via Peter Paril)","CZE_003_MZB_LO",976.619221546609,"within_100m_to_1000m","CZE_003_MZB_LO_179__CZE_003_MZB_LO_247","j","second data call; new data","PMO_XPPMi003","CZE_003_MZB_LO_247","Mírovka",49.7822622218162,16.9536072469704,2007,2020,14,5
"189","Czech Republic","state enterprises Povodí Moravy, Ohře, Odry, Labe, Vltavy (via Peter Paril)","CZE_003_MZB_LO",145.358843422501,"within_100m_to_1000m","CZE_003_MZB_LO_244__CZE_003_MZB_LO_252","i","second data call; new data","PMO_XPPJe009","CZE_003_MZB_LO_244","Jevíčka",49.7123645885237,16.7620070585575,2007,2021,15,5
"190","Czech Republic","state enterprises Povodí Moravy, Ohře, Odry, Labe, Vltavy (via Peter Paril)","CZE_003_MZB_LO",145.358843422501,"within_100m_to_1000m","CZE_003_MZB_LO_244__CZE_003_MZB_LO_252","j","second data call; new data","PMO_XPPTe023","CZE_003_MZB_LO_252","Třebůvka",49.7131672924694,16.7603270599188,2008,2021,14,5
"191","Czech Republic","state enterprises Povodí Moravy, Ohře, Odry, Labe, Vltavy (via Peter Paril)","CZE_003_MZB_LO",207.658283708469,"within_100m_to_1000m","CZE_003_MZB_LO_263__CZE_003_MZB_LO_267","i","second data call; new data","PMO_ZPPDe008","CZE_003_MZB_LO_263","Dřevnice",49.2191182325807,17.7810075058757,2007,2021,15,5
"192","Czech Republic","state enterprises Povodí Moravy, Ohře, Odry, Labe, Vltavy (via Peter Paril)","CZE_003_MZB_LO",207.658283708469,"within_100m_to_1000m","CZE_003_MZB_LO_263__CZE_003_MZB_LO_267","j","second data call; new data","PMO_ZPPLt011","CZE_003_MZB_LO_267","Lutoninka",49.217274777841,17.7801202391473,2008,2021,14,5
"193","Czech Republic","state enterprises Povodí Moravy, Ohře, Odry, Labe, Vltavy (via Peter Paril)","CZE_003_MZB_LO",962.735720518997,"within_100m_to_1000m","CZE_003_MZB_LO_273__CZE_003_MZB_LO_275","i","second data call; new data","POD_1159","CZE_003_MZB_LO_273","Odra",49.6635430165024,17.982357064338,2007,2017,11,9
"194","Czech Republic","state enterprises Povodí Moravy, Ohře, Odry, Labe, Vltavy (via Peter Paril)","CZE_003_MZB_LO",962.735720518997,"within_100m_to_1000m","CZE_003_MZB_LO_273__CZE_003_MZB_LO_275","j","second data call; new data","POD_1164","CZE_003_MZB_LO_275","Jičínka",49.6548131878642,17.9854806514118,2007,2021,15,11
"195","Czech Republic","state enterprises Povodí Moravy, Ohře, Odry, Labe, Vltavy (via Peter Paril)","CZE_003_MZB_LO",841.468976349287,"within_100m_to_1000m","CZE_003_MZB_LO_274__CZE_003_MZB_LO_283","i","second data call; new data","POD_1161","CZE_003_MZB_LO_274","Odra",49.8197595159375,18.2169962461577,2006,2021,16,15
"196","Czech Republic","state enterprises Povodí Moravy, Ohře, Odry, Labe, Vltavy (via Peter Paril)","CZE_003_MZB_LO",841.468976349287,"within_100m_to_1000m","CZE_003_MZB_LO_274__CZE_003_MZB_LO_283","j","second data call; new data","POD_5024","CZE_003_MZB_LO_283","Porubka",49.8152596294656,18.2070862335039,2007,2019,13,5
"197","Czech Republic","state enterprises Povodí Moravy, Ohře, Odry, Labe, Vltavy (via Peter Paril)","CZE_003_MZB_LO",707.827693777066,"within_100m_to_1000m","CZE_003_MZB_LO_276__CZE_003_MZB_LO_287","i","second data call; new data","POD_1165","CZE_003_MZB_LO_276","Lubina",49.735085717794,18.1647008495303,2007,2019,13,10
"198","Czech Republic","state enterprises Povodí Moravy, Ohře, Odry, Labe, Vltavy (via Peter Paril)","CZE_003_MZB_LO",707.827693777066,"within_100m_to_1000m","CZE_003_MZB_LO_276__CZE_003_MZB_LO_287","j","second data call; new data","POD_5546","CZE_003_MZB_LO_287","Odra",49.7348422218165,18.1545413136805,2007,2019,13,6
"199","Czech Republic","state enterprises Povodí Moravy, Ohře, Odry, Labe, Vltavy (via Peter Paril)","CZE_003_MZB_LO",588.939886965684,"within_100m_to_1000m","CZE_003_MZB_LO_286__CZE_003_MZB_LO_289","i","second data call; new data","POD_5545","CZE_003_MZB_LO_286","Budišovka",49.7408300365491,17.6926568018862,2007,2019,13,6
"200","Czech Republic","state enterprises Povodí Moravy, Ohře, Odry, Labe, Vltavy (via Peter Paril)","CZE_003_MZB_LO",588.939886965684,"within_100m_to_1000m","CZE_003_MZB_LO_286__CZE_003_MZB_LO_289","j","second data call; new data","POD_5561","CZE_003_MZB_LO_289","Odra",49.7354252987305,17.6940773253763,2007,2019,13,6
"201","Czech Republic","state enterprises Povodí Moravy, Ohře, Odry, Labe, Vltavy (via Peter Paril)","CZE_003_MZB_LO",394.057542760021,"within_100m_to_1000m","CZE_003_MZB_LO_307__CZE_003_MZB_LO_91","i","second data call; new data","PLA_33","CZE_003_MZB_LO_91","Labe",50.5245854214073,14.2026646689714,2007,2021,15,13
"202","Czech Republic","state enterprises Povodí Moravy, Ohře, Odry, Labe, Vltavy (via Peter Paril)","CZE_003_MZB_LO",394.057542760021,"within_100m_to_1000m","CZE_003_MZB_LO_307__CZE_003_MZB_LO_91","j","second data call; new data","POH_305-016","CZE_003_MZB_LO_307","Luční potok",50.5281487036793,14.2012962824865,2006,2019,14,6
"203","Czech Republic","state enterprises Povodí Moravy, Ohře, Odry, Labe, Vltavy (via Peter Paril)","CZE_003_MZB_LO",932.969586713638,"within_100m_to_1000m","CZE_003_MZB_LO_318__CZE_003_MZB_LO_319","i","second data call; new data","PVL_1049","CZE_003_MZB_LO_318","Lužnice",49.1772471508483,14.6977849207954,2006,2021,16,6
"204","Czech Republic","state enterprises Povodí Moravy, Ohře, Odry, Labe, Vltavy (via Peter Paril)","CZE_003_MZB_LO",932.969586713638,"within_100m_to_1000m","CZE_003_MZB_LO_318__CZE_003_MZB_LO_319","j","second data call; new data","PVL_1051","CZE_003_MZB_LO_319","Nežárka",49.1817650929688,14.7090976059922,2006,2019,14,6
"205","Denmark","Jes Rasmussen","DNK_011_MZB_LO",181.754972149846,"within_100m_to_1000m","DNK_011_MZB_LO_7__DNK_011_MZB_LO_8","i","first call; data Ellen used","7","DNK_011_MZB_LO_7","VARBRO Å",57.517512456787,9.89928212025884,1998,2018,21,20
"206","Denmark","Jes Rasmussen","DNK_011_MZB_LO",181.754972149846,"within_100m_to_1000m","DNK_011_MZB_LO_7__DNK_011_MZB_LO_8","j","first call; data Ellen used","8","DNK_011_MZB_LO_8","LIVER Å",57.5159017051635,9.89840778427716,1999,2018,20,19
"207","Denmark","Jes Rasmussen","DNK_011_MZB_LO",930.658802943336,"within_100m_to_1000m","DNK_011_MZB_LO_77__DNK_011_MZB_LO_81","i","first call; data Ellen used","77","DNK_011_MZB_LO_77","JAVNGYDE BÆK",56.1071082625777,9.82338592124204,1992,2019,28,27
"208","Denmark","Jes Rasmussen","DNK_011_MZB_LO",930.658802943336,"within_100m_to_1000m","DNK_011_MZB_LO_77__DNK_011_MZB_LO_81","j","first call; data Ellen used","81","DNK_011_MZB_LO_81","HOLMSBÆK",56.1089240061861,9.80830969416193,1993,2018,26,25
"209","Denmark","Jes Rasmussen","DNK_011_MZB_LO",531.70437155899,"within_100m_to_1000m","DNK_011_MZB_LO_144__DNK_011_MZB_LO_145","i","first call; data Ellen used","144","DNK_011_MZB_LO_144","VEJLE Å, T.T.",55.6741972628212,9.34647066235313,1998,2018,21,19
"210","Denmark","Jes Rasmussen","DNK_011_MZB_LO",531.70437155899,"within_100m_to_1000m","DNK_011_MZB_LO_144__DNK_011_MZB_LO_145","j","first call; data Ellen used","145","DNK_011_MZB_LO_145","VEJLE Å, T.T.",55.676886353544,9.33916378984646,1998,2018,21,19
"211","Denmark","Jes Rasmussen","DNK_011_MZB_LO",492.338476684738,"within_100m_to_1000m","DNK_011_MZB_LO_193__DNK_011_MZB_LO_195","i","first call; data Ellen used","193","DNK_011_MZB_LO_193","PUGE MØLLEÅ",55.3254713847105,9.92955405555238,1992,2018,27,22
"212","Denmark","Jes Rasmussen","DNK_011_MZB_LO",492.338476684738,"within_100m_to_1000m","DNK_011_MZB_LO_193__DNK_011_MZB_LO_195","j","first call; data Ellen used","195","DNK_011_MZB_LO_195","LANGEMOSERENDEN",55.3257068362467,9.93755057032331,2002,2018,17,16
"213","England","John Francis Murphy","ENG_041_MZB_LO",427.042003779648,"within_100m_to_1000m","ENG_041_MZB_LO_3481__ENG_041_MZB_LO_3482","i","first call; data Ellen used","36177","ENG_041_MZB_LO_3481","Cranleigh Waters",51.116347,-0.46818106,1998,2019,22,17
"214","England","John Francis Murphy","ENG_041_MZB_LO",427.042003779648,"within_100m_to_1000m","ENG_041_MZB_LO_3481__ENG_041_MZB_LO_3482","j","first call; data Ellen used","36178","ENG_041_MZB_LO_3482","Cranleigh Waters",51.118671,-0.47330515,1995,2018,24,24
"215","England","John Francis Murphy","ENG_041_MZB_LO",949.3015400052,"within_100m_to_1000m","ENG_041_MZB_LO_3496__ENG_041_MZB_LO_3513","i","first call; data Ellen used","47438","ENG_041_MZB_LO_3496","Blakedown Bk - source to conf R Stour",52.402566,-2.1851546,1994,2019,26,24
"216","England","John Francis Murphy","ENG_041_MZB_LO",949.3015400052,"within_100m_to_1000m","ENG_041_MZB_LO_3496__ENG_041_MZB_LO_3513","j","first call; data Ellen used","52041","ENG_041_MZB_LO_3513","Blakedown Bk - source to conf R Stour",52.400295,-2.1991078,1994,2019,26,24
"217","England","John Francis Murphy","ENG_041_MZB_LO",959.18748161555,"within_100m_to_1000m","ENG_041_MZB_LO_3557__ENG_041_MZB_LO_3568","i","first call; data Ellen used","66178","ENG_041_MZB_LO_3557","Tarnbrook Wyre",53.990902,-2.6632415,1994,2014,21,18
"218","England","John Francis Murphy","ENG_041_MZB_LO",959.18748161555,"within_100m_to_1000m","ENG_041_MZB_LO_3557__ENG_041_MZB_LO_3568","j","first call; data Ellen used","67332","ENG_041_MZB_LO_3568","Marshaw Wyre",53.982074,-2.665297,1994,2019,26,26
"219","England","John Francis Murphy","ENG_041_MZB_LO",876.728159125631,"within_100m_to_1000m","ENG_041_MZB_LO_3547__ENG_041_MZB_LO_3569","i","first call; data Ellen used","65114","ENG_041_MZB_LO_3547","Yarrow US Big Lodge Water",53.642314,-2.6043327,1997,2010,14,13
"220","England","John Francis Murphy","ENG_041_MZB_LO",876.728159125631,"within_100m_to_1000m","ENG_041_MZB_LO_3547__ENG_041_MZB_LO_3569","j","first call; data Ellen used","67369","ENG_041_MZB_LO_3569","Yarrow US Big Lodge Water",53.640843,-2.6178187,1994,2014,21,18
"221","England","John Francis Murphy","ENG_041_MZB_LO",772.105920366327,"within_100m_to_1000m","ENG_041_MZB_LO_3554__ENG_041_MZB_LO_3571","i","first call; data Ellen used","65904","ENG_041_MZB_LO_3554","Etherow (Woodhead Res. to Glossop Bk.)",53.469301,-1.9705258,1995,2018,24,23
"222","England","John Francis Murphy","ENG_041_MZB_LO",772.105920366327,"within_100m_to_1000m","ENG_041_MZB_LO_3554__ENG_041_MZB_LO_3571","j","first call; data Ellen used","67595","ENG_041_MZB_LO_3571","Etherow (Woodhead Res. to Glossop Bk.)",53.465304,-1.9805152,1997,2018,22,19
"223","England","John Francis Murphy","ENG_041_MZB_LO",531.103927014111,"within_100m_to_1000m","ENG_041_MZB_LO_3577__ENG_041_MZB_LO_3580","i","first call; data Ellen used","67788","ENG_041_MZB_LO_3577","Tame (Swineshaw Brook to Mersey)",53.418504,-2.1516878,1995,2017,23,15
"224","England","John Francis Murphy","ENG_041_MZB_LO",531.103927014111,"within_100m_to_1000m","ENG_041_MZB_LO_3577__ENG_041_MZB_LO_3580","j","first call; data Ellen used","67864","ENG_041_MZB_LO_3580","Mersey (upstream of Manchester Ship Canal)",53.41422,-2.1557948,1995,2014,20,14
"225","England","John Francis Murphy","ENG_041_MZB_LO",925.58129713472,"within_100m_to_1000m","ENG_041_MZB_LO_3546__ENG_041_MZB_LO_3581","i","first call; data Ellen used","65058","ENG_041_MZB_LO_3546","Wyre - Upper",53.919653,-2.7704155,1994,2019,26,26
"226","England","John Francis Murphy","ENG_041_MZB_LO",925.58129713472,"within_100m_to_1000m","ENG_041_MZB_LO_3546__ENG_041_MZB_LO_3581","j","first call; data Ellen used","67886","ENG_041_MZB_LO_3581","Wyre - Upper",53.911928,-2.7640164,1994,2019,26,25
"227","England","John Francis Murphy","ENG_041_MZB_LO",675.177836304409,"within_100m_to_1000m","ENG_041_MZB_LO_3582__ENG_041_MZB_LO_3583","i","first call; data Ellen used","68002","ENG_041_MZB_LO_3582","Langden Brook",53.939679,-2.5212451,1994,2019,26,25
"228","England","John Francis Murphy","ENG_041_MZB_LO",675.177836304409,"within_100m_to_1000m","ENG_041_MZB_LO_3582__ENG_041_MZB_LO_3583","j","first call; data Ellen used","68004","ENG_041_MZB_LO_3583","Dunsop",53.945652,-2.5179983,1994,2019,26,24
"229","England","John Francis Murphy","ENG_041_MZB_LO",108.491485175606,"within_100m_to_1000m","ENG_041_MZB_LO_3552__ENG_041_MZB_LO_3586","i","first call; data Ellen used","65605","ENG_041_MZB_LO_3552","Whitendale river",53.97493,-2.5294455,1994,2017,24,21
"230","England","John Francis Murphy","ENG_041_MZB_LO",108.491485175606,"within_100m_to_1000m","ENG_041_MZB_LO_3552__ENG_041_MZB_LO_3586","j","first call; data Ellen used","68289","ENG_041_MZB_LO_3586","Brennand",53.974779,-2.5311359,1994,2017,24,21
"231","England","John Francis Murphy","ENG_041_MZB_LO",895.145824618533,"within_100m_to_1000m","ENG_041_MZB_LO_3547__ENG_041_MZB_LO_3587","i","first call; data Ellen used","65114","ENG_041_MZB_LO_3547","Yarrow US Big Lodge Water",53.642314,-2.6043327,1997,2010,14,13
"232","England","John Francis Murphy","ENG_041_MZB_LO",895.145824618533,"within_100m_to_1000m","ENG_041_MZB_LO_3547__ENG_041_MZB_LO_3587","j","first call; data Ellen used","68310","ENG_041_MZB_LO_3587","Yarrow US Big Lodge Water",53.641254,-2.618218,1994,2013,20,19
"233","England","John Francis Murphy","ENG_041_MZB_LO",880.793685432439,"within_100m_to_1000m","ENG_041_MZB_LO_3585__ENG_041_MZB_LO_3596","i","first call; data Ellen used","68108","ENG_041_MZB_LO_3585","Bollin (Source to Dean)",53.241716,-2.1095995,1997,2018,22,18
"234","England","John Francis Murphy","ENG_041_MZB_LO",880.793685432439,"within_100m_to_1000m","ENG_041_MZB_LO_3585__ENG_041_MZB_LO_3596","j","first call; data Ellen used","69403","ENG_041_MZB_LO_3596","Bollin (Source to Dean)",53.245687,-2.1215382,1995,2014,20,17
"235","England","John Francis Murphy","ENG_041_MZB_LO",838.238696872814,"within_100m_to_1000m","ENG_041_MZB_LO_3567__ENG_041_MZB_LO_3598","i","first call; data Ellen used","67229","ENG_041_MZB_LO_3567","New Draught Brook",53.854854,-2.7931384,1994,2019,26,25
"236","England","John Francis Murphy","ENG_041_MZB_LO",838.238696872814,"within_100m_to_1000m","ENG_041_MZB_LO_3567__ENG_041_MZB_LO_3598","j","first call; data Ellen used","69444","ENG_041_MZB_LO_3598","Brock",53.862618,-2.7920993,1994,2014,21,16
"237","England","John Francis Murphy","ENG_041_MZB_LO",271.105019669343,"within_100m_to_1000m","ENG_041_MZB_LO_3628__ENG_041_MZB_LO_3637","i","first call; data Ellen used","55028","ENG_041_MZB_LO_3628","Barlings Eau",53.276595,-0.40428482,1994,2019,26,26
"238","England","John Francis Murphy","ENG_041_MZB_LO",271.105019669343,"within_100m_to_1000m","ENG_041_MZB_LO_3628__ENG_041_MZB_LO_3637","j","first call; data Ellen used","55233","ENG_041_MZB_LO_3637","Nettleham Beck",53.275749,-0.40824574,1995,2019,25,25
"239","England","John Francis Murphy","ENG_041_MZB_LO",890.915266920388,"within_100m_to_1000m","ENG_041_MZB_LO_3675__ENG_041_MZB_LO_3688","i","first call; data Ellen used","55583","ENG_041_MZB_LO_3675","Gwash",52.663187,-0.59528967,1994,2019,26,25
"240","England","John Francis Murphy","ENG_041_MZB_LO",890.915266920388,"within_100m_to_1000m","ENG_041_MZB_LO_3675__ENG_041_MZB_LO_3688","j","first call; data Ellen used","55714","ENG_041_MZB_LO_3688","North Brook (Welland)",52.669372,-0.58621801,1994,2019,26,26
"241","England","John Francis Murphy","ENG_041_MZB_LO",136.677900193068,"within_100m_to_1000m","ENG_041_MZB_LO_3671__ENG_041_MZB_LO_3697","i","first call; data Ellen used","55565","ENG_041_MZB_LO_3671","Glen",52.750947,-0.29465228,1994,2018,25,24
"242","England","John Francis Murphy","ENG_041_MZB_LO",136.677900193068,"within_100m_to_1000m","ENG_041_MZB_LO_3671__ENG_041_MZB_LO_3697","j","first call; data Ellen used","55792","ENG_041_MZB_LO_3697","Glen",52.751867,-0.2960981,1995,2016,22,22
"243","England","John Francis Murphy","ENG_041_MZB_LO",492.812539712745,"within_100m_to_1000m","ENG_041_MZB_LO_3793__ENG_041_MZB_LO_3795","i","first call; data Ellen used","52491","ENG_041_MZB_LO_3793","Mease from Hooborough Brook to Trent",52.722412,-1.7171701,1994,2014,21,20
"244","England","John Francis Murphy","ENG_041_MZB_LO",492.812539712745,"within_100m_to_1000m","ENG_041_MZB_LO_3793__ENG_041_MZB_LO_3795","j","first call; data Ellen used","52917","ENG_041_MZB_LO_3795","Tame from River Anker to River Trent",52.721531,-1.7245785,1994,2018,25,21
"245","England","Judy England","ENG_042_MZB_LO",522.63519523809,"within_100m_to_1000m","ENG_042_MZB_LO_14__ENG_042_MZB_LO_16","i","first call; data Ellen used","34171","ENG_042_MZB_LO_14","MIMRAM",51.847601,-0.248372,2002,2017,16,16
"246","England","Judy England","ENG_042_MZB_LO",522.63519523809,"within_100m_to_1000m","ENG_042_MZB_LO_14__ENG_042_MZB_LO_16","j","first call; data Ellen used","81318","ENG_042_MZB_LO_16","MIMRAM",51.843319,-0.244648,2005,2017,13,13
"247","England","Judy England","ENG_042_MZB_LO",592.332833516141,"within_100m_to_1000m","ENG_042_MZB_LO_21__ENG_042_MZB_LO_22","i","first call; data Ellen used","33750","ENG_042_MZB_LO_21","VER",51.793264,-0.392659,2005,2017,13,13
"248","England","Judy England","ENG_042_MZB_LO",592.332833516141,"within_100m_to_1000m","ENG_042_MZB_LO_21__ENG_042_MZB_LO_22","j","first call; data Ellen used","33751","ENG_042_MZB_LO_22","VER",51.788822,-0.387395,2008,2017,10,10
"249","England","Judy England","ENG_042_MZB_LO",791.000313769487,"within_100m_to_1000m","ENG_042_MZB_LO_22__ENG_042_MZB_LO_26","i","first call; data Ellen used","33751","ENG_042_MZB_LO_22","VER",51.788822,-0.387395,2008,2017,10,10
"250","England","Judy England","ENG_042_MZB_LO",791.000313769487,"within_100m_to_1000m","ENG_042_MZB_LO_22__ENG_042_MZB_LO_26","j","first call; data Ellen used","34116","ENG_042_MZB_LO_26","VER",51.783943,-0.378507,2006,2017,12,12
"251","England","Rachel Stubbington","ENG_044_MZB_LO",735.209482806145,"within_100m_to_1000m","ENG_044_MZB_LO_1__ENG_044_MZB_LO_7","i","first call; data Ellen used","ST9509329728","ENG_044_MZB_LO_1","Fonthill Brook",51.066863,-2.071406,2008,2019,12,12
"252","England","Rachel Stubbington","ENG_044_MZB_LO",735.209482806145,"within_100m_to_1000m","ENG_044_MZB_LO_1__ENG_044_MZB_LO_7","j","first call; data Ellen used","ST9459929149","ENG_044_MZB_LO_7","River Nadder",51.061652,-2.078447,2009,2019,11,9
"253","England","James Sinclair","ENG_062_MZB_LO",653.122169559991,"within_100m_to_1000m","ENG_062_MZB_LO_32__ENG_062_MZB_LO_52","i","second data call; new data","117","ENG_062_MZB_LO_32","DON",53.4838674836,-1.5605827254,2002,2017,16,5
"254","England","James Sinclair","ENG_062_MZB_LO",653.122169559991,"within_100m_to_1000m","ENG_062_MZB_LO_32__ENG_062_MZB_LO_52","j","second data call; new data","198","ENG_062_MZB_LO_52","LITTLE DON",53.4785006596,-1.5653394361,2002,2015,14,7
"255","England","James Sinclair","ENG_062_MZB_LO",910.164101496897,"within_100m_to_1000m","ENG_062_MZB_LO_35__ENG_062_MZB_LO_92","i","second data call; new data","132","ENG_062_MZB_LO_35","DRIFFIELD CANAL (HULL)",54.0003192284,-0.4315486312,2002,2013,12,6
"256","England","James Sinclair","ENG_062_MZB_LO",910.164101496897,"within_100m_to_1000m","ENG_062_MZB_LO_35__ENG_062_MZB_LO_92","j","second data call; new data","331","ENG_062_MZB_LO_92","HULL/WEST BECK",53.9957388487,-0.4194860258,2002,2018,17,11
"257","England","James Sinclair","ENG_062_MZB_LO",782.2282988134,"within_100m_to_1000m","ENG_062_MZB_LO_31__ENG_062_MZB_LO_96","i","second data call; new data","110","ENG_062_MZB_LO_31","DIBB",54.0437737369,-1.9407170856,2002,2023,22,20
"258","England","James Sinclair","ENG_062_MZB_LO",782.2282988134,"within_100m_to_1000m","ENG_062_MZB_LO_31__ENG_062_MZB_LO_96","j","second data call; new data","343","ENG_062_MZB_LO_96","WHARFE",54.0456573941,-1.9526418,2002,2021,20,11
"259","England","James Sinclair","ENG_062_MZB_LO",524.790513373085,"within_100m_to_1000m","ENG_062_MZB_LO_115__ENG_062_MZB_LO_18","i","second data call; new data","57","ENG_062_MZB_LO_18","CALDER",53.7381132878,-2.0082567225,2002,2020,19,9
"260","England","James Sinclair","ENG_062_MZB_LO",524.790513373085,"within_100m_to_1000m","ENG_062_MZB_LO_115__ENG_062_MZB_LO_18","j","second data call; new data","439","ENG_062_MZB_LO_115","HEBDEN WATER",53.7419417341,-2.0133518259,2002,2020,19,12
"261","England","James Sinclair","ENG_062_MZB_LO",655.784819517166,"within_100m_to_1000m","ENG_062_MZB_LO_152__ENG_062_MZB_LO_49","i","second data call; new data","190","ENG_062_MZB_LO_49","KEX BECK",53.96825347,-1.882988565,2003,2017,15,7
"262","England","James Sinclair","ENG_062_MZB_LO",655.784819517166,"within_100m_to_1000m","ENG_062_MZB_LO_152__ENG_062_MZB_LO_49","j","second data call; new data","968","ENG_062_MZB_LO_152","WHARFE",53.9717845119,-1.8914091813,2002,2023,22,20
"263","England","James Sinclair","ENG_062_MZB_LO",649.285613623483,"within_100m_to_1000m","ENG_062_MZB_LO_18__ENG_062_MZB_LO_182","i","second data call; new data","57","ENG_062_MZB_LO_18","CALDER",53.7381132878,-2.0082567225,2002,2020,19,9
"264","England","James Sinclair","ENG_062_MZB_LO",649.285613623483,"within_100m_to_1000m","ENG_062_MZB_LO_18__ENG_062_MZB_LO_182","j","second data call; new data","1150","ENG_062_MZB_LO_182","CALDER",53.7408356849,-2.0173388056,2004,2020,17,5
"265","England","James Sinclair","ENG_062_MZB_LO",280.827942724611,"within_100m_to_1000m","ENG_062_MZB_LO_115__ENG_062_MZB_LO_182","i","second data call; new data","439","ENG_062_MZB_LO_115","HEBDEN WATER",53.7419417341,-2.0133518259,2002,2020,19,12
"266","England","James Sinclair","ENG_062_MZB_LO",280.827942724611,"within_100m_to_1000m","ENG_062_MZB_LO_115__ENG_062_MZB_LO_182","j","second data call; new data","1150","ENG_062_MZB_LO_182","CALDER",53.7408356849,-2.0173388056,2004,2020,17,5
"267","England","James Sinclair","ENG_062_MZB_LO",101.677712633637,"within_100m_to_1000m","ENG_062_MZB_LO_183__ENG_062_MZB_LO_184","i","second data call; new data","1151","ENG_062_MZB_LO_183","GRAINING WATER",53.7784789055,-2.0646090601,2002,2018,17,11
"268","England","James Sinclair","ENG_062_MZB_LO",101.677712633637,"within_100m_to_1000m","ENG_062_MZB_LO_183__ENG_062_MZB_LO_184","j","second data call; new data","1152","ENG_062_MZB_LO_184","ALCOMDEN WATER",53.7792613306,-2.0637149573,2002,2018,17,11
"269","England","James Sinclair","ENG_062_MZB_LO",206.739601602339,"within_100m_to_1000m","ENG_062_MZB_LO_185__ENG_062_MZB_LO_186","i","second data call; new data","1153","ENG_062_MZB_LO_185","CRIMSWORTH DEAN BECK",53.7597911965,-2.0181054406,2002,2023,22,19
"270","England","James Sinclair","ENG_062_MZB_LO",206.739601602339,"within_100m_to_1000m","ENG_062_MZB_LO_185__ENG_062_MZB_LO_186","j","second data call; new data","1154","ENG_062_MZB_LO_186","HEBDEN WATER",53.7580024162,-2.0192876785,2012,2023,12,11
"271","England","James Sinclair","ENG_062_MZB_LO",112.081555989413,"within_100m_to_1000m","ENG_062_MZB_LO_14__ENG_062_MZB_LO_189","i","second data call; new data","41","ENG_062_MZB_LO_14","BLACK BROOK",53.6892521878,-1.8513088345,2003,2015,13,5
"272","England","James Sinclair","ENG_062_MZB_LO",112.081555989413,"within_100m_to_1000m","ENG_062_MZB_LO_14__ENG_062_MZB_LO_189","j","second data call; new data","1174","ENG_062_MZB_LO_189","CALDER",53.6899066292,-1.8499436989,2002,2017,16,7
"273","England","James Sinclair","ENG_062_MZB_LO",240.70492966812,"within_100m_to_1000m","ENG_062_MZB_LO_128__ENG_062_MZB_LO_193","i","second data call; new data","510","ENG_062_MZB_LO_128","ROCKLEY DIKE",53.5150056963,-1.4926692013,2003,2018,16,6
"274","England","James Sinclair","ENG_062_MZB_LO",240.70492966812,"within_100m_to_1000m","ENG_062_MZB_LO_128__ENG_062_MZB_LO_193","j","second data call; new data","1205","ENG_062_MZB_LO_193","WARREN DIKE",53.5128443553,-1.4916996733,2003,2018,16,5
"275","England","James Sinclair","ENG_062_MZB_LO",219.84504408145,"within_100m_to_1000m","ENG_062_MZB_LO_164__ENG_062_MZB_LO_203","i","second data call; new data","1016","ENG_062_MZB_LO_164","AIRE",53.9468803279,-2.026584731,2002,2013,12,6
"276","England","James Sinclair","ENG_062_MZB_LO",219.84504408145,"within_100m_to_1000m","ENG_062_MZB_LO_164__ENG_062_MZB_LO_203","j","second data call; new data","1272","ENG_062_MZB_LO_203","ELLER BECK SKIPTON",53.948642302,-2.024833698,2002,2015,14,7
"277","England","James Sinclair","ENG_062_MZB_LO",232.231238187659,"within_100m_to_1000m","ENG_062_MZB_LO_177__ENG_062_MZB_LO_204","i","second data call; new data","1127","ENG_062_MZB_LO_177","WORTH",53.8380482861,-1.9496820037,2002,2013,12,9
"278","England","James Sinclair","ENG_062_MZB_LO",232.231238187659,"within_100m_to_1000m","ENG_062_MZB_LO_177__ENG_062_MZB_LO_204","j","second data call; new data","1273","ENG_062_MZB_LO_204","BRIDGEHOUSE BECK",53.8381006352,-1.9460348444,2002,2014,13,5
"279","England","James Sinclair","ENG_062_MZB_LO",897.660291479002,"within_100m_to_1000m","ENG_062_MZB_LO_205__ENG_062_MZB_LO_206","i","second data call; new data","1279","ENG_062_MZB_LO_205","BROOKSIDE BECK",53.2315626883,-1.4795590204,2002,2014,13,6
"280","England","James Sinclair","ENG_062_MZB_LO",897.660291479002,"within_100m_to_1000m","ENG_062_MZB_LO_205__ENG_062_MZB_LO_206","j","second data call; new data","1280","ENG_062_MZB_LO_206","HIPPER",53.2281897804,-1.4668372027,2003,2014,12,5
"281","England","James Sinclair","ENG_062_MZB_LO",536.116282550836,"within_100m_to_1000m","ENG_062_MZB_LO_165__ENG_062_MZB_LO_211","i","second data call; new data","1040","ENG_062_MZB_LO_165","LANGTHWAITE BECK",53.5949449783,-1.2934829179,2002,2015,14,6
"282","England","James Sinclair","ENG_062_MZB_LO",536.116282550836,"within_100m_to_1000m","ENG_062_MZB_LO_165__ENG_062_MZB_LO_211","j","second data call; new data","1295","ENG_062_MZB_LO_211","HEMSWORTH DIKE",53.5999184461,-1.293989136,2003,2015,13,5
"283","England","James Sinclair","ENG_062_MZB_LO",496.844730077211,"within_100m_to_1000m","ENG_062_MZB_LO_178__ENG_062_MZB_LO_247","i","second data call; new data","1128","ENG_062_MZB_LO_178","NORTH BECK",53.8631889297,-1.9067120342,2004,2014,11,5
"284","England","James Sinclair","ENG_062_MZB_LO",496.844730077211,"within_100m_to_1000m","ENG_062_MZB_LO_178__ENG_062_MZB_LO_247","j","second data call; new data","1403","ENG_062_MZB_LO_247","WORTH",53.8587414986,-1.9088048181,2007,2018,12,5
"285","England","James Sinclair","ENG_062_MZB_LO",996.891485664713,"within_100m_to_1000m","ENG_062_MZB_LO_262__ENG_062_MZB_LO_75","i","second data call; new data","271","ENG_062_MZB_LO_75","SHIRE BROOK",53.3540075211,-1.3491965647,2002,2016,15,7
"286","England","James Sinclair","ENG_062_MZB_LO",996.891485664713,"within_100m_to_1000m","ENG_062_MZB_LO_262__ENG_062_MZB_LO_75","j","second data call; new data","1445","ENG_062_MZB_LO_262","SHIRE BROOK",53.3510213356,-1.3638590318,2004,2016,13,5
"287","England","James Sinclair","ENG_062_MZB_LO",662.737946540402,"within_100m_to_1000m","ENG_062_MZB_LO_263__ENG_062_MZB_LO_37","i","second data call; new data","142","ENG_062_MZB_LO_37","ELMSWELL BECK",53.99692883,-0.4473435659,2002,2019,18,18
"288","England","James Sinclair","ENG_062_MZB_LO",662.737946540402,"within_100m_to_1000m","ENG_062_MZB_LO_263__ENG_062_MZB_LO_37","j","second data call; new data","1452","ENG_062_MZB_LO_263","EASTBURN BECK",53.9907759121,-0.4469775056,2002,2014,13,10
"289","England","James Sinclair","ENG_062_MZB_LO",751.616571395501,"within_100m_to_1000m","ENG_062_MZB_LO_229__ENG_062_MZB_LO_271","i","second data call; new data","1346","ENG_062_MZB_LO_229","RUSHYFORD BECK",54.6435539319,-1.5413198857,2002,2016,15,5
"290","England","James Sinclair","ENG_062_MZB_LO",751.616571395501,"within_100m_to_1000m","ENG_062_MZB_LO_229__ENG_062_MZB_LO_271","j","second data call; new data","1467","ENG_062_MZB_LO_271","RUSHYFORD BECK",54.6504791925,-1.5427763391,2003,2019,17,5
"291","England","James Sinclair","ENG_062_MZB_LO",834.362719703889,"within_100m_to_1000m","ENG_062_MZB_LO_13__ENG_062_MZB_LO_274","i","second data call; new data","40","ENG_062_MZB_LO_13","BLACK BROOK",53.6622160547,-1.9050792549,2002,2015,14,11
"292","England","James Sinclair","ENG_062_MZB_LO",834.362719703889,"within_100m_to_1000m","ENG_062_MZB_LO_13__ENG_062_MZB_LO_274","j","second data call; new data","1484","ENG_062_MZB_LO_274","BLACK BROOK",53.6552725636,-1.9108895489,2002,2014,13,5
"293","England","James Sinclair","ENG_062_MZB_LO",156.952320986931,"within_100m_to_1000m","ENG_062_MZB_LO_190__ENG_062_MZB_LO_275","i","second data call; new data","1179","ENG_062_MZB_LO_190","WESSENDEN BROOK",53.6004567062,-1.9291969586,2002,2014,13,7
"294","England","James Sinclair","ENG_062_MZB_LO",156.952320986931,"within_100m_to_1000m","ENG_062_MZB_LO_190__ENG_062_MZB_LO_275","j","second data call; new data","1486","ENG_062_MZB_LO_275","COLNE",53.6016888422,-1.9305095876,2002,2014,13,10
"295","England","James Sinclair","ENG_062_MZB_LO",309.058427320338,"within_100m_to_1000m","ENG_062_MZB_LO_281__ENG_062_MZB_LO_282","i","second data call; new data","1583","ENG_062_MZB_LO_281","MARSDEN CLOUGH",53.5575473611,-1.8242642293,2002,2014,13,8
"296","England","James Sinclair","ENG_062_MZB_LO",309.058427320338,"within_100m_to_1000m","ENG_062_MZB_LO_281__ENG_062_MZB_LO_282","j","second data call; new data","1584","ENG_062_MZB_LO_282","HOLME/RAMSDEN CLOUGH",53.5557082849,-1.8205585052,2002,2023,22,19
"297","England","James Sinclair","ENG_062_MZB_LO",695.67248896385,"within_100m_to_1000m","ENG_062_MZB_LO_283__ENG_062_MZB_LO_40","i","second data call; new data","148","ENG_062_MZB_LO_40","EWDEN BECK",53.4556303717,-1.5521550349,2003,2023,21,19
"298","England","James Sinclair","ENG_062_MZB_LO",695.67248896385,"within_100m_to_1000m","ENG_062_MZB_LO_283__ENG_062_MZB_LO_40","j","second data call; new data","1585","ENG_062_MZB_LO_283","EWDEN BECK",53.4567124079,-1.5628362866,2002,2018,17,14
"299","England","James Sinclair","ENG_062_MZB_LO",104.319344482371,"within_100m_to_1000m","ENG_062_MZB_LO_285__ENG_062_MZB_LO_286","i","second data call; new data","1590","ENG_062_MZB_LO_285","MIDGELDEN BROOK",53.7086934175,-2.1245086587,2002,2019,18,11
"300","England","James Sinclair","ENG_062_MZB_LO",104.319344482371,"within_100m_to_1000m","ENG_062_MZB_LO_285__ENG_062_MZB_LO_286","j","second data call; new data","1591","ENG_062_MZB_LO_286","MIDGELDEN BROOK",53.7077681629,-2.124021123,2002,2019,18,11
"301","England","James Sinclair","ENG_062_MZB_LO",301.48755426839,"within_100m_to_1000m","ENG_062_MZB_LO_285__ENG_062_MZB_LO_288","i","second data call; new data","1590","ENG_062_MZB_LO_285","MIDGELDEN BROOK",53.7086934175,-2.1245086587,2002,2019,18,11
"302","England","James Sinclair","ENG_062_MZB_LO",301.48755426839,"within_100m_to_1000m","ENG_062_MZB_LO_285__ENG_062_MZB_LO_288","j","second data call; new data","1597","ENG_062_MZB_LO_288","GORPLEY CLOUGH",53.7074216747,-2.1287162946,2002,2019,18,11
"303","England","James Sinclair","ENG_062_MZB_LO",302.077133458539,"within_100m_to_1000m","ENG_062_MZB_LO_286__ENG_062_MZB_LO_288","i","second data call; new data","1591","ENG_062_MZB_LO_286","MIDGELDEN BROOK",53.7077681629,-2.124021123,2002,2019,18,11
"304","England","James Sinclair","ENG_062_MZB_LO",302.077133458539,"within_100m_to_1000m","ENG_062_MZB_LO_286__ENG_062_MZB_LO_288","j","second data call; new data","1597","ENG_062_MZB_LO_288","GORPLEY CLOUGH",53.7074216747,-2.1287162946,2002,2019,18,11
"305","England","James Sinclair","ENG_062_MZB_LO",740.538467200002,"within_100m_to_1000m","ENG_062_MZB_LO_253__ENG_062_MZB_LO_290","i","second data call; new data","1413","ENG_062_MZB_LO_253","HOLME",53.5627822433,-1.8034084218,2002,2017,16,13
"306","England","James Sinclair","ENG_062_MZB_LO",740.538467200002,"within_100m_to_1000m","ENG_062_MZB_LO_253__ENG_062_MZB_LO_290","j","second data call; new data","1608","ENG_062_MZB_LO_290","HOLME",53.5591306279,-1.8132074592,2002,2015,14,12
"307","England","James Sinclair","ENG_062_MZB_LO",728.528067119874,"within_100m_to_1000m","ENG_062_MZB_LO_281__ENG_062_MZB_LO_290","i","second data call; new data","1583","ENG_062_MZB_LO_281","MARSDEN CLOUGH",53.5575473611,-1.8242642293,2002,2014,13,8
"308","England","James Sinclair","ENG_062_MZB_LO",728.528067119874,"within_100m_to_1000m","ENG_062_MZB_LO_281__ENG_062_MZB_LO_290","j","second data call; new data","1608","ENG_062_MZB_LO_290","HOLME",53.5591306279,-1.8132074592,2002,2015,14,12
"309","England","James Sinclair","ENG_062_MZB_LO",597.807456798903,"within_100m_to_1000m","ENG_062_MZB_LO_282__ENG_062_MZB_LO_290","i","second data call; new data","1584","ENG_062_MZB_LO_282","HOLME/RAMSDEN CLOUGH",53.5557082849,-1.8205585052,2002,2023,22,19
"310","England","James Sinclair","ENG_062_MZB_LO",597.807456798903,"within_100m_to_1000m","ENG_062_MZB_LO_282__ENG_062_MZB_LO_290","j","second data call; new data","1608","ENG_062_MZB_LO_290","HOLME",53.5591306279,-1.8132074592,2002,2015,14,12
"311","England","James Sinclair","ENG_062_MZB_LO",561.922352803328,"within_100m_to_1000m","ENG_062_MZB_LO_312__ENG_062_MZB_LO_317","i","second data call; new data","1664","ENG_062_MZB_LO_312","COQUET",55.2891184253,-1.8424009951,2004,2023,20,10
"312","England","James Sinclair","ENG_062_MZB_LO",561.922352803328,"within_100m_to_1000m","ENG_062_MZB_LO_312__ENG_062_MZB_LO_317","j","second data call; new data","1682","ENG_062_MZB_LO_317","FOREST BURN",55.2843878185,-1.846229649,2002,2015,14,5
"313","England","James Sinclair","ENG_062_MZB_LO",508.968364653212,"within_100m_to_1000m","ENG_062_MZB_LO_314__ENG_062_MZB_LO_320","i","second data call; new data","1667","ENG_062_MZB_LO_314","COQUET",55.343981451,-2.1194818698,2002,2023,22,18
"314","England","James Sinclair","ENG_062_MZB_LO",508.968364653212,"within_100m_to_1000m","ENG_062_MZB_LO_314__ENG_062_MZB_LO_320","j","second data call; new data","1686","ENG_062_MZB_LO_320","ALWIN",55.3478314934,-2.1242714545,2002,2019,18,7
"315","England","James Sinclair","ENG_062_MZB_LO",319.248050822811,"within_100m_to_1000m","ENG_062_MZB_LO_323__ENG_062_MZB_LO_325","i","second data call; new data","1696","ENG_062_MZB_LO_323","WANSBECK",55.1723182809,-1.6231621862,2003,2017,15,8
"316","England","James Sinclair","ENG_062_MZB_LO",319.248050822811,"within_100m_to_1000m","ENG_062_MZB_LO_323__ENG_062_MZB_LO_325","j","second data call; new data","1702","ENG_062_MZB_LO_325","BOTHAL BROCKS BURN",55.1745571109,-1.6265479409,2002,2017,16,5
"317","England","James Sinclair","ENG_062_MZB_LO",349.348979149339,"within_100m_to_1000m","ENG_062_MZB_LO_327__ENG_062_MZB_LO_328","i","second data call; new data","1706","ENG_062_MZB_LO_327","FONT",55.238393599,-1.9465153029,2002,2022,21,8
"318","England","James Sinclair","ENG_062_MZB_LO",349.348979149339,"within_100m_to_1000m","ENG_062_MZB_LO_327__ENG_062_MZB_LO_328","j","second data call; new data","1707","ENG_062_MZB_LO_328","FALLOWLEES BURN",55.2365984129,-1.9512351567,2003,2022,20,9
"319","England","James Sinclair","ENG_062_MZB_LO",150.810839856192,"within_100m_to_1000m","ENG_062_MZB_LO_344__ENG_062_MZB_LO_363","i","second data call; new data","1734","ENG_062_MZB_LO_344","TYNE",54.9660625982,-1.8687801942,2002,2024,23,7
"320","England","James Sinclair","ENG_062_MZB_LO",150.810839856192,"within_100m_to_1000m","ENG_062_MZB_LO_344__ENG_062_MZB_LO_363","j","second data call; new data","1771","ENG_062_MZB_LO_363","WHITTLE BURN",54.9669452477,-1.8706672442,2002,2013,12,5
"321","England","James Sinclair","ENG_062_MZB_LO",122.837017153344,"within_100m_to_1000m","ENG_062_MZB_LO_366__ENG_062_MZB_LO_372","i","second data call; new data","1781","ENG_062_MZB_LO_366","SOUTH TYNE",54.9628724207,-2.4712928211,2003,2016,14,5
"322","England","James Sinclair","ENG_062_MZB_LO",122.837017153344,"within_100m_to_1000m","ENG_062_MZB_LO_366__ENG_062_MZB_LO_372","j","second data call; new data","1793","ENG_062_MZB_LO_372","TIPALT BURN",54.9622012236,-2.4728935796,2003,2019,17,6
"323","England","James Sinclair","ENG_062_MZB_LO",576.192871709842,"within_100m_to_1000m","ENG_062_MZB_LO_367__ENG_062_MZB_LO_374","i","second data call; new data","1784","ENG_062_MZB_LO_367","SOUTH TYNE",54.8097796475,-2.4429793136,2004,2024,21,20
"324","England","James Sinclair","ENG_062_MZB_LO",576.192871709842,"within_100m_to_1000m","ENG_062_MZB_LO_367__ENG_062_MZB_LO_374","j","second data call; new data","1798","ENG_062_MZB_LO_374","NENT",54.8151266709,-2.4429600818,2002,2019,18,9
"325","England","James Sinclair","ENG_062_MZB_LO",477.320546552611,"within_100m_to_1000m","ENG_062_MZB_LO_347__ENG_062_MZB_LO_377","i","second data call; new data","1740","ENG_062_MZB_LO_347","NORTH TYNE",55.0872512948,-2.2161732497,2002,2014,13,7
"326","England","James Sinclair","ENG_062_MZB_LO",477.320546552611,"within_100m_to_1000m","ENG_062_MZB_LO_347__ENG_062_MZB_LO_377","j","second data call; new data","1806","ENG_062_MZB_LO_377","WARKS BURN",55.0830682992,-2.2187039109,2004,2018,15,6
"327","England","James Sinclair","ENG_062_MZB_LO",168.563614994967,"within_100m_to_1000m","ENG_062_MZB_LO_348__ENG_062_MZB_LO_384","i","second data call; new data","1742","ENG_062_MZB_LO_348","NORTH TYNE",55.1406473357,-2.2569350661,2002,2023,22,10
"328","England","James Sinclair","ENG_062_MZB_LO",168.563614994967,"within_100m_to_1000m","ENG_062_MZB_LO_348__ENG_062_MZB_LO_384","j","second data call; new data","1820","ENG_062_MZB_LO_384","HARESHAW BURN",55.1420605808,-2.2557675415,2003,2018,16,8
"329","England","James Sinclair","ENG_062_MZB_LO",537.014389140998,"within_100m_to_1000m","ENG_062_MZB_LO_385__ENG_062_MZB_LO_386","i","second data call; new data","1821","ENG_062_MZB_LO_385","CHIRDON BURN",55.1587322908,-2.3423656006,2003,2019,17,8
"330","England","James Sinclair","ENG_062_MZB_LO",537.014389140998,"within_100m_to_1000m","ENG_062_MZB_LO_385__ENG_062_MZB_LO_386","j","second data call; new data","1822","ENG_062_MZB_LO_386","TARSET BURN",55.1629951851,-2.3378659172,2003,2019,17,9
"331","England","James Sinclair","ENG_062_MZB_LO",845.284364241405,"within_100m_to_1000m","ENG_062_MZB_LO_388__ENG_062_MZB_LO_394","i","second data call; new data","1826","ENG_062_MZB_LO_388","WEAR",54.8644077451,-1.5584195361,2003,2014,12,7
"332","England","James Sinclair","ENG_062_MZB_LO",845.284364241405,"within_100m_to_1000m","ENG_062_MZB_LO_388__ENG_062_MZB_LO_394","j","second data call; new data","1841","ENG_062_MZB_LO_394","CONG BURN",54.8581105589,-1.566526299,2002,2014,13,5
"333","England","James Sinclair","ENG_062_MZB_LO",843.690083932146,"within_100m_to_1000m","ENG_062_MZB_LO_388__ENG_062_MZB_LO_395","i","second data call; new data","1826","ENG_062_MZB_LO_388","WEAR",54.8644077451,-1.5584195361,2003,2014,12,7
"334","England","James Sinclair","ENG_062_MZB_LO",843.690083932146,"within_100m_to_1000m","ENG_062_MZB_LO_388__ENG_062_MZB_LO_395","j","second data call; new data","1846","ENG_062_MZB_LO_395","LUMLEY PARK BURN",54.8565873592,-1.5577885719,2004,2018,15,5
"335","England","James Sinclair","ENG_062_MZB_LO",567.486492442641,"within_100m_to_1000m","ENG_062_MZB_LO_394__ENG_062_MZB_LO_395","i","second data call; new data","1841","ENG_062_MZB_LO_394","CONG BURN",54.8581105589,-1.566526299,2002,2014,13,5
"336","England","James Sinclair","ENG_062_MZB_LO",567.486492442641,"within_100m_to_1000m","ENG_062_MZB_LO_394__ENG_062_MZB_LO_395","j","second data call; new data","1846","ENG_062_MZB_LO_395","LUMLEY PARK BURN",54.8565873592,-1.5577885719,2004,2018,15,5
"337","England","James Sinclair","ENG_062_MZB_LO",953.620697243347,"within_100m_to_1000m","ENG_062_MZB_LO_406__ENG_062_MZB_LO_407","i","second data call; new data","1880","ENG_062_MZB_LO_406","VALLEY BURN",54.7139256826,-1.6212413211,2003,2020,18,6
"338","England","James Sinclair","ENG_062_MZB_LO",953.620697243347,"within_100m_to_1000m","ENG_062_MZB_LO_406__ENG_062_MZB_LO_407","j","second data call; new data","1881","ENG_062_MZB_LO_407","BRANCEPETH BURN",54.7175629742,-1.635178748,2003,2020,18,6
"339","England","James Sinclair","ENG_062_MZB_LO",208.036096390469,"within_100m_to_1000m","ENG_062_MZB_LO_391__ENG_062_MZB_LO_410","i","second data call; new data","1834","ENG_062_MZB_LO_391","WEAR",54.6711658046,-1.7720442347,2004,2023,20,8
"340","England","James Sinclair","ENG_062_MZB_LO",208.036096390469,"within_100m_to_1000m","ENG_062_MZB_LO_391__ENG_062_MZB_LO_410","j","second data call; new data","1890","ENG_062_MZB_LO_410","LINBURN BECK",54.6696969,-1.7698817314,2002,2013,12,5
"341","England","James Sinclair","ENG_062_MZB_LO",687.632823804984,"within_100m_to_1000m","ENG_062_MZB_LO_392__ENG_062_MZB_LO_413","i","second data call; new data","1836","ENG_062_MZB_LO_392","WEAR",54.7266117683,-1.8859180593,2002,2023,22,12
"342","England","James Sinclair","ENG_062_MZB_LO",687.632823804984,"within_100m_to_1000m","ENG_062_MZB_LO_392__ENG_062_MZB_LO_413","j","second data call; new data","1893","ENG_062_MZB_LO_413","WASKERLEY BECK",54.7327557302,-1.8829347715,2003,2024,22,11
"343","England","James Sinclair","ENG_062_MZB_LO",480.343230932276,"within_100m_to_1000m","ENG_062_MZB_LO_393__ENG_062_MZB_LO_416","i","second data call; new data","1839","ENG_062_MZB_LO_393","WEAR",54.7405560346,-2.0683183173,2003,2014,12,7
"344","England","James Sinclair","ENG_062_MZB_LO",480.343230932276,"within_100m_to_1000m","ENG_062_MZB_LO_393__ENG_062_MZB_LO_416","j","second data call; new data","1896","ENG_062_MZB_LO_416","ROOKHOPE BURN",54.742924583,-2.0748461548,2002,2018,17,5
"345","England","James Sinclair","ENG_062_MZB_LO",147.895257552759,"within_100m_to_1000m","ENG_062_MZB_LO_417__ENG_062_MZB_LO_418","i","second data call; new data","1902","ENG_062_MZB_LO_417","KILLHOPE BURN",54.7512075637,-2.2229524803,2004,2018,15,6
"346","England","James Sinclair","ENG_062_MZB_LO",147.895257552759,"within_100m_to_1000m","ENG_062_MZB_LO_417__ENG_062_MZB_LO_418","j","second data call; new data","1903","ENG_062_MZB_LO_418","BURNHOPE BURN",54.7498411967,-2.2231779996,2002,2015,14,5
"347","England","James Sinclair","ENG_062_MZB_LO",388.624875846504,"within_100m_to_1000m","ENG_062_MZB_LO_232__ENG_062_MZB_LO_432","i","second data call; new data","1350","ENG_062_MZB_LO_232","COWBRIDGE BECK",54.6241501231,-1.2534644068,2002,2019,18,6
"348","England","James Sinclair","ENG_062_MZB_LO",388.624875846504,"within_100m_to_1000m","ENG_062_MZB_LO_232__ENG_062_MZB_LO_432","j","second data call; new data","1929","ENG_062_MZB_LO_432","COWBRIDGE BURN",54.6245834101,-1.2596363975,2002,2018,17,6
"349","England","James Sinclair","ENG_062_MZB_LO",485.191531924129,"within_100m_to_1000m","ENG_062_MZB_LO_421__ENG_062_MZB_LO_437","i","second data call; new data","1913","ENG_062_MZB_LO_421","TEES",54.4827463321,-1.554123743,2004,2024,21,10
"350","England","James Sinclair","ENG_062_MZB_LO",485.191531924129,"within_100m_to_1000m","ENG_062_MZB_LO_421__ENG_062_MZB_LO_437","j","second data call; new data","1977","ENG_062_MZB_LO_437","SKERNE",54.4870416968,-1.5564541687,2002,2015,14,9
"351","England","James Sinclair","ENG_062_MZB_LO",210.946178644171,"within_100m_to_1000m","ENG_062_MZB_LO_270__ENG_062_MZB_LO_438","i","second data call; new data","1466","ENG_062_MZB_LO_270","DEMONS BECK",54.6031727024,-1.5572529767,2002,2019,18,5
"352","England","James Sinclair","ENG_062_MZB_LO",210.946178644171,"within_100m_to_1000m","ENG_062_MZB_LO_270__ENG_062_MZB_LO_438","j","second data call; new data","1979","ENG_062_MZB_LO_438","SKERNE",54.6037990728,-1.5540572445,2002,2019,18,12
"353","England","James Sinclair","ENG_062_MZB_LO",832.593092342304,"within_100m_to_1000m","ENG_062_MZB_LO_421__ENG_062_MZB_LO_441","i","second data call; new data","1913","ENG_062_MZB_LO_421","TEES",54.4827463321,-1.554123743,2004,2024,21,10
"354","England","James Sinclair","ENG_062_MZB_LO",832.593092342304,"within_100m_to_1000m","ENG_062_MZB_LO_421__ENG_062_MZB_LO_441","j","second data call; new data","1993","ENG_062_MZB_LO_441","CLOW BECK",54.4856757881,-1.5664093953,2004,2014,11,5
"355","England","James Sinclair","ENG_062_MZB_LO",641.405729920585,"within_100m_to_1000m","ENG_062_MZB_LO_437__ENG_062_MZB_LO_441","i","second data call; new data","1977","ENG_062_MZB_LO_437","SKERNE",54.4870416968,-1.5564541687,2002,2015,14,9
"356","England","James Sinclair","ENG_062_MZB_LO",641.405729920585,"within_100m_to_1000m","ENG_062_MZB_LO_437__ENG_062_MZB_LO_441","j","second data call; new data","1993","ENG_062_MZB_LO_441","CLOW BECK",54.4856757881,-1.5664093953,2004,2014,11,5
"357","England","James Sinclair","ENG_062_MZB_LO",993.284491383355,"within_100m_to_1000m","ENG_062_MZB_LO_325__ENG_062_MZB_LO_456","i","second data call; new data","1702","ENG_062_MZB_LO_325","BOTHAL BROCKS BURN",55.1745571109,-1.6265479409,2002,2017,16,5
"358","England","James Sinclair","ENG_062_MZB_LO",993.284491383355,"within_100m_to_1000m","ENG_062_MZB_LO_325__ENG_062_MZB_LO_456","j","second data call; new data","2124","ENG_062_MZB_LO_456","BOTHAL BROCKS BURN",55.1821505664,-1.6356631401,2002,2017,16,5
"359","England","James Sinclair","ENG_062_MZB_LO",590.276104101725,"within_100m_to_1000m","ENG_062_MZB_LO_326__ENG_062_MZB_LO_462","i","second data call; new data","1705","ENG_062_MZB_LO_326","FONT",55.1695307564,-1.7312567392,2002,2019,18,16
"360","England","James Sinclair","ENG_062_MZB_LO",590.276104101725,"within_100m_to_1000m","ENG_062_MZB_LO_326__ENG_062_MZB_LO_462","j","second data call; new data","2268","ENG_062_MZB_LO_462","WANSBECK",55.1640967989,-1.7324232453,2007,2017,11,5
"361","England","James Sinclair","ENG_062_MZB_LO",261.001673087207,"within_100m_to_1000m","ENG_062_MZB_LO_467__ENG_062_MZB_LO_471","i","second data call; new data","7660","ENG_062_MZB_LO_467","MAIDEN BRADLEY BROOK",51.1995409905,-2.3201117316,2002,2020,19,10
"362","England","James Sinclair","ENG_062_MZB_LO",261.001673087207,"within_100m_to_1000m","ENG_062_MZB_LO_467__ENG_062_MZB_LO_471","j","second data call; new data","7674","ENG_062_MZB_LO_471","SOMERSET FROME",51.1980041069,-2.3231066251,2002,2023,22,9
"363","England","James Sinclair","ENG_062_MZB_LO",899.09432131123,"within_100m_to_1000m","ENG_062_MZB_LO_503__ENG_062_MZB_LO_505","i","second data call; new data","8348","ENG_062_MZB_LO_503","BRUE",51.1021863377,-2.4752048466,2004,2024,21,14
"364","England","James Sinclair","ENG_062_MZB_LO",899.09432131123,"within_100m_to_1000m","ENG_062_MZB_LO_503__ENG_062_MZB_LO_505","j","second data call; new data","8350","ENG_062_MZB_LO_505","BRUE",51.1065839875,-2.463894187,2003,2023,21,5
"365","England","James Sinclair","ENG_062_MZB_LO",916.416307955292,"within_100m_to_1000m","ENG_062_MZB_LO_507__ENG_062_MZB_LO_508","i","second data call; new data","8494","ENG_062_MZB_LO_507","MOORS",50.8336422871,-1.8622005075,2003,2023,21,10
"366","England","James Sinclair","ENG_062_MZB_LO",916.416307955292,"within_100m_to_1000m","ENG_062_MZB_LO_507__ENG_062_MZB_LO_508","j","second data call; new data","8509","ENG_062_MZB_LO_508","MOORS",50.8417304871,-1.8579160132,2003,2017,15,9
"367","England","James Sinclair","ENG_062_MZB_LO",849.604239843867,"within_100m_to_1000m","ENG_062_MZB_LO_513__ENG_062_MZB_LO_532","i","second data call; new data","8533","ENG_062_MZB_LO_513","MOORS",50.76792202,-1.8212567135,2002,2023,22,15
"368","England","James Sinclair","ENG_062_MZB_LO",849.604239843867,"within_100m_to_1000m","ENG_062_MZB_LO_513__ENG_062_MZB_LO_532","j","second data call; new data","8647","ENG_062_MZB_LO_532","STOUR (SW - LOWER)",50.7610331966,-1.8151297041,2003,2023,21,9
"369","England","James Sinclair","ENG_062_MZB_LO",916.773058751725,"within_100m_to_1000m","ENG_062_MZB_LO_548__ENG_062_MZB_LO_563","i","second data call; new data","8872","ENG_062_MZB_LO_548","DEER",50.7512559912,-4.3840855712,2002,2023,22,5
"370","England","James Sinclair","ENG_062_MZB_LO",916.773058751725,"within_100m_to_1000m","ENG_062_MZB_LO_548__ENG_062_MZB_LO_563","j","second data call; new data","8959","ENG_062_MZB_LO_563","CLAW",50.7480930604,-4.3715909611,2004,2023,20,6
"371","England","James Sinclair","ENG_062_MZB_LO",524.930503334496,"within_100m_to_1000m","ENG_062_MZB_LO_566__ENG_062_MZB_LO_577","i","second data call; new data","8979","ENG_062_MZB_LO_566","HOOKE",50.7767669048,-2.576722578,2003,2014,12,7
"372","England","James Sinclair","ENG_062_MZB_LO",524.930503334496,"within_100m_to_1000m","ENG_062_MZB_LO_566__ENG_062_MZB_LO_577","j","second data call; new data","9053","ENG_062_MZB_LO_577","DORSET FROME",50.781488896,-2.5747382316,2003,2014,12,5
"373","England","James Sinclair","ENG_062_MZB_LO",898.076218828513,"within_100m_to_1000m","ENG_062_MZB_LO_586__ENG_062_MZB_LO_587","i","second data call; new data","9115","ENG_062_MZB_LO_586","HAMPSHIRE AVON (EASTERN)",51.3322730977,-1.7815374891,2002,2013,12,9
"374","England","James Sinclair","ENG_062_MZB_LO",898.076218828513,"within_100m_to_1000m","ENG_062_MZB_LO_586__ENG_062_MZB_LO_587","j","second data call; new data","9116","ENG_062_MZB_LO_587","HAMPSHIRE AVON (EASTERN)",51.3351715162,-1.7690208434,2003,2023,21,8
"375","England","James Sinclair","ENG_062_MZB_LO",197.871706703074,"within_100m_to_1000m","ENG_062_MZB_LO_583__ENG_062_MZB_LO_589","i","second data call; new data","9110","ENG_062_MZB_LO_583","HAMPSHIRE AVON",51.1926795531,-1.7661973383,2002,2023,22,15
"376","England","James Sinclair","ENG_062_MZB_LO",197.871706703074,"within_100m_to_1000m","ENG_062_MZB_LO_583__ENG_062_MZB_LO_589","j","second data call; new data","9118","ENG_062_MZB_LO_589","NINE MILE RIVER",51.19200866,-1.7634674908,2002,2024,23,20
"377","England","James Sinclair","ENG_062_MZB_LO",618.039279976951,"within_100m_to_1000m","ENG_062_MZB_LO_594__ENG_062_MZB_LO_595","i","second data call; new data","9143","ENG_062_MZB_LO_594","LINFORD BROOK",50.8593043459,-1.7834426688,2002,2015,14,8
"378","England","James Sinclair","ENG_062_MZB_LO",618.039279976951,"within_100m_to_1000m","ENG_062_MZB_LO_594__ENG_062_MZB_LO_595","j","second data call; new data","9144","ENG_062_MZB_LO_595","DOCKENS WATER",50.8643304155,-1.7878669519,2002,2018,17,11
"379","England","James Sinclair","ENG_062_MZB_LO",547.033052173973,"within_100m_to_1000m","ENG_062_MZB_LO_592__ENG_062_MZB_LO_597","i","second data call; new data","9132","ENG_062_MZB_LO_592","HAMPSHIRE AVON",50.9162096985,-1.7935062229,2003,2024,22,10
"380","England","James Sinclair","ENG_062_MZB_LO",547.033052173973,"within_100m_to_1000m","ENG_062_MZB_LO_592__ENG_062_MZB_LO_597","j","second data call; new data","9146","ENG_062_MZB_LO_597","DITCHEND BROOK",50.9185708656,-1.7863686441,2002,2017,16,7
"381","England","James Sinclair","ENG_062_MZB_LO",692.185662692783,"within_100m_to_1000m","ENG_062_MZB_LO_600__ENG_062_MZB_LO_603","i","second data call; new data","9154","ENG_062_MZB_LO_600","NADDER",51.0621040075,-2.078427409,2002,2015,14,7
"382","England","James Sinclair","ENG_062_MZB_LO",692.185662692783,"within_100m_to_1000m","ENG_062_MZB_LO_600__ENG_062_MZB_LO_603","j","second data call; new data","9157","ENG_062_MZB_LO_603","FONTHILL STREAM",51.0667844478,-2.0713995424,2002,2016,15,9
"383","England","James Sinclair","ENG_062_MZB_LO",703.250276724282,"within_100m_to_1000m","ENG_062_MZB_LO_601__ENG_062_MZB_LO_604","i","second data call; new data","9155","ENG_062_MZB_LO_601","NADDER",51.0431924443,-2.1126293484,2002,2013,12,8
"384","England","James Sinclair","ENG_062_MZB_LO",703.250276724282,"within_100m_to_1000m","ENG_062_MZB_LO_601__ENG_062_MZB_LO_604","j","second data call; new data","9158","ENG_062_MZB_LO_604","SEM",51.0449808419,-2.1226189076,2002,2023,22,5
"385","England","James Sinclair","ENG_062_MZB_LO",988.883792485845,"within_100m_to_1000m","ENG_062_MZB_LO_606__ENG_062_MZB_LO_609","i","second data call; new data","9165","ENG_062_MZB_LO_606","EBBLE",51.0285131313,-1.943773491,2003,2015,13,10
"386","England","James Sinclair","ENG_062_MZB_LO",988.883792485845,"within_100m_to_1000m","ENG_062_MZB_LO_606__ENG_062_MZB_LO_609","j","second data call; new data","9182","ENG_062_MZB_LO_609","EBBLE",51.0243373403,-1.9567821012,2002,2013,12,5
"387","England","James Sinclair","ENG_062_MZB_LO",720.376142252043,"within_100m_to_1000m","ENG_062_MZB_LO_640__ENG_062_MZB_LO_641","i","second data call; new data","9328","ENG_062_MZB_LO_640","TEMPLE BROOK",50.8499150257,-2.8438754995,2004,2024,21,9
"388","England","James Sinclair","ENG_062_MZB_LO",720.376142252043,"within_100m_to_1000m","ENG_062_MZB_LO_640__ENG_062_MZB_LO_641","j","second data call; new data","9331","ENG_062_MZB_LO_641","AXE (DEVON)",50.8532366927,-2.8346726513,2013,2024,12,9
"389","England","James Sinclair","ENG_062_MZB_LO",889.898536698947,"within_100m_to_1000m","ENG_062_MZB_LO_635__ENG_062_MZB_LO_642","i","second data call; new data","9313","ENG_062_MZB_LO_635","TALE",50.7644203213,-3.2924067893,2004,2023,20,5
"390","England","James Sinclair","ENG_062_MZB_LO",889.898536698947,"within_100m_to_1000m","ENG_062_MZB_LO_635__ENG_062_MZB_LO_642","j","second data call; new data","9340","ENG_062_MZB_LO_642","OTTER",50.7571138977,-3.2862506164,2003,2017,15,6
"391","England","James Sinclair","ENG_062_MZB_LO",947.412529403714,"within_100m_to_1000m","ENG_062_MZB_LO_463__ENG_062_MZB_LO_654","i","second data call; new data","7633","ENG_062_MZB_LO_463","AXE (DEVON)",50.7548574727,-3.0440440306,2002,2023,22,19
"392","England","James Sinclair","ENG_062_MZB_LO",947.412529403714,"within_100m_to_1000m","ENG_062_MZB_LO_463__ENG_062_MZB_LO_654","j","second data call; new data","9406","ENG_062_MZB_LO_654","AXE (DEVON)",50.7465421647,-3.0486783544,2002,2022,21,7
"393","England","James Sinclair","ENG_062_MZB_LO",923.023440832382,"within_100m_to_1000m","ENG_062_MZB_LO_658__ENG_062_MZB_LO_662","i","second data call; new data","9415","ENG_062_MZB_LO_658","YARTY",50.7754172795,-3.0194407059,2004,2022,19,5
"394","England","James Sinclair","ENG_062_MZB_LO",923.023440832382,"within_100m_to_1000m","ENG_062_MZB_LO_658__ENG_062_MZB_LO_662","j","second data call; new data","9422","ENG_062_MZB_LO_662","AXE (DEVON)",50.7801737342,-3.0081540281,2003,2022,20,10
"395","England","James Sinclair","ENG_062_MZB_LO",473.705767732185,"within_100m_to_1000m","ENG_062_MZB_LO_660__ENG_062_MZB_LO_664","i","second data call; new data","9418","ENG_062_MZB_LO_660","BLACKWATER RIVER",50.8151765929,-2.9522686322,2002,2022,21,6
"396","England","James Sinclair","ENG_062_MZB_LO",473.705767732185,"within_100m_to_1000m","ENG_062_MZB_LO_660__ENG_062_MZB_LO_664","j","second data call; new data","9428","ENG_062_MZB_LO_664","AXE (DEVON)",50.8179197324,-2.9577189307,2002,2022,21,5
"397","England","James Sinclair","ENG_062_MZB_LO",934.420269946067,"within_100m_to_1000m","ENG_062_MZB_LO_641__ENG_062_MZB_LO_667","i","second data call; new data","9331","ENG_062_MZB_LO_641","AXE (DEVON)",50.8532366927,-2.8346726513,2013,2024,12,9
"398","England","James Sinclair","ENG_062_MZB_LO",934.420269946067,"within_100m_to_1000m","ENG_062_MZB_LO_641__ENG_062_MZB_LO_667","j","second data call; new data","9439","ENG_062_MZB_LO_667","CLAPTON STREAM",50.8615306583,-2.8305295589,2004,2024,21,8
"399","England","James Sinclair","ENG_062_MZB_LO",795.659697258215,"within_100m_to_1000m","ENG_062_MZB_LO_686__ENG_062_MZB_LO_694","i","second data call; new data","9515","ENG_062_MZB_LO_686","BATHERM",50.9811817004,-3.4935881821,2002,2017,16,7
"400","England","James Sinclair","ENG_062_MZB_LO",795.659697258215,"within_100m_to_1000m","ENG_062_MZB_LO_686__ENG_062_MZB_LO_694","j","second data call; new data","9553","ENG_062_MZB_LO_694","EXE",50.9738729438,-3.4954902435,2002,2023,22,17
"401","England","James Sinclair","ENG_062_MZB_LO",862.197224958324,"within_100m_to_1000m","ENG_062_MZB_LO_696__ENG_062_MZB_LO_703","i","second data call; new data","9562","ENG_062_MZB_LO_696","CREEDY",50.7879387957,-3.6264564905,2002,2014,13,5
"402","England","James Sinclair","ENG_062_MZB_LO",862.197224958324,"within_100m_to_1000m","ENG_062_MZB_LO_696__ENG_062_MZB_LO_703","j","second data call; new data","9635","ENG_062_MZB_LO_703","YEO (CREEDY)",50.7800787129,-3.6290207142,2003,2015,13,5
"403","England","James Sinclair","ENG_062_MZB_LO",470.657791401651,"within_100m_to_1000m","ENG_062_MZB_LO_759__ENG_062_MZB_LO_760","i","second data call; new data","10518","ENG_062_MZB_LO_759","HELE BROOK",51.0072866513,-3.1677250544,2002,2014,13,10
"404","England","James Sinclair","ENG_062_MZB_LO",470.657791401651,"within_100m_to_1000m","ENG_062_MZB_LO_759__ENG_062_MZB_LO_760","j","second data call; new data","10519","ENG_062_MZB_LO_760","TONE",51.0073609119,-3.174668568,2002,2014,13,5
"405","England","James Sinclair","ENG_062_MZB_LO",138.300213872779,"within_100m_to_1000m","ENG_062_MZB_LO_768__ENG_062_MZB_LO_770","i","second data call; new data","10533","ENG_062_MZB_LO_768","TONE",51.0189669495,-3.1322318438,2003,2024,22,13
"406","England","James Sinclair","ENG_062_MZB_LO",138.300213872779,"within_100m_to_1000m","ENG_062_MZB_LO_768__ENG_062_MZB_LO_770","j","second data call; new data","10536","ENG_062_MZB_LO_770","HALSE WATER",51.0202297788,-3.1318348458,2002,2024,23,9
"407","England","James Sinclair","ENG_062_MZB_LO",898.255725895733,"within_100m_to_1000m","ENG_062_MZB_LO_776__ENG_062_MZB_LO_781","i","second data call; new data","10702","ENG_062_MZB_LO_776","SIBLYBACK STREAM",50.5020987352,-4.5002755263,2002,2023,22,10
"408","England","James Sinclair","ENG_062_MZB_LO",898.255725895733,"within_100m_to_1000m","ENG_062_MZB_LO_776__ENG_062_MZB_LO_781","j","second data call; new data","10708","ENG_062_MZB_LO_781","FOWEY",50.4937490934,-4.4995525093,2002,2023,22,20
"409","England","James Sinclair","ENG_062_MZB_LO",626.18614367364,"within_100m_to_1000m","ENG_062_MZB_LO_793__ENG_062_MZB_LO_795","i","second data call; new data","10783","ENG_062_MZB_LO_793","LYNHER",50.574218044,-4.4546564549,2004,2019,16,5
"410","England","James Sinclair","ENG_062_MZB_LO",626.18614367364,"within_100m_to_1000m","ENG_062_MZB_LO_793__ENG_062_MZB_LO_795","j","second data call; new data","10789","ENG_062_MZB_LO_795","WITHEY BROOK",50.5685909143,-4.457047308,2004,2022,19,9
"411","England","James Sinclair","ENG_062_MZB_LO",329.976772207884,"within_100m_to_1000m","ENG_062_MZB_LO_809__ENG_062_MZB_LO_813","i","second data call; new data","10864","ENG_062_MZB_LO_809","RED RIVER",50.2320348394,-5.3210830399,2002,2014,13,7
"412","England","James Sinclair","ENG_062_MZB_LO",329.976772207884,"within_100m_to_1000m","ENG_062_MZB_LO_809__ENG_062_MZB_LO_813","j","second data call; new data","10874","ENG_062_MZB_LO_813","TEHIDY STREAM",50.2337844056,-5.3250196516,2002,2014,13,7
"413","England","James Sinclair","ENG_062_MZB_LO",284.193030859914,"within_100m_to_1000m","ENG_062_MZB_LO_821__ENG_062_MZB_LO_824","i","second data call; new data","10921","ENG_062_MZB_LO_821","SIMENE",50.7330120111,-2.767662478,2003,2023,21,6
"414","England","James Sinclair","ENG_062_MZB_LO",284.193030859914,"within_100m_to_1000m","ENG_062_MZB_LO_821__ENG_062_MZB_LO_824","j","second data call; new data","10924","ENG_062_MZB_LO_824","BRIT",50.7329405232,-2.7634952903,2003,2015,13,6
"415","England","James Sinclair","ENG_062_MZB_LO",939.065440163802,"within_100m_to_1000m","ENG_062_MZB_LO_821__ENG_062_MZB_LO_829","i","second data call; new data","10921","ENG_062_MZB_LO_821","SIMENE",50.7330120111,-2.767662478,2003,2023,21,6
"416","England","James Sinclair","ENG_062_MZB_LO",939.065440163802,"within_100m_to_1000m","ENG_062_MZB_LO_821__ENG_062_MZB_LO_829","j","second data call; new data","10948","ENG_062_MZB_LO_829","BRIT",50.7258425186,-2.7597811358,2002,2023,22,7
"417","England","James Sinclair","ENG_062_MZB_LO",803.410697032528,"within_100m_to_1000m","ENG_062_MZB_LO_824__ENG_062_MZB_LO_829","i","second data call; new data","10924","ENG_062_MZB_LO_824","BRIT",50.7329405232,-2.7634952903,2003,2015,13,6
"418","England","James Sinclair","ENG_062_MZB_LO",803.410697032528,"within_100m_to_1000m","ENG_062_MZB_LO_824__ENG_062_MZB_LO_829","j","second data call; new data","10948","ENG_062_MZB_LO_829","BRIT",50.7258425186,-2.7597811358,2002,2023,22,7
"419","England","James Sinclair","ENG_062_MZB_LO",562.438936388458,"within_100m_to_1000m","ENG_062_MZB_LO_827__ENG_062_MZB_LO_831","i","second data call; new data","10946","ENG_062_MZB_LO_827","WEY",50.6566917628,-2.4736604542,2002,2024,23,14
"420","England","James Sinclair","ENG_062_MZB_LO",562.438936388458,"within_100m_to_1000m","ENG_062_MZB_LO_827__ENG_062_MZB_LO_831","j","second data call; new data","10950","ENG_062_MZB_LO_831","PUCKSEY BROOK",50.6514648588,-2.4741453159,2003,2019,17,8
"421","England","James Sinclair","ENG_062_MZB_LO",898.972344129414,"within_100m_to_1000m","ENG_062_MZB_LO_845__ENG_062_MZB_LO_846","i","second data call; new data","33407","ENG_062_MZB_LO_845","MIMRAM",51.8299693543,-0.2151309783,2014,2023,10,10
"422","England","James Sinclair","ENG_062_MZB_LO",898.972344129414,"within_100m_to_1000m","ENG_062_MZB_LO_845__ENG_062_MZB_LO_846","j","second data call; new data","33408","ENG_062_MZB_LO_846","MIMRAM",51.8375206902,-0.2209434156,2002,2020,19,18
"423","England","James Sinclair","ENG_062_MZB_LO",592.384504135149,"within_100m_to_1000m","ENG_062_MZB_LO_866__ENG_062_MZB_LO_867","i","second data call; new data","33750","ENG_062_MZB_LO_866","VER",51.7932710798,-0.3926359025,2002,2023,22,22
"424","England","James Sinclair","ENG_062_MZB_LO",592.384504135149,"within_100m_to_1000m","ENG_062_MZB_LO_866__ENG_062_MZB_LO_867","j","second data call; new data","33751","ENG_062_MZB_LO_867","VER",51.788828843,-0.3873711119,2002,2023,22,19
"425","England","James Sinclair","ENG_062_MZB_LO",535.321913838809,"within_100m_to_1000m","ENG_062_MZB_LO_866__ENG_062_MZB_LO_868","i","second data call; new data","33750","ENG_062_MZB_LO_866","VER",51.7932710798,-0.3926359025,2002,2023,22,22
"426","England","James Sinclair","ENG_062_MZB_LO",535.321913838809,"within_100m_to_1000m","ENG_062_MZB_LO_866__ENG_062_MZB_LO_868","j","second data call; new data","33752","ENG_062_MZB_LO_868","RED",51.7932548242,-0.4006699434,2002,2024,23,21
"427","England","James Sinclair","ENG_062_MZB_LO",389.336554359228,"within_100m_to_1000m","ENG_062_MZB_LO_854__ENG_062_MZB_LO_888","i","second data call; new data","33514","ENG_062_MZB_LO_854","HIGH LAVER BROOK",51.7412768079,0.2146157108,2011,2024,14,7
"428","England","James Sinclair","ENG_062_MZB_LO",389.336554359228,"within_100m_to_1000m","ENG_062_MZB_LO_854__ENG_062_MZB_LO_888","j","second data call; new data","34001","ENG_062_MZB_LO_888","CRIPSEY BROOK",51.7393843157,0.2195927766,2003,2023,21,11
"429","England","James Sinclair","ENG_062_MZB_LO",735.630947919948,"within_100m_to_1000m","ENG_062_MZB_LO_881__ENG_062_MZB_LO_891","i","second data call; new data","33910","ENG_062_MZB_LO_881","COUNTY DITCH (STAINES)",51.4377158523,-0.5252742518,2002,2024,23,18
"430","England","James Sinclair","ENG_062_MZB_LO",735.630947919948,"within_100m_to_1000m","ENG_062_MZB_LO_881__ENG_062_MZB_LO_891","j","second data call; new data","34013","ENG_062_MZB_LO_891","COLNE BROOK",51.4405386934,-0.5352555117,2002,2023,22,16
"431","England","James Sinclair","ENG_062_MZB_LO",863.955115559043,"within_100m_to_1000m","ENG_062_MZB_LO_881__ENG_062_MZB_LO_907","i","second data call; new data","33910","ENG_062_MZB_LO_881","COUNTY DITCH (STAINES)",51.4377158523,-0.5252742518,2002,2024,23,18
"432","England","James Sinclair","ENG_062_MZB_LO",863.955115559043,"within_100m_to_1000m","ENG_062_MZB_LO_881__ENG_062_MZB_LO_907","j","second data call; new data","34061","ENG_062_MZB_LO_907","HORTON BROOK",51.4414555376,-0.5366650947,2003,2014,12,5
"433","England","James Sinclair","ENG_062_MZB_LO",136.603702298752,"within_100m_to_1000m","ENG_062_MZB_LO_891__ENG_062_MZB_LO_907","i","second data call; new data","34013","ENG_062_MZB_LO_891","COLNE BROOK",51.4405386934,-0.5352555117,2002,2023,22,16
"434","England","James Sinclair","ENG_062_MZB_LO",136.603702298752,"within_100m_to_1000m","ENG_062_MZB_LO_891__ENG_062_MZB_LO_907","j","second data call; new data","34061","ENG_062_MZB_LO_907","HORTON BROOK",51.4414555376,-0.5366650947,2003,2014,12,5
"435","England","James Sinclair","ENG_062_MZB_LO",383.376191588593,"within_100m_to_1000m","ENG_062_MZB_LO_869__ENG_062_MZB_LO_910","i","second data call; new data","33825","ENG_062_MZB_LO_869","SALMON BROOK",51.6213669923,-0.046937282,2003,2024,22,8
"436","England","James Sinclair","ENG_062_MZB_LO",383.376191588593,"within_100m_to_1000m","ENG_062_MZB_LO_869__ENG_062_MZB_LO_910","j","second data call; new data","34080","ENG_062_MZB_LO_910","SALMON BROOK",51.6190111085,-0.0426323153,2004,2014,11,6
"437","England","James Sinclair","ENG_062_MZB_LO",790.961228243763,"within_100m_to_1000m","ENG_062_MZB_LO_867__ENG_062_MZB_LO_918","i","second data call; new data","33751","ENG_062_MZB_LO_867","VER",51.788828843,-0.3873711119,2002,2023,22,19
"438","England","James Sinclair","ENG_062_MZB_LO",790.961228243763,"within_100m_to_1000m","ENG_062_MZB_LO_867__ENG_062_MZB_LO_918","j","second data call; new data","34116","ENG_062_MZB_LO_918","VER",51.7839497657,-0.3784840042,2006,2023,18,18
"439","England","James Sinclair","ENG_062_MZB_LO",706.464594622505,"within_100m_to_1000m","ENG_062_MZB_LO_880__ENG_062_MZB_LO_925","i","second data call; new data","33909","ENG_062_MZB_LO_880","STORT",51.8996421065,0.1797326853,2004,2024,21,17
"440","England","James Sinclair","ENG_062_MZB_LO",706.464594622505,"within_100m_to_1000m","ENG_062_MZB_LO_880__ENG_062_MZB_LO_925","j","second data call; new data","34162","ENG_062_MZB_LO_925","STANSTED BROOK",51.8942420421,0.1857937374,2002,2024,23,19
"441","England","James Sinclair","ENG_062_MZB_LO",492.514021420214,"within_100m_to_1000m","ENG_062_MZB_LO_917__ENG_062_MZB_LO_933","i","second data call; new data","34114","ENG_062_MZB_LO_917","STORT",51.8514385717,0.166293596,2003,2019,17,7
"442","England","James Sinclair","ENG_062_MZB_LO",492.514021420214,"within_100m_to_1000m","ENG_062_MZB_LO_917__ENG_062_MZB_LO_933","j","second data call; new data","34190","ENG_062_MZB_LO_933","GT HALLINGBURY BROOK",51.850406247,0.1735043686,2002,2024,23,8
"443","England","James Sinclair","ENG_062_MZB_LO",636.473532805714,"within_100m_to_1000m","ENG_062_MZB_LO_909__ENG_062_MZB_LO_939","i","second data call; new data","34077","ENG_062_MZB_LO_909","LEE (THAMES)",51.8068413056,-0.0606857135,2002,2016,15,5
"444","England","James Sinclair","ENG_062_MZB_LO",636.473532805714,"within_100m_to_1000m","ENG_062_MZB_LO_909__ENG_062_MZB_LO_939","j","second data call; new data","34213","ENG_062_MZB_LO_939","RIB",51.808163549,-0.069999727,2002,2024,23,22
"445","England","James Sinclair","ENG_062_MZB_LO",750.07684431084,"within_100m_to_1000m","ENG_062_MZB_LO_939__ENG_062_MZB_LO_943","i","second data call; new data","34213","ENG_062_MZB_LO_939","RIB",51.808163549,-0.069999727,2002,2024,23,22
"446","England","James Sinclair","ENG_062_MZB_LO",750.07684431084,"within_100m_to_1000m","ENG_062_MZB_LO_939__ENG_062_MZB_LO_943","j","second data call; new data","34242","ENG_062_MZB_LO_943","BEANE",51.8026101563,-0.0768218716,2002,2023,22,20
"447","England","James Sinclair","ENG_062_MZB_LO",793.851305261089,"within_100m_to_1000m","ENG_062_MZB_LO_875__ENG_062_MZB_LO_961","i","second data call; new data","33842","ENG_062_MZB_LO_875","CHESS",51.6938199208,-0.5977406679,2002,2018,17,5
"448","England","James Sinclair","ENG_062_MZB_LO",793.851305261089,"within_100m_to_1000m","ENG_062_MZB_LO_875__ENG_062_MZB_LO_961","j","second data call; new data","34306","ENG_062_MZB_LO_961","CHESS",51.6902157165,-0.5873633528,2002,2023,22,21
"449","England","James Sinclair","ENG_062_MZB_LO",458.621518233099,"within_100m_to_1000m","ENG_062_MZB_LO_961__ENG_062_MZB_LO_962","i","second data call; new data","34306","ENG_062_MZB_LO_961","CHESS",51.6902157165,-0.5873633528,2002,2023,22,21
"450","England","James Sinclair","ENG_062_MZB_LO",458.621518233099,"within_100m_to_1000m","ENG_062_MZB_LO_961__ENG_062_MZB_LO_962","j","second data call; new data","34307","ENG_062_MZB_LO_962","CHESS",51.6868205512,-0.5832015464,2003,2022,20,8
"451","England","James Sinclair","ENG_062_MZB_LO",939.191890866522,"within_100m_to_1000m","ENG_062_MZB_LO_927__ENG_062_MZB_LO_963","i","second data call; new data","34165","ENG_062_MZB_LO_927","CHESS",51.6783229289,-0.5304867891,2003,2021,19,7
"452","England","James Sinclair","ENG_062_MZB_LO",939.191890866522,"within_100m_to_1000m","ENG_062_MZB_LO_927__ENG_062_MZB_LO_963","j","second data call; new data","34310","ENG_062_MZB_LO_963","CHESS",51.6800922197,-0.5167174948,2002,2024,23,23
"453","England","James Sinclair","ENG_062_MZB_LO",860.983514233942,"within_100m_to_1000m","ENG_062_MZB_LO_950__ENG_062_MZB_LO_975","i","second data call; new data","34273","ENG_062_MZB_LO_950","RIB",51.8963975028,0.0204347462,2002,2019,18,16
"454","England","James Sinclair","ENG_062_MZB_LO",860.983514233942,"within_100m_to_1000m","ENG_062_MZB_LO_950__ENG_062_MZB_LO_975","j","second data call; new data","34348","ENG_062_MZB_LO_975","QUIN",51.9043822854,0.0215055006,2003,2024,22,11
"455","England","James Sinclair","ENG_062_MZB_LO",647.947142989965,"within_100m_to_1000m","ENG_062_MZB_LO_923__ENG_062_MZB_LO_979","i","second data call; new data","34158","ENG_062_MZB_LO_923","LEE (THAMES)",51.7959372511,-0.000245055,2002,2024,23,19
"456","England","James Sinclair","ENG_062_MZB_LO",647.947142989965,"within_100m_to_1000m","ENG_062_MZB_LO_923__ENG_062_MZB_LO_979","j","second data call; new data","34360","ENG_062_MZB_LO_979","ASH (LEE)",51.8014025417,-0.0043543937,2002,2023,22,22
"457","England","James Sinclair","ENG_062_MZB_LO",262.779211923746,"within_100m_to_1000m","ENG_062_MZB_LO_894__ENG_062_MZB_LO_981","i","second data call; new data","34019","ENG_062_MZB_LO_894","BEANE",51.8683145431,-0.1285366367,2002,2023,22,19
"458","England","James Sinclair","ENG_062_MZB_LO",262.779211923746,"within_100m_to_1000m","ENG_062_MZB_LO_894__ENG_062_MZB_LO_981","j","second data call; new data","34362","ENG_062_MZB_LO_981","STEVENAGE BROOK",51.8673470957,-0.1321645716,2002,2023,22,22
"459","England","James Sinclair","ENG_062_MZB_LO",762.871805935943,"within_100m_to_1000m","ENG_062_MZB_LO_1026__ENG_062_MZB_LO_1027","i","second data call; new data","35455","ENG_062_MZB_LO_1026","GLYME",51.8730762409,-1.3632999737,2003,2015,13,7
"460","England","James Sinclair","ENG_062_MZB_LO",762.871805935943,"within_100m_to_1000m","ENG_062_MZB_LO_1026__ENG_062_MZB_LO_1027","j","second data call; new data","35456","ENG_062_MZB_LO_1027","DORN",51.8752645738,-1.352389067,2002,2019,18,5
"461","England","James Sinclair","ENG_062_MZB_LO",915.440894441778,"within_100m_to_1000m","ENG_062_MZB_LO_1031__ENG_062_MZB_LO_839","i","second data call; new data","33215","ENG_062_MZB_LO_839","BLACKWATER (THAMES)",51.3125227576,-0.751776895,2002,2014,13,6
"462","England","James Sinclair","ENG_062_MZB_LO",915.440894441778,"within_100m_to_1000m","ENG_062_MZB_LO_1031__ENG_062_MZB_LO_839","j","second data call; new data","35465","ENG_062_MZB_LO_1031","COVE BROOK",51.3155620659,-0.7644792766,2003,2018,16,5
"463","England","James Sinclair","ENG_062_MZB_LO",607.518703136312,"within_100m_to_1000m","ENG_062_MZB_LO_1040__ENG_062_MZB_LO_1048","i","second data call; new data","35505","ENG_062_MZB_LO_1040","WINDRUSH",51.9188216638,-1.8572648915,2002,2024,23,8
"464","England","James Sinclair","ENG_062_MZB_LO",607.518703136312,"within_100m_to_1000m","ENG_062_MZB_LO_1040__ENG_062_MZB_LO_1048","j","second data call; new data","35591","ENG_062_MZB_LO_1048","SLADE BARN STREAM",51.92349407,-1.8624122754,2002,2016,15,5
"465","England","James Sinclair","ENG_062_MZB_LO",828.824514629824,"within_100m_to_1000m","ENG_062_MZB_LO_1007__ENG_062_MZB_LO_1052","i","second data call; new data","35170","ENG_062_MZB_LO_1007","PETTYS BROOK",51.2922515958,-1.026337125,2006,2020,15,15
"466","England","James Sinclair","ENG_062_MZB_LO",828.824514629824,"within_100m_to_1000m","ENG_062_MZB_LO_1007__ENG_062_MZB_LO_1052","j","second data call; new data","35665","ENG_062_MZB_LO_1052","LODDON",51.2863280059,-1.0342196842,2002,2024,23,23
"467","England","James Sinclair","ENG_062_MZB_LO",740.055570221934,"within_100m_to_1000m","ENG_062_MZB_LO_1043__ENG_062_MZB_LO_1055","i","second data call; new data","35528","ENG_062_MZB_LO_1043","WYE (THAMES",51.6265784647,-0.7431618828,2002,2014,13,13
"468","England","James Sinclair","ENG_062_MZB_LO",740.055570221934,"within_100m_to_1000m","ENG_062_MZB_LO_1043__ENG_062_MZB_LO_1055","j","second data call; new data","35782","ENG_062_MZB_LO_1055","WYE (THAMES",51.6233354714,-0.7333991672,2002,2019,18,14
"469","England","James Sinclair","ENG_062_MZB_LO",862.845355502477,"within_100m_to_1000m","ENG_062_MZB_LO_1065__ENG_062_MZB_LO_1068","i","second data call; new data","35812","ENG_062_MZB_LO_1065","WEY (SOUTH)",51.1237978333,-0.8465216138,2002,2024,23,13
"470","England","James Sinclair","ENG_062_MZB_LO",862.845355502477,"within_100m_to_1000m","ENG_062_MZB_LO_1065__ENG_062_MZB_LO_1068","j","second data call; new data","35831","ENG_062_MZB_LO_1068","WEY (SOUTH)",51.1180857788,-0.8554937527,2002,2023,22,11
"471","England","James Sinclair","ENG_062_MZB_LO",884.256456031774,"within_100m_to_1000m","ENG_062_MZB_LO_1056__ENG_062_MZB_LO_1076","i","second data call; new data","35783","ENG_062_MZB_LO_1056","WYE (THAMES",51.5702008632,-0.7092939605,2002,2024,23,15
"472","England","James Sinclair","ENG_062_MZB_LO",884.256456031774,"within_100m_to_1000m","ENG_062_MZB_LO_1056__ENG_062_MZB_LO_1076","j","second data call; new data","35889","ENG_062_MZB_LO_1076","THAMES (SE AREA)",51.5621582218,-0.7064922081,2002,2014,13,10
"473","England","James Sinclair","ENG_062_MZB_LO",124.084577458495,"within_100m_to_1000m","ENG_062_MZB_LO_1084__ENG_062_MZB_LO_1085","i","second data call; new data","35935","ENG_062_MZB_LO_1084","SILCHESTER BROOK",51.3481347417,-1.1085631961,2002,2014,13,6
"474","England","James Sinclair","ENG_062_MZB_LO",124.084577458495,"within_100m_to_1000m","ENG_062_MZB_LO_1084__ENG_062_MZB_LO_1085","j","second data call; new data","35936","ENG_062_MZB_LO_1085","SILCHESTER BROOK",51.3469991998,-1.1082262614,2002,2014,13,5
"475","England","James Sinclair","ENG_062_MZB_LO",334.328545218521,"within_100m_to_1000m","ENG_062_MZB_LO_1090__ENG_062_MZB_LO_999","i","second data call; new data","35100","ENG_062_MZB_LO_999","LYDIARD BROOK",51.580868305,-1.8253461704,2002,2014,13,5
"476","England","James Sinclair","ENG_062_MZB_LO",334.328545218521,"within_100m_to_1000m","ENG_062_MZB_LO_1090__ENG_062_MZB_LO_999","j","second data call; new data","35956","ENG_062_MZB_LO_1090","RAY (WILTS)",51.5839791725,-1.8252331259,2002,2014,13,8
"477","England","James Sinclair","ENG_062_MZB_LO",503.478471617285,"within_100m_to_1000m","ENG_062_MZB_LO_1072__ENG_062_MZB_LO_1094","i","second data call; new data","35850","ENG_062_MZB_LO_1072","THAMES (W AREA)",51.4861872057,-1.0863009965,2002,2013,12,5
"478","England","James Sinclair","ENG_062_MZB_LO",503.478471617285,"within_100m_to_1000m","ENG_062_MZB_LO_1072__ENG_062_MZB_LO_1094","j","second data call; new data","35969","ENG_062_MZB_LO_1094","PANG",51.4815465378,-1.0873442125,2002,2012,11,11
"479","England","James Sinclair","ENG_062_MZB_LO",622.11206272209,"within_100m_to_1000m","ENG_062_MZB_LO_1002__ENG_062_MZB_LO_1098","i","second data call; new data","35135","ENG_062_MZB_LO_1002","BAGPUIZE BROOK",51.6632425445,-1.4202159978,2003,2024,22,5
"480","England","James Sinclair","ENG_062_MZB_LO",622.11206272209,"within_100m_to_1000m","ENG_062_MZB_LO_1002__ENG_062_MZB_LO_1098","j","second data call; new data","35983","ENG_062_MZB_LO_1098","OCK",51.6578003011,-1.4233935413,2002,2013,12,5
"481","England","James Sinclair","ENG_062_MZB_LO",682.934295908275,"within_100m_to_1000m","ENG_062_MZB_LO_1099__ENG_062_MZB_LO_841","i","second data call; new data","33236","ENG_062_MZB_LO_841","BURSTOW STREAM",51.1908822438,-0.1752450107,2002,2024,23,7
"482","England","James Sinclair","ENG_062_MZB_LO",682.934295908275,"within_100m_to_1000m","ENG_062_MZB_LO_1099__ENG_062_MZB_LO_841","j","second data call; new data","35989","ENG_062_MZB_LO_1099","MOLE (THAMES)",51.1901391424,-0.18529204,2003,2017,15,7
"483","England","James Sinclair","ENG_062_MZB_LO",674.874638276448,"within_100m_to_1000m","ENG_062_MZB_LO_1101__ENG_062_MZB_LO_990","i","second data call; new data","34758","ENG_062_MZB_LO_990","PIPP BROOK",51.2405711822,-0.3214469887,2002,2015,14,5
"484","England","James Sinclair","ENG_062_MZB_LO",674.874638276448,"within_100m_to_1000m","ENG_062_MZB_LO_1101__ENG_062_MZB_LO_990","j","second data call; new data","35992","ENG_062_MZB_LO_1101","MOLE (THAMES)",51.2390646298,-0.3117314226,2002,2016,15,10
"485","England","James Sinclair","ENG_062_MZB_LO",739.605471510895,"within_100m_to_1000m","ENG_062_MZB_LO_1088__ENG_062_MZB_LO_1104","i","second data call; new data","35943","ENG_062_MZB_LO_1088","SALFORDS STREAM",51.2047958707,-0.1897984502,2002,2024,23,9
"486","England","James Sinclair","ENG_062_MZB_LO",739.605471510895,"within_100m_to_1000m","ENG_062_MZB_LO_1088__ENG_062_MZB_LO_1104","j","second data call; new data","36007","ENG_062_MZB_LO_1104","MOLE (THAMES)",51.2087827642,-0.1987333568,2004,2024,21,6
"487","England","James Sinclair","ENG_062_MZB_LO",904.379532946139,"within_100m_to_1000m","ENG_062_MZB_LO_1105__ENG_062_MZB_LO_990","i","second data call; new data","34758","ENG_062_MZB_LO_990","PIPP BROOK",51.2405711822,-0.3214469887,2002,2015,14,5
"488","England","James Sinclair","ENG_062_MZB_LO",904.379532946139,"within_100m_to_1000m","ENG_062_MZB_LO_1105__ENG_062_MZB_LO_990","j","second data call; new data","36008","ENG_062_MZB_LO_1105","MOLE (THAMES)",51.248989313,-0.3215130806,2002,2020,19,18
"489","England","James Sinclair","ENG_062_MZB_LO",146.825542797293,"within_100m_to_1000m","ENG_062_MZB_LO_1007__ENG_062_MZB_LO_1108","i","second data call; new data","35170","ENG_062_MZB_LO_1007","PETTYS BROOK",51.2922515958,-1.026337125,2006,2020,15,15
"490","England","James Sinclair","ENG_062_MZB_LO",146.825542797293,"within_100m_to_1000m","ENG_062_MZB_LO_1007__ENG_062_MZB_LO_1108","j","second data call; new data","36020","ENG_062_MZB_LO_1108","LODDON",51.2922244542,-1.0241578361,2004,2023,20,20
"491","England","James Sinclair","ENG_062_MZB_LO",927.743496191519,"within_100m_to_1000m","ENG_062_MZB_LO_1052__ENG_062_MZB_LO_1108","i","second data call; new data","35665","ENG_062_MZB_LO_1052","LODDON",51.2863280059,-1.0342196842,2002,2024,23,23
"492","England","James Sinclair","ENG_062_MZB_LO",927.743496191519,"within_100m_to_1000m","ENG_062_MZB_LO_1052__ENG_062_MZB_LO_1108","j","second data call; new data","36020","ENG_062_MZB_LO_1108","LODDON",51.2922244542,-1.0241578361,2004,2023,20,20
"493","England","James Sinclair","ENG_062_MZB_LO",670.998024533008,"within_100m_to_1000m","ENG_062_MZB_LO_1007__ENG_062_MZB_LO_1111","i","second data call; new data","35170","ENG_062_MZB_LO_1007","PETTYS BROOK",51.2922515958,-1.026337125,2006,2020,15,15
"494","England","James Sinclair","ENG_062_MZB_LO",670.998024533008,"within_100m_to_1000m","ENG_062_MZB_LO_1007__ENG_062_MZB_LO_1111","j","second data call; new data","36034","ENG_062_MZB_LO_1111","LODDON",51.2926000584,-1.0163912069,2002,2023,22,22
"495","England","James Sinclair","ENG_062_MZB_LO",524.71096618298,"within_100m_to_1000m","ENG_062_MZB_LO_1108__ENG_062_MZB_LO_1111","i","second data call; new data","36020","ENG_062_MZB_LO_1108","LODDON",51.2922244542,-1.0241578361,2004,2023,20,20
"496","England","James Sinclair","ENG_062_MZB_LO",524.71096618298,"within_100m_to_1000m","ENG_062_MZB_LO_1108__ENG_062_MZB_LO_1111","j","second data call; new data","36034","ENG_062_MZB_LO_1111","LODDON",51.2926000584,-1.0163912069,2002,2023,22,22
"497","England","James Sinclair","ENG_062_MZB_LO",587.59131441158,"within_100m_to_1000m","ENG_062_MZB_LO_1020__ENG_062_MZB_LO_1112","i","second data call; new data","35360","ENG_062_MZB_LO_1020","BOW BROOK",51.3204880946,-1.0297428373,2002,2014,13,9
"498","England","James Sinclair","ENG_062_MZB_LO",587.59131441158,"within_100m_to_1000m","ENG_062_MZB_LO_1020__ENG_062_MZB_LO_1112","j","second data call; new data","36035","ENG_062_MZB_LO_1112","LODDON",51.3199393072,-1.0210584487,2002,2014,13,5
"499","England","James Sinclair","ENG_062_MZB_LO",822.475432139401,"within_100m_to_1000m","ENG_062_MZB_LO_1052__ENG_062_MZB_LO_1113","i","second data call; new data","35665","ENG_062_MZB_LO_1052","LODDON",51.2863280059,-1.0342196842,2002,2024,23,23
"500","England","James Sinclair","ENG_062_MZB_LO",822.475432139401,"within_100m_to_1000m","ENG_062_MZB_LO_1052__ENG_062_MZB_LO_1113","j","second data call; new data","36041","ENG_062_MZB_LO_1113","LODDON",51.2917600123,-1.025616115,2004,2023,20,20
"501","England","James Sinclair","ENG_062_MZB_LO",110.176032701541,"within_100m_to_1000m","ENG_062_MZB_LO_1108__ENG_062_MZB_LO_1113","i","second data call; new data","36020","ENG_062_MZB_LO_1108","LODDON",51.2922244542,-1.0241578361,2004,2023,20,20
"502","England","James Sinclair","ENG_062_MZB_LO",110.176032701541,"within_100m_to_1000m","ENG_062_MZB_LO_1108__ENG_062_MZB_LO_1113","j","second data call; new data","36041","ENG_062_MZB_LO_1113","LODDON",51.2917600123,-1.025616115,2004,2023,20,20
"503","England","James Sinclair","ENG_062_MZB_LO",627.908724551355,"within_100m_to_1000m","ENG_062_MZB_LO_1111__ENG_062_MZB_LO_1113","i","second data call; new data","36034","ENG_062_MZB_LO_1111","LODDON",51.2926000584,-1.0163912069,2002,2023,22,22
"504","England","James Sinclair","ENG_062_MZB_LO",627.908724551355,"within_100m_to_1000m","ENG_062_MZB_LO_1111__ENG_062_MZB_LO_1113","j","second data call; new data","36041","ENG_062_MZB_LO_1113","LODDON",51.2917600123,-1.025616115,2004,2023,20,20
"505","England","James Sinclair","ENG_062_MZB_LO",249.758126209101,"within_100m_to_1000m","ENG_062_MZB_LO_1054__ENG_062_MZB_LO_1117","i","second data call; new data","35779","ENG_062_MZB_LO_1054","WINTERBOURNE",51.4230162655,-1.3505134682,2002,2024,23,13
"506","England","James Sinclair","ENG_062_MZB_LO",249.758126209101,"within_100m_to_1000m","ENG_062_MZB_LO_1054__ENG_062_MZB_LO_1117","j","second data call; new data","36072","ENG_062_MZB_LO_1117","LAMBOURN",51.4207644278,-1.3514370174,2003,2024,22,22
"507","England","James Sinclair","ENG_062_MZB_LO",256.428568026052,"within_100m_to_1000m","ENG_062_MZB_LO_1122__ENG_062_MZB_LO_986","i","second data call; new data","34649","ENG_062_MZB_LO_986","LAMBOURN",51.403028794,-1.2991569892,2004,2017,14,5
"508","England","James Sinclair","ENG_062_MZB_LO",256.428568026052,"within_100m_to_1000m","ENG_062_MZB_LO_1122__ENG_062_MZB_LO_986","j","second data call; new data","36082","ENG_062_MZB_LO_1122","KENNET",51.4021802269,-1.2955903624,2002,2013,12,8
"509","England","James Sinclair","ENG_062_MZB_LO",906.143349040253,"within_100m_to_1000m","ENG_062_MZB_LO_1123__ENG_062_MZB_LO_982","i","second data call; new data","34379","ENG_062_MZB_LO_982","DUN (KENNET)",51.4169728428,-1.5226324214,2003,2016,14,10
"510","England","James Sinclair","ENG_062_MZB_LO",906.143349040253,"within_100m_to_1000m","ENG_062_MZB_LO_1123__ENG_062_MZB_LO_982","j","second data call; new data","36083","ENG_062_MZB_LO_1123","KENNET",51.4187347451,-1.5094411781,2002,2011,10,8
"511","England","James Sinclair","ENG_062_MZB_LO",576.251513990585,"within_100m_to_1000m","ENG_062_MZB_LO_1107__ENG_062_MZB_LO_1129","i","second data call; new data","36014","ENG_062_MZB_LO_1107","MOLE (THAMES)",51.1651964747,-0.1832665454,2002,2014,13,6
"512","England","James Sinclair","ENG_062_MZB_LO",576.251513990585,"within_100m_to_1000m","ENG_062_MZB_LO_1107__ENG_062_MZB_LO_1129","j","second data call; new data","36113","ENG_062_MZB_LO_1129","GATWICK STREAM",51.1663257716,-0.1749262294,2002,2016,15,9
"513","England","James Sinclair","ENG_062_MZB_LO",982.670742121014,"within_100m_to_1000m","ENG_062_MZB_LO_1127__ENG_062_MZB_LO_1133","i","second data call; new data","36106","ENG_062_MZB_LO_1127","HART",51.2994859174,-0.8838375239,2007,2017,11,5
"514","England","James Sinclair","ENG_062_MZB_LO",982.670742121014,"within_100m_to_1000m","ENG_062_MZB_LO_1127__ENG_062_MZB_LO_1133","j","second data call; new data","36124","ENG_062_MZB_LO_1133","FLEET BROOK",51.3050946798,-0.8723111708,2002,2023,22,5
"515","England","James Sinclair","ENG_062_MZB_LO",225.003652372676,"within_100m_to_1000m","ENG_062_MZB_LO_1024__ENG_062_MZB_LO_1145","i","second data call; new data","35407","ENG_062_MZB_LO_1024","COLLINS BROOK",51.1142820777,-0.468753938,2002,2021,20,18
"516","England","James Sinclair","ENG_062_MZB_LO",225.003652372676,"within_100m_to_1000m","ENG_062_MZB_LO_1024__ENG_062_MZB_LO_1145","j","second data call; new data","36177","ENG_062_MZB_LO_1145","CRANLEIGH WATERS",51.1163426006,-0.4681572052,2002,2024,23,19
"517","England","James Sinclair","ENG_062_MZB_LO",561.775273354939,"within_100m_to_1000m","ENG_062_MZB_LO_1024__ENG_062_MZB_LO_1146","i","second data call; new data","35407","ENG_062_MZB_LO_1024","COLLINS BROOK",51.1142820777,-0.468753938,2002,2021,20,18
"518","England","James Sinclair","ENG_062_MZB_LO",561.775273354939,"within_100m_to_1000m","ENG_062_MZB_LO_1024__ENG_062_MZB_LO_1146","j","second data call; new data","36178","ENG_062_MZB_LO_1146","CRANLEIGH WATERS",51.118666796,-0.4732814315,2002,2024,23,23
"519","England","James Sinclair","ENG_062_MZB_LO",427.061778649874,"within_100m_to_1000m","ENG_062_MZB_LO_1145__ENG_062_MZB_LO_1146","i","second data call; new data","36177","ENG_062_MZB_LO_1145","CRANLEIGH WATERS",51.1163426006,-0.4681572052,2002,2024,23,19
"520","England","James Sinclair","ENG_062_MZB_LO",427.061778649874,"within_100m_to_1000m","ENG_062_MZB_LO_1145__ENG_062_MZB_LO_1146","j","second data call; new data","36178","ENG_062_MZB_LO_1146","CRANLEIGH WATERS",51.118666796,-0.4732814315,2002,2024,23,23
"521","England","James Sinclair","ENG_062_MZB_LO",508.530500769037,"within_100m_to_1000m","ENG_062_MZB_LO_1079__ENG_062_MZB_LO_1165","i","second data call; new data","35907","ENG_062_MZB_LO_1079","THAMES (SE AREA)",51.4900827342,-0.6393955791,2002,2019,18,13
"522","England","James Sinclair","ENG_062_MZB_LO",508.530500769037,"within_100m_to_1000m","ENG_062_MZB_LO_1079__ENG_062_MZB_LO_1165","j","second data call; new data","36279","ENG_062_MZB_LO_1165","BOVENEY DITCH",51.4937221634,-0.634547989,2002,2016,15,7
"523","England","James Sinclair","ENG_062_MZB_LO",260.055452292664,"within_100m_to_1000m","ENG_062_MZB_LO_1180__ENG_062_MZB_LO_1181","i","second data call; new data","41993","ENG_062_MZB_LO_1180","COWFOLD STREAM",50.9571659099,-0.2708463248,2003,2018,16,6
"524","England","James Sinclair","ENG_062_MZB_LO",260.055452292664,"within_100m_to_1000m","ENG_062_MZB_LO_1180__ENG_062_MZB_LO_1181","j","second data call; new data","41994","ENG_062_MZB_LO_1181","ADUR EAST",50.9564818986,-0.2671695659,2003,2018,16,6
"525","England","James Sinclair","ENG_062_MZB_LO",496.475105431158,"within_100m_to_1000m","ENG_062_MZB_LO_1176__ENG_062_MZB_LO_1205","i","second data call; new data","41981","ENG_062_MZB_LO_1176","DOUR",51.1518958494,1.2696248081,2002,2014,13,13
"526","England","James Sinclair","ENG_062_MZB_LO",496.475105431158,"within_100m_to_1000m","ENG_062_MZB_LO_1176__ENG_062_MZB_LO_1205","j","second data call; new data","42088","ENG_062_MZB_LO_1205","DOUR",51.1475180909,1.267270217,2002,2019,18,13
"527","England","James Sinclair","ENG_062_MZB_LO",117.8675847454,"within_100m_to_1000m","ENG_062_MZB_LO_1238__ENG_062_MZB_LO_1242","i","second data call; new data","42309","ENG_062_MZB_LO_1238","LINE",50.9307803886,0.5257186507,2002,2013,12,9
"528","England","James Sinclair","ENG_062_MZB_LO",117.8675847454,"within_100m_to_1000m","ENG_062_MZB_LO_1238__ENG_062_MZB_LO_1242","j","second data call; new data","42349","ENG_062_MZB_LO_1242","VINEHALL STREAM",50.9314399948,0.5243311276,2002,2014,13,9
"529","England","James Sinclair","ENG_062_MZB_LO",320.984683602215,"within_100m_to_1000m","ENG_062_MZB_LO_1247__ENG_062_MZB_LO_1248","i","second data call; new data","42370","ENG_062_MZB_LO_1247","HAMMER ST.TRIB.(CLAYBR.ST.)",51.1305536372,0.6230857401,2003,2015,13,5
"530","England","James Sinclair","ENG_062_MZB_LO",320.984683602215,"within_100m_to_1000m","ENG_062_MZB_LO_1247__ENG_062_MZB_LO_1248","j","second data call; new data","42373","ENG_062_MZB_LO_1248","HAMMER STREAM",51.1334569568,0.6219637457,2004,2015,12,6
"531","England","James Sinclair","ENG_062_MZB_LO",811.651381942386,"within_100m_to_1000m","ENG_062_MZB_LO_1213__ENG_062_MZB_LO_1254","i","second data call; new data","42123","ENG_062_MZB_LO_1213","DUDWELL",51.0070350821,0.4362843762,2002,2023,22,18
"532","England","James Sinclair","ENG_062_MZB_LO",811.651381942386,"within_100m_to_1000m","ENG_062_MZB_LO_1213__ENG_062_MZB_LO_1254","j","second data call; new data","42509","ENG_062_MZB_LO_1254","KENT ROTHER",51.0095239204,0.4475920602,2002,2021,20,12
"533","England","James Sinclair","ENG_062_MZB_LO",945.813413479039,"within_100m_to_1000m","ENG_062_MZB_LO_1246__ENG_062_MZB_LO_1320","i","second data call; new data","42366","ENG_062_MZB_LO_1246","SISSINGHURST STREAM",51.1125116479,0.5729107842,2003,2015,13,5
"534","England","James Sinclair","ENG_062_MZB_LO",945.813413479039,"within_100m_to_1000m","ENG_062_MZB_LO_1246__ENG_062_MZB_LO_1320","j","second data call; new data","43072","ENG_062_MZB_LO_1320","CRANE BROOK",51.1048375038,0.5660557387,2002,2015,14,5
"535","England","James Sinclair","ENG_062_MZB_LO",185.807104633453,"within_100m_to_1000m","ENG_062_MZB_LO_1231__ENG_062_MZB_LO_1327","i","second data call; new data","42211","ENG_062_MZB_LO_1231","ALRE",51.0889521009,-1.1827936798,2002,2024,23,16
"536","England","James Sinclair","ENG_062_MZB_LO",185.807104633453,"within_100m_to_1000m","ENG_062_MZB_LO_1231__ENG_062_MZB_LO_1327","j","second data call; new data","43102","ENG_062_MZB_LO_1327","ITCHEN (SOUTHERN)",51.0874325465,-1.1841054781,2002,2023,22,22
"537","England","James Sinclair","ENG_062_MZB_LO",718.026751927502,"within_100m_to_1000m","ENG_062_MZB_LO_1211__ENG_062_MZB_LO_1334","i","second data call; new data","42119","ENG_062_MZB_LO_1211","BOURNE RIVULET",51.236761189,-1.384726197,2003,2017,15,8
"538","England","James Sinclair","ENG_062_MZB_LO",718.026751927502,"within_100m_to_1000m","ENG_062_MZB_LO_1211__ENG_062_MZB_LO_1334","j","second data call; new data","43192","ENG_062_MZB_LO_1334","BOURNE RIVULET",51.2303606321,-1.3816607156,2004,2017,14,7
"539","England","James Sinclair","ENG_062_MZB_LO",778.796227426369,"within_100m_to_1000m","ENG_062_MZB_LO_1179__ENG_062_MZB_LO_1336","i","second data call; new data","41987","ENG_062_MZB_LO_1179","DANES STREAM",50.757330317,-1.6302056188,2002,2019,18,7
"540","England","James Sinclair","ENG_062_MZB_LO",778.796227426369,"within_100m_to_1000m","ENG_062_MZB_LO_1179__ENG_062_MZB_LO_1336","j","second data call; new data","43211","ENG_062_MZB_LO_1336","ASHLEY STREAM",50.750140826,-1.6316797542,2003,2019,17,6
"541","England","James Sinclair","ENG_062_MZB_LO",554.295422295271,"within_100m_to_1000m","ENG_062_MZB_LO_1198__ENG_062_MZB_LO_1345","i","second data call; new data","42052","ENG_062_MZB_LO_1198","APPLEMORE STREAM",50.8602289687,-1.452925329,2002,2022,21,7
"542","England","James Sinclair","ENG_062_MZB_LO",554.295422295271,"within_100m_to_1000m","ENG_062_MZB_LO_1198__ENG_062_MZB_LO_1345","j","second data call; new data","43238","ENG_062_MZB_LO_1345","BEAULIEU",50.858285747,-1.4604778053,2002,2022,21,7
"543","England","James Sinclair","ENG_062_MZB_LO",188.38821869677,"within_100m_to_1000m","ENG_062_MZB_LO_1309__ENG_062_MZB_LO_1349","i","second data call; new data","42933","ENG_062_MZB_LO_1309","MOORS STREAM",50.9409101403,-1.22816282,2002,2023,22,13
"544","England","James Sinclair","ENG_062_MZB_LO",188.38821869677,"within_100m_to_1000m","ENG_062_MZB_LO_1309__ENG_062_MZB_LO_1349","j","second data call; new data","43296","ENG_062_MZB_LO_1349","HAMBLE",50.9409014485,-1.2309384818,2008,2023,16,8
"545","England","James Sinclair","ENG_062_MZB_LO",802.163628875606,"within_100m_to_1000m","ENG_062_MZB_LO_1231__ENG_062_MZB_LO_1353","i","second data call; new data","42211","ENG_062_MZB_LO_1231","ALRE",51.0889521009,-1.1827936798,2002,2024,23,16
"546","England","James Sinclair","ENG_062_MZB_LO",802.163628875606,"within_100m_to_1000m","ENG_062_MZB_LO_1231__ENG_062_MZB_LO_1353","j","second data call; new data","43312","ENG_062_MZB_LO_1353","ALRE",51.0934175044,-1.1732902978,2002,2024,23,17
"547","England","James Sinclair","ENG_062_MZB_LO",974.030226269586,"within_100m_to_1000m","ENG_062_MZB_LO_1327__ENG_062_MZB_LO_1353","i","second data call; new data","43102","ENG_062_MZB_LO_1327","ITCHEN (SOUTHERN)",51.0874325465,-1.1841054781,2002,2023,22,22
"548","England","James Sinclair","ENG_062_MZB_LO",974.030226269586,"within_100m_to_1000m","ENG_062_MZB_LO_1327__ENG_062_MZB_LO_1353","j","second data call; new data","43312","ENG_062_MZB_LO_1353","ALRE",51.0934175044,-1.1732902978,2002,2024,23,17
"549","England","James Sinclair","ENG_062_MZB_LO",757.568417040766,"within_100m_to_1000m","ENG_062_MZB_LO_1256__ENG_062_MZB_LO_1356","i","second data call; new data","42512","ENG_062_MZB_LO_1256","ANTON",51.1531449055,-1.45990533,2002,2018,17,8
"550","England","James Sinclair","ENG_062_MZB_LO",757.568417040766,"within_100m_to_1000m","ENG_062_MZB_LO_1256__ENG_062_MZB_LO_1356","j","second data call; new data","43380","ENG_062_MZB_LO_1356","TEST",51.1532635332,-1.4486939785,2002,2015,14,7
"551","England","James Sinclair","ENG_062_MZB_LO",944.079053722485,"within_100m_to_1000m","ENG_062_MZB_LO_1182__ENG_062_MZB_LO_1357","i","second data call; new data","41998","ENG_062_MZB_LO_1182","ITCHEN (SOUTHERN)",51.0859537502,-1.2044055442,2002,2023,22,20
"552","England","James Sinclair","ENG_062_MZB_LO",944.079053722485,"within_100m_to_1000m","ENG_062_MZB_LO_1182__ENG_062_MZB_LO_1357","j","second data call; new data","43407","ENG_062_MZB_LO_1357","CANDOVER BROOK",51.08730694,-1.190618418,2002,2023,22,22
"553","England","James Sinclair","ENG_062_MZB_LO",558.116542863951,"within_100m_to_1000m","ENG_062_MZB_LO_1231__ENG_062_MZB_LO_1357","i","second data call; new data","42211","ENG_062_MZB_LO_1231","ALRE",51.0889521009,-1.1827936798,2002,2024,23,16
"554","England","James Sinclair","ENG_062_MZB_LO",558.116542863951,"within_100m_to_1000m","ENG_062_MZB_LO_1231__ENG_062_MZB_LO_1357","j","second data call; new data","43407","ENG_062_MZB_LO_1357","CANDOVER BROOK",51.08730694,-1.190618418,2002,2023,22,22
"555","England","James Sinclair","ENG_062_MZB_LO",440.857087817918,"within_100m_to_1000m","ENG_062_MZB_LO_1327__ENG_062_MZB_LO_1357","i","second data call; new data","43102","ENG_062_MZB_LO_1327","ITCHEN (SOUTHERN)",51.0874325465,-1.1841054781,2002,2023,22,22
"556","England","James Sinclair","ENG_062_MZB_LO",440.857087817918,"within_100m_to_1000m","ENG_062_MZB_LO_1327__ENG_062_MZB_LO_1357","j","second data call; new data","43407","ENG_062_MZB_LO_1357","CANDOVER BROOK",51.08730694,-1.190618418,2002,2023,22,22
"557","England","James Sinclair","ENG_062_MZB_LO",766.359095456364,"within_100m_to_1000m","ENG_062_MZB_LO_1176__ENG_062_MZB_LO_1360","i","second data call; new data","41981","ENG_062_MZB_LO_1176","DOUR",51.1518958494,1.2696248081,2002,2014,13,13
"558","England","James Sinclair","ENG_062_MZB_LO",766.359095456364,"within_100m_to_1000m","ENG_062_MZB_LO_1176__ENG_062_MZB_LO_1360","j","second data call; new data","43418","ENG_062_MZB_LO_1360","DOUR",51.1453474725,1.2741240873,2002,2014,13,13
"559","England","James Sinclair","ENG_062_MZB_LO",518.520495124074,"within_100m_to_1000m","ENG_062_MZB_LO_1205__ENG_062_MZB_LO_1360","i","second data call; new data","42088","ENG_062_MZB_LO_1205","DOUR",51.1475180909,1.267270217,2002,2019,18,13
"560","England","James Sinclair","ENG_062_MZB_LO",518.520495124074,"within_100m_to_1000m","ENG_062_MZB_LO_1205__ENG_062_MZB_LO_1360","j","second data call; new data","43418","ENG_062_MZB_LO_1360","DOUR",51.1453474725,1.2741240873,2002,2014,13,13
"561","England","James Sinclair","ENG_062_MZB_LO",788.212163425978,"within_100m_to_1000m","ENG_062_MZB_LO_1208__ENG_062_MZB_LO_1361","i","second data call; new data","42108","ENG_062_MZB_LO_1208","EAST STOUR",51.1389155986,0.8756161169,2002,2014,13,10
"562","England","James Sinclair","ENG_062_MZB_LO",788.212163425978,"within_100m_to_1000m","ENG_062_MZB_LO_1208__ENG_062_MZB_LO_1361","j","second data call; new data","43422","ENG_062_MZB_LO_1361","AYLESFORD STREAM",51.1357159247,0.8861112322,2002,2014,13,5
"563","England","James Sinclair","ENG_062_MZB_LO",376.632217973753,"within_100m_to_1000m","ENG_062_MZB_LO_1369__ENG_062_MZB_LO_1370","i","second data call; new data","43545","ENG_062_MZB_LO_1369","GROM",51.1162019461,0.1837350668,2002,2018,17,10
"564","England","James Sinclair","ENG_062_MZB_LO",376.632217973753,"within_100m_to_1000m","ENG_062_MZB_LO_1369__ENG_062_MZB_LO_1370","j","second data call; new data","43546","ENG_062_MZB_LO_1370","GROM",51.1163057805,0.1781673222,2002,2018,17,9
"565","England","James Sinclair","ENG_062_MZB_LO",878.864119627356,"within_100m_to_1000m","ENG_062_MZB_LO_1377__ENG_062_MZB_LO_1378","i","second data call; new data","43597","ENG_062_MZB_LO_1377","PIPPINGFORD BROOK TRIB.",51.1010541226,0.1371690118,2002,2013,12,8
"566","England","James Sinclair","ENG_062_MZB_LO",878.864119627356,"within_100m_to_1000m","ENG_062_MZB_LO_1377__ENG_062_MZB_LO_1378","j","second data call; new data","43605","ENG_062_MZB_LO_1378","MEDWAY",51.1090018877,0.1402500504,2003,2016,14,5
"567","England","James Sinclair","ENG_062_MZB_LO",528.667641891204,"within_100m_to_1000m","ENG_062_MZB_LO_1244__ENG_062_MZB_LO_1379","i","second data call; new data","42355","ENG_062_MZB_LO_1244","BOUGH BEECH STREAM",51.2005232509,0.1370458869,2002,2011,10,9
"568","England","James Sinclair","ENG_062_MZB_LO",528.667641891204,"within_100m_to_1000m","ENG_062_MZB_LO_1244__ENG_062_MZB_LO_1379","j","second data call; new data","43617","ENG_062_MZB_LO_1379","EDEN (KENT)",51.1957249875,0.1387847096,2003,2017,15,6
"569","England","James Sinclair","ENG_062_MZB_LO",752.297229633143,"within_100m_to_1000m","ENG_062_MZB_LO_1334__ENG_062_MZB_LO_1382","i","second data call; new data","43192","ENG_062_MZB_LO_1334","BOURNE RIVULET",51.2303606321,-1.3816607156,2004,2017,14,7
"570","England","James Sinclair","ENG_062_MZB_LO",752.297229633143,"within_100m_to_1000m","ENG_062_MZB_LO_1334__ENG_062_MZB_LO_1382","j","second data call; new data","43637","ENG_062_MZB_LO_1382","BOURNE RIVULET",51.2367687039,-1.386158515,2003,2017,15,8
"571","England","James Sinclair","ENG_062_MZB_LO",159.831833859316,"within_100m_to_1000m","ENG_062_MZB_LO_1376__ENG_062_MZB_LO_1390","i","second data call; new data","43585","ENG_062_MZB_LO_1376","GREAT STOUR",51.223676184,0.7277801605,2002,2011,10,9
"572","England","James Sinclair","ENG_062_MZB_LO",159.831833859316,"within_100m_to_1000m","ENG_062_MZB_LO_1376__ENG_062_MZB_LO_1390","j","second data call; new data","43732","ENG_062_MZB_LO_1390","GREAT STOUR",51.2250468004,0.7268585859,2002,2011,10,5
"573","England","James Sinclair","ENG_062_MZB_LO",800.593043231065,"within_100m_to_1000m","ENG_062_MZB_LO_1215__ENG_062_MZB_LO_1393","i","second data call; new data","42126","ENG_062_MZB_LO_1215","DARENT",51.3737048386,0.2178799978,2002,2021,20,20
"574","England","James Sinclair","ENG_062_MZB_LO",800.593043231065,"within_100m_to_1000m","ENG_062_MZB_LO_1215__ENG_062_MZB_LO_1393","j","second data call; new data","43746","ENG_062_MZB_LO_1393","DARENT",51.3680601229,0.2101075244,2002,2014,13,13
"575","England","James Sinclair","ENG_062_MZB_LO",294.794135210736,"within_100m_to_1000m","ENG_062_MZB_LO_1177__ENG_062_MZB_LO_1396","i","second data call; new data","41982","ENG_062_MZB_LO_1177","TIDEBROOK",51.0179875258,0.3530298759,2002,2015,14,6
"576","England","James Sinclair","ENG_062_MZB_LO",294.794135210736,"within_100m_to_1000m","ENG_062_MZB_LO_1177__ENG_062_MZB_LO_1396","j","second data call; new data","43791","ENG_062_MZB_LO_1396","KENT ROTHER",51.0165193643,0.3567054599,2002,2015,14,5
"577","England","James Sinclair","ENG_062_MZB_LO",819.567193823957,"within_100m_to_1000m","ENG_062_MZB_LO_1364__ENG_062_MZB_LO_1404","i","second data call; new data","43484","ENG_062_MZB_LO_1364","CRAY",51.443373501,0.1548402848,2005,2015,11,6
"578","England","James Sinclair","ENG_062_MZB_LO",819.567193823957,"within_100m_to_1000m","ENG_062_MZB_LO_1364__ENG_062_MZB_LO_1404","j","second data call; new data","43811","ENG_062_MZB_LO_1404","CRAY",51.447803777,0.1647779346,2005,2023,19,12
"579","England","James Sinclair","ENG_062_MZB_LO",754.526627387811,"within_100m_to_1000m","ENG_062_MZB_LO_1334__ENG_062_MZB_LO_1418","i","second data call; new data","43192","ENG_062_MZB_LO_1334","BOURNE RIVULET",51.2303606321,-1.3816607156,2004,2017,14,7
"580","England","James Sinclair","ENG_062_MZB_LO",754.526627387811,"within_100m_to_1000m","ENG_062_MZB_LO_1334__ENG_062_MZB_LO_1418","j","second data call; new data","44146","ENG_062_MZB_LO_1418","BOURNE RIVULET",51.2236879638,-1.3781701379,2002,2024,23,23
"581","England","James Sinclair","ENG_062_MZB_LO",651.652423018428,"within_100m_to_1000m","ENG_062_MZB_LO_1364__ENG_062_MZB_LO_1421","i","second data call; new data","43484","ENG_062_MZB_LO_1364","CRAY",51.443373501,0.1548402848,2005,2015,11,6
"582","England","James Sinclair","ENG_062_MZB_LO",651.652423018428,"within_100m_to_1000m","ENG_062_MZB_LO_1364__ENG_062_MZB_LO_1421","j","second data call; new data","44230","ENG_062_MZB_LO_1421","SHUTTLE",51.4473743349,0.1475450388,2002,2024,23,13
"583","England","James Sinclair","ENG_062_MZB_LO",840.167616115848,"within_100m_to_1000m","ENG_062_MZB_LO_1254__ENG_062_MZB_LO_1422","i","second data call; new data","42509","ENG_062_MZB_LO_1254","KENT ROTHER",51.0095239204,0.4475920602,2002,2021,20,12
"584","England","James Sinclair","ENG_062_MZB_LO",840.167616115848,"within_100m_to_1000m","ENG_062_MZB_LO_1254__ENG_062_MZB_LO_1422","j","second data call; new data","44234","ENG_062_MZB_LO_1422","LIMDEN",51.0173371081,0.4481460859,2004,2015,12,6
"585","England","James Sinclair","ENG_062_MZB_LO",693.791911333247,"within_100m_to_1000m","ENG_062_MZB_LO_1401__ENG_062_MZB_LO_1435","i","second data call; new data","43806","ENG_062_MZB_LO_1401","MEDWAY",51.1003870156,0.0125861185,2003,2014,12,9
"586","England","James Sinclair","ENG_062_MZB_LO",693.791911333247,"within_100m_to_1000m","ENG_062_MZB_LO_1401__ENG_062_MZB_LO_1435","j","second data call; new data","44327","ENG_062_MZB_LO_1435","MEDWAY",51.0984198038,0.0223557881,2004,2021,18,12
"587","England","James Sinclair","ENG_062_MZB_LO",756.299839952159,"within_100m_to_1000m","ENG_062_MZB_LO_1225__ENG_062_MZB_LO_1436","i","second data call; new data","42175","ENG_062_MZB_LO_1225","SHOVELSTRODE STREAM",51.1145273411,0.1133580381,2002,2016,15,9
"588","England","James Sinclair","ENG_062_MZB_LO",756.299839952159,"within_100m_to_1000m","ENG_062_MZB_LO_1225__ENG_062_MZB_LO_1436","j","second data call; new data","44329","ENG_062_MZB_LO_1436","MEDWAY",51.1075363477,0.1120390771,2004,2014,11,5
"589","England","James Sinclair","ENG_062_MZB_LO",183.58886575733,"within_100m_to_1000m","ENG_062_MZB_LO_1463__ENG_062_MZB_LO_1464","i","second data call; new data","45346","ENG_062_MZB_LO_1463","CHEATON BROOK",52.231798285,-2.7314662363,2002,2014,13,5
"590","England","James Sinclair","ENG_062_MZB_LO",183.58886575733,"within_100m_to_1000m","ENG_062_MZB_LO_1463__ENG_062_MZB_LO_1464","j","second data call; new data","45347","ENG_062_MZB_LO_1464","MAIN DITCH",52.2335063423,-2.7314943763,2003,2017,15,6
"591","England","James Sinclair","ENG_062_MZB_LO",904.474639322091,"within_100m_to_1000m","ENG_062_MZB_LO_1441__ENG_062_MZB_LO_1468","i","second data call; new data","45254","ENG_062_MZB_LO_1441","WYE (WALES)",52.0505994552,-2.7121720115,2002,2024,23,17
"592","England","James Sinclair","ENG_062_MZB_LO",904.474639322091,"within_100m_to_1000m","ENG_062_MZB_LO_1441__ENG_062_MZB_LO_1468","j","second data call; new data","45352","ENG_062_MZB_LO_1468","EIGN BROOK",52.0505375704,-2.6985214108,2004,2022,19,13
"593","England","James Sinclair","ENG_062_MZB_LO",884.810236187993,"within_100m_to_1000m","ENG_062_MZB_LO_1556__ENG_062_MZB_LO_1565","i","second data call; new data","47497","ENG_062_MZB_LO_1556","ASHOP",53.3985712539,-1.7767174596,2002,2024,23,23
"594","England","James Sinclair","ENG_062_MZB_LO",884.810236187993,"within_100m_to_1000m","ENG_062_MZB_LO_1556__ENG_062_MZB_LO_1565","j","second data call; new data","47545","ENG_062_MZB_LO_1565","ALPORT",53.402601967,-1.7887137832,2002,2013,12,5
"595","England","James Sinclair","ENG_062_MZB_LO",829.386786150482,"within_100m_to_1000m","ENG_062_MZB_LO_1517__ENG_062_MZB_LO_1581","i","second data call; new data","47160","ENG_062_MZB_LO_1517","WESTWOOD BROOK",53.1129048835,-1.3741880591,2002,2015,14,6
"596","England","James Sinclair","ENG_062_MZB_LO",829.386786150482,"within_100m_to_1000m","ENG_062_MZB_LO_1517__ENG_062_MZB_LO_1581","j","second data call; new data","47717","ENG_062_MZB_LO_1581","ALFRETON BROOK",53.1077588303,-1.3837332295,2002,2015,14,6
"597","England","James Sinclair","ENG_062_MZB_LO",229.278066494765,"within_100m_to_1000m","ENG_062_MZB_LO_1588__ENG_062_MZB_LO_1589","i","second data call; new data","48034","ENG_062_MZB_LO_1588","LONGTON BROOK",52.9655682623,-2.1966060814,2002,2016,15,5
"598","England","James Sinclair","ENG_062_MZB_LO",229.278066494765,"within_100m_to_1000m","ENG_062_MZB_LO_1588__ENG_062_MZB_LO_1589","j","second data call; new data","48036","ENG_062_MZB_LO_1589","RIVER TRENT",52.9641345756,-2.1992198535,2003,2015,13,11
"599","England","James Sinclair","ENG_062_MZB_LO",561.145357358567,"within_100m_to_1000m","ENG_062_MZB_LO_1588__ENG_062_MZB_LO_1590","i","second data call; new data","48034","ENG_062_MZB_LO_1588","LONGTON BROOK",52.9655682623,-2.1966060814,2002,2016,15,5
"600","England","James Sinclair","ENG_062_MZB_LO",561.145357358567,"within_100m_to_1000m","ENG_062_MZB_LO_1588__ENG_062_MZB_LO_1590","j","second data call; new data","48055","ENG_062_MZB_LO_1590","PARK BROOK",52.9664437945,-2.2051264829,2002,2015,14,7
"601","England","James Sinclair","ENG_062_MZB_LO",456.873245518612,"within_100m_to_1000m","ENG_062_MZB_LO_1589__ENG_062_MZB_LO_1590","i","second data call; new data","48036","ENG_062_MZB_LO_1589","RIVER TRENT",52.9641345756,-2.1992198535,2003,2015,13,11
"602","England","James Sinclair","ENG_062_MZB_LO",456.873245518612,"within_100m_to_1000m","ENG_062_MZB_LO_1589__ENG_062_MZB_LO_1590","j","second data call; new data","48055","ENG_062_MZB_LO_1590","PARK BROOK",52.9664437945,-2.2051264829,2002,2015,14,7
"603","England","James Sinclair","ENG_062_MZB_LO",418.906028927408,"within_100m_to_1000m","ENG_062_MZB_LO_1487__ENG_062_MZB_LO_1626","i","second data call; new data","46928","ENG_062_MZB_LO_1487","SOAR",52.8043474045,-1.256139871,2002,2016,15,5
"604","England","James Sinclair","ENG_062_MZB_LO",418.906028927408,"within_100m_to_1000m","ENG_062_MZB_LO_1487__ENG_062_MZB_LO_1626","j","second data call; new data","48424","ENG_062_MZB_LO_1626","LONG WHATTON BROOK",52.8017795149,-1.2609745513,2002,2013,12,5
"605","England","James Sinclair","ENG_062_MZB_LO",291.40160770718,"within_100m_to_1000m","ENG_062_MZB_LO_1561__ENG_062_MZB_LO_1631","i","second data call; new data","47521","ENG_062_MZB_LO_1561","LANGHAM BROOK",52.7457944769,-0.7791273119,2002,2015,14,9
"606","England","James Sinclair","ENG_062_MZB_LO",291.40160770718,"within_100m_to_1000m","ENG_062_MZB_LO_1561__ENG_062_MZB_LO_1631","j","second data call; new data","48443","ENG_062_MZB_LO_1631","WYMONDHAM BROOK",52.7469032034,-0.7750518483,2002,2016,15,7
"607","England","James Sinclair","ENG_062_MZB_LO",865.912929861643,"within_100m_to_1000m","ENG_062_MZB_LO_1575__ENG_062_MZB_LO_1631","i","second data call; new data","47615","ENG_062_MZB_LO_1575","WHISSENDINE BROOK",52.7411786003,-0.7657170134,2002,2018,17,10
"608","England","James Sinclair","ENG_062_MZB_LO",865.912929861643,"within_100m_to_1000m","ENG_062_MZB_LO_1575__ENG_062_MZB_LO_1631","j","second data call; new data","48443","ENG_062_MZB_LO_1631","WYMONDHAM BROOK",52.7469032034,-0.7750518483,2002,2016,15,7
"609","England","James Sinclair","ENG_062_MZB_LO",761.489152756034,"within_100m_to_1000m","ENG_062_MZB_LO_1633__ENG_062_MZB_LO_1637","i","second data call; new data","48447","ENG_062_MZB_LO_1633","MARKEATON BROOK",52.9210476919,-1.4687837509,2002,2023,22,8
"610","England","James Sinclair","ENG_062_MZB_LO",761.489152756034,"within_100m_to_1000m","ENG_062_MZB_LO_1633__ENG_062_MZB_LO_1637","j","second data call; new data","48473","ENG_062_MZB_LO_1637","DERWENT (LT)",52.9270887045,-1.4748981414,2003,2016,14,5
"611","England","James Sinclair","ENG_062_MZB_LO",138.001772460613,"within_100m_to_1000m","ENG_062_MZB_LO_1659__ENG_062_MZB_LO_1666","i","second data call; new data","48917","ENG_062_MZB_LO_1659","DOVER BECK",53.0316493984,-1.0428031537,2002,2016,15,6
"612","England","James Sinclair","ENG_062_MZB_LO",138.001772460613,"within_100m_to_1000m","ENG_062_MZB_LO_1659__ENG_062_MZB_LO_1666","j","second data call; new data","48938","ENG_062_MZB_LO_1666","GRIMESMOOR DYKE",53.031134691,-1.044753085,2002,2016,15,7
"613","England","James Sinclair","ENG_062_MZB_LO",579.251078799928,"within_100m_to_1000m","ENG_062_MZB_LO_1534__ENG_062_MZB_LO_1673","i","second data call; new data","47338","ENG_062_MZB_LO_1534","BREACH BROOK",52.462633844,-1.5021738103,2002,2015,14,6
"614","England","James Sinclair","ENG_062_MZB_LO",579.251078799928,"within_100m_to_1000m","ENG_062_MZB_LO_1534__ENG_062_MZB_LO_1673","j","second data call; new data","49018","ENG_062_MZB_LO_1673","SOWE",52.4651180301,-1.4943447188,2002,2016,15,5
"615","England","James Sinclair","ENG_062_MZB_LO",109.797970319893,"within_100m_to_1000m","ENG_062_MZB_LO_1684__ENG_062_MZB_LO_1685","i","second data call; new data","49154","ENG_062_MZB_LO_1684","TORNE",53.4897216124,-1.0533562288,2004,2022,19,5
"616","England","James Sinclair","ENG_062_MZB_LO",109.797970319893,"within_100m_to_1000m","ENG_062_MZB_LO_1684__ENG_062_MZB_LO_1685","j","second data call; new data","49155","ENG_062_MZB_LO_1685","MOTHER DRAIN",53.4893928437,-1.0549762291,2003,2023,21,6
"617","England","James Sinclair","ENG_062_MZB_LO",913.894860342294,"within_100m_to_1000m","ENG_062_MZB_LO_1566__ENG_062_MZB_LO_1689","i","second data call; new data","47551","ENG_062_MZB_LO_1566","DOVE (DOVE(UPPER))",52.9500143828,-1.829736462,2002,2017,16,6
"618","England","James Sinclair","ENG_062_MZB_LO",913.894860342294,"within_100m_to_1000m","ENG_062_MZB_LO_1566__ENG_062_MZB_LO_1689","j","second data call; new data","49171","ENG_062_MZB_LO_1689","CHURNET",52.951022326,-1.8437083377,2002,2020,19,17
"619","England","James Sinclair","ENG_062_MZB_LO",964.041284397309,"within_100m_to_1000m","ENG_062_MZB_LO_1483__ENG_062_MZB_LO_1694","i","second data call; new data","46894","ENG_062_MZB_LO_1483","TRENT",52.8740670706,-1.2613373589,2008,2024,17,16
"620","England","James Sinclair","ENG_062_MZB_LO",964.041284397309,"within_100m_to_1000m","ENG_062_MZB_LO_1483__ENG_062_MZB_LO_1694","j","second data call; new data","49307","ENG_062_MZB_LO_1694","SOAR",52.8670583134,-1.2705771904,2002,2012,11,5
"621","England","James Sinclair","ENG_062_MZB_LO",329.772334052578,"within_100m_to_1000m","ENG_062_MZB_LO_1517__ENG_062_MZB_LO_1722","i","second data call; new data","47160","ENG_062_MZB_LO_1517","WESTWOOD BROOK",53.1129048835,-1.3741880591,2002,2015,14,6
"622","England","James Sinclair","ENG_062_MZB_LO",329.772334052578,"within_100m_to_1000m","ENG_062_MZB_LO_1517__ENG_062_MZB_LO_1722","j","second data call; new data","49859","ENG_062_MZB_LO_1722","ALFRETON BROOK",53.1112820427,-1.3698643484,2002,2020,19,12
"623","England","James Sinclair","ENG_062_MZB_LO",974.251246178777,"within_100m_to_1000m","ENG_062_MZB_LO_1581__ENG_062_MZB_LO_1722","i","second data call; new data","47717","ENG_062_MZB_LO_1581","ALFRETON BROOK",53.1077588303,-1.3837332295,2002,2015,14,6
"624","England","James Sinclair","ENG_062_MZB_LO",974.251246178777,"within_100m_to_1000m","ENG_062_MZB_LO_1581__ENG_062_MZB_LO_1722","j","second data call; new data","49859","ENG_062_MZB_LO_1722","ALFRETON BROOK",53.1112820427,-1.3698643484,2002,2020,19,12
"625","England","James Sinclair","ENG_062_MZB_LO",183.957236227024,"within_100m_to_1000m","ENG_062_MZB_LO_1500__ENG_062_MZB_LO_1728","i","second data call; new data","47063","ENG_062_MZB_LO_1500","TRENT",52.8471073987,-1.5633183005,2002,2024,23,21
"626","England","James Sinclair","ENG_062_MZB_LO",183.957236227024,"within_100m_to_1000m","ENG_062_MZB_LO_1500__ENG_062_MZB_LO_1728","j","second data call; new data","49929","ENG_062_MZB_LO_1728","EGGINGTON BROOK",52.8488159452,-1.5634645256,2002,2014,13,5
"627","England","James Sinclair","ENG_062_MZB_LO",884.362790229583,"within_100m_to_1000m","ENG_062_MZB_LO_1536__ENG_062_MZB_LO_1738","i","second data call; new data","47357","ENG_062_MZB_LO_1536","AVON (LS - ABOVE SOWE)",52.3836769314,-1.2720952807,2002,2018,17,10
"628","England","James Sinclair","ENG_062_MZB_LO",884.362790229583,"within_100m_to_1000m","ENG_062_MZB_LO_1536__ENG_062_MZB_LO_1738","j","second data call; new data","50054","ENG_062_MZB_LO_1738","AVON (LS - ABOVE SOWE)",52.3896757035,-1.28129806,2002,2018,17,7
"629","England","James Sinclair","ENG_062_MZB_LO",783.25677585158,"within_100m_to_1000m","ENG_062_MZB_LO_1595__ENG_062_MZB_LO_1739","i","second data call; new data","48096","ENG_062_MZB_LO_1595","EREWASH",52.9026171919,-1.2540432268,2002,2015,14,9
"630","England","James Sinclair","ENG_062_MZB_LO",783.25677585158,"within_100m_to_1000m","ENG_062_MZB_LO_1595__ENG_062_MZB_LO_1739","j","second data call; new data","50072","ENG_062_MZB_LO_1739","EREWASH",52.8974219658,-1.2455996648,2002,2015,14,6
"631","England","James Sinclair","ENG_062_MZB_LO",274.885844382479,"within_100m_to_1000m","ENG_062_MZB_LO_1539__ENG_062_MZB_LO_1744","i","second data call; new data","47376","ENG_062_MZB_LO_1539","STOCKTON BROOK",52.2551740687,-1.3601948376,2003,2015,13,5
"632","England","James Sinclair","ENG_062_MZB_LO",274.885844382479,"within_100m_to_1000m","ENG_062_MZB_LO_1539__ENG_062_MZB_LO_1744","j","second data call; new data","50160","ENG_062_MZB_LO_1744","STOWE",52.252627634,-1.3598066279,2003,2018,16,7
"633","England","James Sinclair","ENG_062_MZB_LO",360.487596008975,"within_100m_to_1000m","ENG_062_MZB_LO_1569__ENG_062_MZB_LO_1750","i","second data call; new data","47580","ENG_062_MZB_LO_1569","EREWASH",53.0145492537,-1.3224868905,2002,2011,10,5
"634","England","James Sinclair","ENG_062_MZB_LO",360.487596008975,"within_100m_to_1000m","ENG_062_MZB_LO_1569__ENG_062_MZB_LO_1750","j","second data call; new data","50336","ENG_062_MZB_LO_1750","BAILEY BROOK",53.0140950945,-1.3279939945,2002,2024,23,14
"635","England","James Sinclair","ENG_062_MZB_LO",568.934983942363,"within_100m_to_1000m","ENG_062_MZB_LO_1514__ENG_062_MZB_LO_1758","i","second data call; new data","47155","ENG_062_MZB_LO_1514","SCOTIA BROOK",53.0504897903,-2.2069441762,2002,2015,14,6
"636","England","James Sinclair","ENG_062_MZB_LO",568.934983942363,"within_100m_to_1000m","ENG_062_MZB_LO_1514__ENG_062_MZB_LO_1758","j","second data call; new data","50380","ENG_062_MZB_LO_1758","SCOTIA BROOK",53.0464705832,-2.2126527383,2002,2012,11,5
"637","England","James Sinclair","ENG_062_MZB_LO",472.204551779662,"within_100m_to_1000m","ENG_062_MZB_LO_1761__ENG_062_MZB_LO_1762","i","second data call; new data","50440","ENG_062_MZB_LO_1761","DOVE (DOVE(UPPER))",53.0093608496,-1.7659384987,2002,2017,16,11
"638","England","James Sinclair","ENG_062_MZB_LO",472.204551779662,"within_100m_to_1000m","ENG_062_MZB_LO_1761__ENG_062_MZB_LO_1762","j","second data call; new data","50441","ENG_062_MZB_LO_1762","BENTLEY BROOK",53.0119199847,-1.7600224661,2002,2015,14,5
"639","England","James Sinclair","ENG_062_MZB_LO",277.248186456533,"within_100m_to_1000m","ENG_062_MZB_LO_1769__ENG_062_MZB_LO_1770","i","second data call; new data","50487","ENG_062_MZB_LO_1769","MACKWORTH BROOK",52.9375233024,-1.5081457307,2002,2024,23,10
"640","England","James Sinclair","ENG_062_MZB_LO",277.248186456533,"within_100m_to_1000m","ENG_062_MZB_LO_1769__ENG_062_MZB_LO_1770","j","second data call; new data","50488","ENG_062_MZB_LO_1770","MARKEATON BROOK",52.9399627105,-1.5067640483,2003,2024,22,9
"641","England","James Sinclair","ENG_062_MZB_LO",938.437851686582,"within_100m_to_1000m","ENG_062_MZB_LO_1635__ENG_062_MZB_LO_1780","i","second data call; new data","48462","ENG_062_MZB_LO_1635","SAREDON (WASH) BROOK",52.667585014,-2.1314835599,2004,2015,12,8
"642","England","James Sinclair","ENG_062_MZB_LO",938.437851686582,"within_100m_to_1000m","ENG_062_MZB_LO_1635__ENG_062_MZB_LO_1780","j","second data call; new data","50617","ENG_062_MZB_LO_1780","PENK",52.6628962223,-2.1435936837,2003,2018,16,10
"643","England","James Sinclair","ENG_062_MZB_LO",949.457819668826,"within_100m_to_1000m","ENG_062_MZB_LO_1627__ENG_062_MZB_LO_1801","i","second data call; new data","48425","ENG_062_MZB_LO_1627","GRIFFINS MERRITTS BK",52.4319606109,-1.9190702564,2003,2014,12,5
"644","England","James Sinclair","ENG_062_MZB_LO",949.457819668826,"within_100m_to_1000m","ENG_062_MZB_LO_1627__ENG_062_MZB_LO_1801","j","second data call; new data","50943","ENG_062_MZB_LO_1801","REA",52.4395428962,-1.9116571909,2003,2022,20,5
"645","England","James Sinclair","ENG_062_MZB_LO",949.533495489379,"within_100m_to_1000m","ENG_062_MZB_LO_1644__ENG_062_MZB_LO_1804","i","second data call; new data","48488","ENG_062_MZB_LO_1644","COTTON MILL DYKE",53.1022781757,-1.0031787386,2002,2012,11,5
"646","England","James Sinclair","ENG_062_MZB_LO",949.533495489379,"within_100m_to_1000m","ENG_062_MZB_LO_1644__ENG_062_MZB_LO_1804","j","second data call; new data","50964","ENG_062_MZB_LO_1804","GREET",53.1083647143,-0.9925512662,2002,2024,23,20
"647","England","James Sinclair","ENG_062_MZB_LO",737.787279091266,"within_100m_to_1000m","ENG_062_MZB_LO_1515__ENG_062_MZB_LO_1815","i","second data call; new data","47156","ENG_062_MZB_LO_1515","BAGTHORPE BROOK",53.054448103,-1.3296052289,2004,2024,21,9
"648","England","James Sinclair","ENG_062_MZB_LO",737.787279091266,"within_100m_to_1000m","ENG_062_MZB_LO_1515__ENG_062_MZB_LO_1815","j","second data call; new data","51058","ENG_062_MZB_LO_1815","EREWASH",53.0580976939,-1.3392469521,2002,2024,23,11
"649","England","James Sinclair","ENG_062_MZB_LO",249.667159927267,"within_100m_to_1000m","ENG_062_MZB_LO_1818__ENG_062_MZB_LO_1819","i","second data call; new data","51064","ENG_062_MZB_LO_1818","HEATH END BROOK",52.7924928719,-1.4442170424,2002,2022,21,10
"650","England","James Sinclair","ENG_062_MZB_LO",249.667159927267,"within_100m_to_1000m","ENG_062_MZB_LO_1818__ENG_062_MZB_LO_1819","j","second data call; new data","51065","ENG_062_MZB_LO_1819","STAUNTON HAROLD BROOK",52.7909066123,-1.441419644,2002,2024,23,15
"651","England","James Sinclair","ENG_062_MZB_LO",820.071227885114,"within_100m_to_1000m","ENG_062_MZB_LO_1727__ENG_062_MZB_LO_1822","i","second data call; new data","49901","ENG_062_MZB_LO_1727","MAUN",53.132842155,-1.2244473011,2002,2014,13,6
"652","England","James Sinclair","ENG_062_MZB_LO",820.071227885114,"within_100m_to_1000m","ENG_062_MZB_LO_1727__ENG_062_MZB_LO_1822","j","second data call; new data","51076","ENG_062_MZB_LO_1822","MAUN",53.1284233266,-1.2347791667,2002,2014,13,6
"653","England","James Sinclair","ENG_062_MZB_LO",342.552631436841,"within_100m_to_1000m","ENG_062_MZB_LO_1829__ENG_062_MZB_LO_1830","i","second data call; new data","51203","ENG_062_MZB_LO_1829","PEAKSHOLE WATER",53.3471069321,-1.7430979087,2002,2015,14,6
"654","England","James Sinclair","ENG_062_MZB_LO",342.552631436841,"within_100m_to_1000m","ENG_062_MZB_LO_1829__ENG_062_MZB_LO_1830","j","second data call; new data","51204","ENG_062_MZB_LO_1830","NOE",53.3468257994,-1.7377971445,2002,2024,23,22
"655","England","James Sinclair","ENG_062_MZB_LO",145.518678944346,"within_100m_to_1000m","ENG_062_MZB_LO_1833__ENG_062_MZB_LO_1834","i","second data call; new data","51249","ENG_062_MZB_LO_1833","TORNE",53.5794467941,-0.8205500384,2002,2024,23,20
"656","England","James Sinclair","ENG_062_MZB_LO",145.518678944346,"within_100m_to_1000m","ENG_062_MZB_LO_1833__ENG_062_MZB_LO_1834","j","second data call; new data","51250","ENG_062_MZB_LO_1834","SOUTH LEVEL ENGINE DRAIN",53.5780970481,-0.8204063407,2002,2014,13,5
"657","England","James Sinclair","ENG_062_MZB_LO",645.802741487544,"within_100m_to_1000m","ENG_062_MZB_LO_1833__ENG_062_MZB_LO_1835","i","second data call; new data","51249","ENG_062_MZB_LO_1833","TORNE",53.5794467941,-0.8205500384,2002,2024,23,20
"658","England","James Sinclair","ENG_062_MZB_LO",645.802741487544,"within_100m_to_1000m","ENG_062_MZB_LO_1833__ENG_062_MZB_LO_1835","j","second data call; new data","51253","ENG_062_MZB_LO_1835","HATFIELD WASTE DRAIN",53.5854358043,-0.8198848721,2002,2024,23,17
"659","England","James Sinclair","ENG_062_MZB_LO",790.329959252326,"within_100m_to_1000m","ENG_062_MZB_LO_1834__ENG_062_MZB_LO_1835","i","second data call; new data","51250","ENG_062_MZB_LO_1834","SOUTH LEVEL ENGINE DRAIN",53.5780970481,-0.8204063407,2002,2014,13,5
"660","England","James Sinclair","ENG_062_MZB_LO",790.329959252326,"within_100m_to_1000m","ENG_062_MZB_LO_1834__ENG_062_MZB_LO_1835","j","second data call; new data","51253","ENG_062_MZB_LO_1835","HATFIELD WASTE DRAIN",53.5854358043,-0.8198848721,2002,2024,23,17
"661","England","James Sinclair","ENG_062_MZB_LO",437.349872653589,"within_100m_to_1000m","ENG_062_MZB_LO_1727__ENG_062_MZB_LO_1843","i","second data call; new data","49901","ENG_062_MZB_LO_1727","MAUN",53.132842155,-1.2244473011,2002,2014,13,6
"662","England","James Sinclair","ENG_062_MZB_LO",437.349872653589,"within_100m_to_1000m","ENG_062_MZB_LO_1727__ENG_062_MZB_LO_1843","j","second data call; new data","51296","ENG_062_MZB_LO_1843","MAUN",53.1329687827,-1.2176890947,2002,2017,16,8
"663","England","James Sinclair","ENG_062_MZB_LO",470.742249529612,"within_100m_to_1000m","ENG_062_MZB_LO_1850__ENG_062_MZB_LO_1851","i","second data call; new data","51329","ENG_062_MZB_LO_1850","CAR DYKE",53.0495856898,-0.835131311,2002,2014,13,5
"664","England","James Sinclair","ENG_062_MZB_LO",470.742249529612,"within_100m_to_1000m","ENG_062_MZB_LO_1850__ENG_062_MZB_LO_1851","j","second data call; new data","51330","ENG_062_MZB_LO_1851","DEVON",53.0509290633,-0.8282176382,2003,2016,14,5
"665","England","James Sinclair","ENG_062_MZB_LO",772.463185056838,"within_100m_to_1000m","ENG_062_MZB_LO_1850__ENG_062_MZB_LO_1852","i","second data call; new data","51329","ENG_062_MZB_LO_1850","CAR DYKE",53.0495856898,-0.835131311,2002,2014,13,5
"666","England","James Sinclair","ENG_062_MZB_LO",772.463185056838,"within_100m_to_1000m","ENG_062_MZB_LO_1850__ENG_062_MZB_LO_1852","j","second data call; new data","51331","ENG_062_MZB_LO_1852","MIDDLE BECK",53.0550928235,-0.8274782002,2002,2016,15,8
"667","England","James Sinclair","ENG_062_MZB_LO",450.338789959021,"within_100m_to_1000m","ENG_062_MZB_LO_1851__ENG_062_MZB_LO_1852","i","second data call; new data","51330","ENG_062_MZB_LO_1851","DEVON",53.0509290633,-0.8282176382,2003,2016,14,5
"668","England","James Sinclair","ENG_062_MZB_LO",450.338789959021,"within_100m_to_1000m","ENG_062_MZB_LO_1851__ENG_062_MZB_LO_1852","j","second data call; new data","51331","ENG_062_MZB_LO_1852","MIDDLE BECK",53.0550928235,-0.8274782002,2002,2016,15,8
"669","England","James Sinclair","ENG_062_MZB_LO",364.84347115873,"within_100m_to_1000m","ENG_062_MZB_LO_1591__ENG_062_MZB_LO_1865","i","second data call; new data","48059","ENG_062_MZB_LO_1591","SHELFORD BROOK",52.9849931271,-0.982999485,2002,2016,15,5
"670","England","James Sinclair","ENG_062_MZB_LO",364.84347115873,"within_100m_to_1000m","ENG_062_MZB_LO_1591__ENG_062_MZB_LO_1865","j","second data call; new data","51467","ENG_062_MZB_LO_1865","TRENT",52.986697591,-0.9878604438,2002,2016,15,13
"671","England","James Sinclair","ENG_062_MZB_LO",892.37611359464,"within_100m_to_1000m","ENG_062_MZB_LO_1779__ENG_062_MZB_LO_1872","i","second data call; new data","50612","ENG_062_MZB_LO_1779","TORNE",53.424874668,-1.0926302477,2002,2015,14,6
"672","England","James Sinclair","ENG_062_MZB_LO",892.37611359464,"within_100m_to_1000m","ENG_062_MZB_LO_1779__ENG_062_MZB_LO_1872","j","second data call; new data","51550","ENG_062_MZB_LO_1872","TORNE",53.4326211998,-1.087663803,2002,2015,14,7
"673","England","James Sinclair","ENG_062_MZB_LO",803.790720755336,"within_100m_to_1000m","ENG_062_MZB_LO_1568__ENG_062_MZB_LO_1878","i","second data call; new data","47573","ENG_062_MZB_LO_1568","RIVER BOURNE",52.5199325359,-1.649181569,2002,2017,16,9
"674","England","James Sinclair","ENG_062_MZB_LO",803.790720755336,"within_100m_to_1000m","ENG_062_MZB_LO_1568__ENG_062_MZB_LO_1878","j","second data call; new data","51659","ENG_062_MZB_LO_1878","RIVER BOURNE",52.5185928277,-1.6371224237,2002,2014,13,7
"675","England","James Sinclair","ENG_062_MZB_LO",486.963205228624,"within_100m_to_1000m","ENG_062_MZB_LO_1599__ENG_062_MZB_LO_1890","i","second data call; new data","48112","ENG_062_MZB_LO_1599","BOURNE BROOK",52.5000420795,-1.5944237165,2002,2013,12,10
"676","England","James Sinclair","ENG_062_MZB_LO",486.963205228624,"within_100m_to_1000m","ENG_062_MZB_LO_1599__ENG_062_MZB_LO_1890","j","second data call; new data","51766","ENG_062_MZB_LO_1890","DIDGELEY BROOK",52.4955186464,-1.5940234487,2002,2014,13,5
"677","England","James Sinclair","ENG_062_MZB_LO",744.275176692094,"within_100m_to_1000m","ENG_062_MZB_LO_1584__ENG_062_MZB_LO_1891","i","second data call; new data","47770","ENG_062_MZB_LO_1584","TAME (UT)",52.6137142151,-1.6907925811,2003,2014,12,5
"678","England","James Sinclair","ENG_062_MZB_LO",744.275176692094,"within_100m_to_1000m","ENG_062_MZB_LO_1584__ENG_062_MZB_LO_1891","j","second data call; new data","51780","ENG_062_MZB_LO_1891","BLACK/BOURNE BROOK",52.6111251784,-1.7013407564,2002,2015,14,6
"679","England","James Sinclair","ENG_062_MZB_LO",481.6929687048,"within_100m_to_1000m","ENG_062_MZB_LO_1639__ENG_062_MZB_LO_1893","i","second data call; new data","48477","ENG_062_MZB_LO_1639","MARSTON BROOK (SOW)",52.8045929287,-2.1069779849,2002,2012,11,5
"680","England","James Sinclair","ENG_062_MZB_LO",481.6929687048,"within_100m_to_1000m","ENG_062_MZB_LO_1639__ENG_062_MZB_LO_1893","j","second data call; new data","51806","ENG_062_MZB_LO_1893","SOW",52.8033946242,-2.0998550027,2002,2013,12,9
"681","England","James Sinclair","ENG_062_MZB_LO",364.431750669642,"within_100m_to_1000m","ENG_062_MZB_LO_1520__ENG_062_MZB_LO_1903","i","second data call; new data","47195","ENG_062_MZB_LO_1520","MEDEN",53.2676551172,-0.9477747038,2002,2014,13,5
"682","England","James Sinclair","ENG_062_MZB_LO",364.431750669642,"within_100m_to_1000m","ENG_062_MZB_LO_1520__ENG_062_MZB_LO_1903","j","second data call; new data","51896","ENG_062_MZB_LO_1903","POULTER",53.2696104011,-0.9523900306,2002,2024,23,23
"683","England","James Sinclair","ENG_062_MZB_LO",670.857514460348,"within_100m_to_1000m","ENG_062_MZB_LO_1554__ENG_062_MZB_LO_1922","i","second data call; new data","47476","ENG_062_MZB_LO_1554","RAINS BROOK",52.336554001,-1.1873016749,2002,2015,14,7
"684","England","James Sinclair","ENG_062_MZB_LO",670.857514460348,"within_100m_to_1000m","ENG_062_MZB_LO_1554__ENG_062_MZB_LO_1922","j","second data call; new data","52098","ENG_062_MZB_LO_1922","RAINS BROOK",52.3407413427,-1.1948576652,2002,2015,14,7
"685","England","James Sinclair","ENG_062_MZB_LO",131.273764480716,"within_100m_to_1000m","ENG_062_MZB_LO_1547__ENG_062_MZB_LO_1926","i","second data call; new data","47410","ENG_062_MZB_LO_1547","PERRY",52.7611912005,-2.8327770233,2005,2023,19,5
"686","England","James Sinclair","ENG_062_MZB_LO",131.273764480716,"within_100m_to_1000m","ENG_062_MZB_LO_1547__ENG_062_MZB_LO_1926","j","second data call; new data","52117","ENG_062_MZB_LO_1926","PERRY",52.7614925656,-2.8308266127,2005,2023,19,5
"687","England","James Sinclair","ENG_062_MZB_LO",831.553359560753,"within_100m_to_1000m","ENG_062_MZB_LO_1755__ENG_062_MZB_LO_1935","i","second data call; new data","50351","ENG_062_MZB_LO_1755","ST CATHERINE'S WELL STREAM",53.4803606206,-1.1372574093,2002,2015,14,6
"688","England","James Sinclair","ENG_062_MZB_LO",831.553359560753,"within_100m_to_1000m","ENG_062_MZB_LO_1755__ENG_062_MZB_LO_1935","j","second data call; new data","52271","ENG_062_MZB_LO_1935","SALTER SIKE",53.4764502309,-1.1260812477,2002,2015,14,5
"689","England","James Sinclair","ENG_062_MZB_LO",812.097980994356,"within_100m_to_1000m","ENG_062_MZB_LO_1572__ENG_062_MZB_LO_1941","i","second data call; new data","47608","ENG_062_MZB_LO_1572","WOOD BROOK",52.7821867504,-1.2126915012,2003,2018,16,6
"690","England","James Sinclair","ENG_062_MZB_LO",812.097980994356,"within_100m_to_1000m","ENG_062_MZB_LO_1572__ENG_062_MZB_LO_1941","j","second data call; new data","52341","ENG_062_MZB_LO_1941","WOOD BROOK",52.7897391604,-1.2128521314,2002,2018,17,7
"691","England","James Sinclair","ENG_062_MZB_LO",936.853672848617,"within_100m_to_1000m","ENG_062_MZB_LO_1636__ENG_062_MZB_LO_1941","i","second data call; new data","48468","ENG_062_MZB_LO_1636","SOAR",52.7908485209,-1.198596013,2002,2016,15,12
"692","England","James Sinclair","ENG_062_MZB_LO",936.853672848617,"within_100m_to_1000m","ENG_062_MZB_LO_1636__ENG_062_MZB_LO_1941","j","second data call; new data","52341","ENG_062_MZB_LO_1941","WOOD BROOK",52.7897391604,-1.2128521314,2002,2018,17,7
"693","England","James Sinclair","ENG_062_MZB_LO",516.516833346886,"within_100m_to_1000m","ENG_062_MZB_LO_1835__ENG_062_MZB_LO_1955","i","second data call; new data","51253","ENG_062_MZB_LO_1835","HATFIELD WASTE DRAIN",53.5854358043,-0.8198848721,2002,2024,23,17
"694","England","James Sinclair","ENG_062_MZB_LO",516.516833346886,"within_100m_to_1000m","ENG_062_MZB_LO_1835__ENG_062_MZB_LO_1955","j","second data call; new data","52490","ENG_062_MZB_LO_1955","NORTH SOAK DRAIN",53.5901268816,-0.8215974281,2002,2021,20,13
"695","England","James Sinclair","ENG_062_MZB_LO",732.88092473998,"within_100m_to_1000m","ENG_062_MZB_LO_1649__ENG_062_MZB_LO_1957","i","second data call; new data","48599","ENG_062_MZB_LO_1649","BROUGHTON ASTLEY BROOK",52.5550698161,-1.236875599,2002,2020,19,9
"696","England","James Sinclair","ENG_062_MZB_LO",732.88092473998,"within_100m_to_1000m","ENG_062_MZB_LO_1649__ENG_062_MZB_LO_1957","j","second data call; new data","52495","ENG_062_MZB_LO_1957","SOAR",52.5586726939,-1.2463714602,2002,2024,23,20
"697","England","James Sinclair","ENG_062_MZB_LO",912.857291099453,"within_100m_to_1000m","ENG_062_MZB_LO_1692__ENG_062_MZB_LO_1964","i","second data call; new data","49209","ENG_062_MZB_LO_1692","COUNTESTHORPE BROOK",52.5655899595,-1.1252787185,2002,2015,14,6
"698","England","James Sinclair","ENG_062_MZB_LO",912.857291099453,"within_100m_to_1000m","ENG_062_MZB_LO_1692__ENG_062_MZB_LO_1964","j","second data call; new data","52571","ENG_062_MZB_LO_1964","COUNTESTHORPE BROOK",52.5571008098,-1.1249458229,2003,2015,13,7
"699","England","James Sinclair","ENG_062_MZB_LO",969.084741944795,"within_100m_to_1000m","ENG_062_MZB_LO_1708__ENG_062_MZB_LO_1981","i","second data call; new data","49685","ENG_062_MZB_LO_1708","EREWASH",53.0712610594,-1.3414187862,2002,2024,23,12
"700","England","James Sinclair","ENG_062_MZB_LO",969.084741944795,"within_100m_to_1000m","ENG_062_MZB_LO_1708__ENG_062_MZB_LO_1981","j","second data call; new data","52698","ENG_062_MZB_LO_1981","BIRCHWOOD BROOK",53.0800056193,-1.3378072596,2002,2024,23,11
"701","England","James Sinclair","ENG_062_MZB_LO",696.881160892789,"within_100m_to_1000m","ENG_062_MZB_LO_1562__ENG_062_MZB_LO_1989","i","second data call; new data","47526","ENG_062_MZB_LO_1562","NORMANTON / THURLASTON BK",52.5685995909,-1.2711062388,2003,2018,16,6
"702","England","James Sinclair","ENG_062_MZB_LO",696.881160892789,"within_100m_to_1000m","ENG_062_MZB_LO_1562__ENG_062_MZB_LO_1989","j","second data call; new data","52727","ENG_062_MZB_LO_1989","SHILTON BROOK",52.5650580275,-1.28001666,2002,2018,17,8
"703","England","James Sinclair","ENG_062_MZB_LO",938.81889870766,"within_100m_to_1000m","ENG_062_MZB_LO_1868__ENG_062_MZB_LO_2001","i","second data call; new data","51524","ENG_062_MZB_LO_1868","MEESE",52.7826837672,-2.5231836403,2002,2019,18,15
"704","England","James Sinclair","ENG_062_MZB_LO",938.81889870766,"within_100m_to_1000m","ENG_062_MZB_LO_1868__ENG_062_MZB_LO_2001","j","second data call; new data","52799","ENG_062_MZB_LO_2001","TERN",52.7839505253,-2.537432278,2005,2017,13,5
"705","England","James Sinclair","ENG_062_MZB_LO",533.189843066905,"within_100m_to_1000m","ENG_062_MZB_LO_1667__ENG_062_MZB_LO_2008","i","second data call; new data","48945","ENG_062_MZB_LO_1667","SOAR BROOK",52.5215197788,-1.2905733258,2004,2024,21,8
"706","England","James Sinclair","ENG_062_MZB_LO",533.189843066905,"within_100m_to_1000m","ENG_062_MZB_LO_1667__ENG_062_MZB_LO_2008","j","second data call; new data","52866","ENG_062_MZB_LO_2008","SOAR",52.5231817769,-1.2829119207,2002,2014,13,6
"707","England","James Sinclair","ENG_062_MZB_LO",336.059658539808,"within_100m_to_1000m","ENG_062_MZB_LO_1752__ENG_062_MZB_LO_2012","i","second data call; new data","50343","ENG_062_MZB_LO_1752","FROME",51.7468069139,-2.3185963325,2002,2015,14,6
"708","England","James Sinclair","ENG_062_MZB_LO",336.059658539808,"within_100m_to_1000m","ENG_062_MZB_LO_1752__ENG_062_MZB_LO_2012","j","second data call; new data","52892","ENG_062_MZB_LO_2012","FROME",51.7492878404,-2.315528336,2002,2015,14,5
"709","England","James Sinclair","ENG_062_MZB_LO",431.274775217014,"within_100m_to_1000m","ENG_062_MZB_LO_1956__ENG_062_MZB_LO_2016","i","second data call; new data","52491","ENG_062_MZB_LO_1956","MEASE",52.722778774,-1.7166282743,2002,2023,22,15
"710","England","James Sinclair","ENG_062_MZB_LO",431.274775217014,"within_100m_to_1000m","ENG_062_MZB_LO_1956__ENG_062_MZB_LO_2016","j","second data call; new data","52917","ENG_062_MZB_LO_2016","TAME (UT)",52.722920199,-1.7232307818,2003,2018,16,13
"711","England","James Sinclair","ENG_062_MZB_LO",259.864846377613,"within_100m_to_1000m","ENG_062_MZB_LO_1858__ENG_062_MZB_LO_2040","i","second data call; new data","51381","ENG_062_MZB_LO_1858","RIVER TRENT",53.0174792383,-2.1623782334,2002,2015,14,6
"712","England","James Sinclair","ENG_062_MZB_LO",259.864846377613,"within_100m_to_1000m","ENG_062_MZB_LO_1858__ENG_062_MZB_LO_2040","j","second data call; new data","53183","ENG_062_MZB_LO_2040","CAUSLEY BROOK",53.0193972171,-2.1599406835,2002,2016,15,8
"713","England","James Sinclair","ENG_062_MZB_LO",645.918456134422,"within_100m_to_1000m","ENG_062_MZB_LO_1652__ENG_062_MZB_LO_2059","i","second data call; new data","48637","ENG_062_MZB_LO_1652","BOTTESFORD BECK",53.5431719392,-0.6872282506,2002,2015,14,9
"714","England","James Sinclair","ENG_062_MZB_LO",645.918456134422,"within_100m_to_1000m","ENG_062_MZB_LO_1652__ENG_062_MZB_LO_2059","j","second data call; new data","53364","ENG_062_MZB_LO_2059","BOTTESFORD BECK",53.5433845817,-0.6771555034,2002,2012,11,8
"715","England","James Sinclair","ENG_062_MZB_LO",717.254907153757,"within_100m_to_1000m","ENG_062_MZB_LO_2081__ENG_062_MZB_LO_2082","i","second data call; new data","53617","ENG_062_MZB_LO_2081","BAR BROOK",53.2463134515,-1.6119754817,2002,2015,14,5
"716","England","James Sinclair","ENG_062_MZB_LO",717.254907153757,"within_100m_to_1000m","ENG_062_MZB_LO_2081__ENG_062_MZB_LO_2082","j","second data call; new data","53618","ENG_062_MZB_LO_2082","DERWENT (LT)",53.2457646795,-1.6230549281,2002,2024,23,17
"717","England","James Sinclair","ENG_062_MZB_LO",898.703333688605,"within_100m_to_1000m","ENG_062_MZB_LO_1662__ENG_062_MZB_LO_2083","i","second data call; new data","48922","ENG_062_MZB_LO_1662","SHERBOURNE BROOK",52.2512560626,-1.6189429295,2002,2016,15,6
"718","England","James Sinclair","ENG_062_MZB_LO",898.703333688605,"within_100m_to_1000m","ENG_062_MZB_LO_1662__ENG_062_MZB_LO_2083","j","second data call; new data","53643","ENG_062_MZB_LO_2083","AVON (LS  - SOWE TO BIDFORD)",52.2462756164,-1.6080000417,2002,2014,13,8
"719","England","James Sinclair","ENG_062_MZB_LO",579.774082115217,"within_100m_to_1000m","ENG_062_MZB_LO_1546__ENG_062_MZB_LO_2096","i","second data call; new data","47407","ENG_062_MZB_LO_1546","SUGAR/SPADESBOURNE BROOK",52.3168523223,-2.0622969248,2002,2016,15,6
"720","England","James Sinclair","ENG_062_MZB_LO",579.774082115217,"within_100m_to_1000m","ENG_062_MZB_LO_1546__ENG_062_MZB_LO_2096","j","second data call; new data","53749","ENG_062_MZB_LO_2096","SUGAR/SPADESBOURNE BROOK",52.3114582689,-2.0622890681,2002,2017,16,6
"721","England","James Sinclair","ENG_062_MZB_LO",848.572597647153,"within_100m_to_1000m","ENG_062_MZB_LO_1691__ENG_062_MZB_LO_2100","i","second data call; new data","49185","ENG_062_MZB_LO_1691","ANKER",52.5768883198,-1.5262914095,2003,2014,12,6
"722","England","James Sinclair","ENG_062_MZB_LO",848.572597647153,"within_100m_to_1000m","ENG_062_MZB_LO_1691__ENG_062_MZB_LO_2100","j","second data call; new data","53772","ENG_062_MZB_LO_2100","ANKER",52.584039097,-1.53177875,2002,2014,13,10
"723","England","James Sinclair","ENG_062_MZB_LO",423.674579430312,"within_100m_to_1000m","ENG_062_MZB_LO_1580__ENG_062_MZB_LO_2103","i","second data call; new data","47701","ENG_062_MZB_LO_1580","BURNTWOOD BROOK",52.6693206528,-1.8850058076,2003,2018,16,5
"724","England","James Sinclair","ENG_062_MZB_LO",423.674579430312,"within_100m_to_1000m","ENG_062_MZB_LO_1580__ENG_062_MZB_LO_2103","j","second data call; new data","53800","ENG_062_MZB_LO_2103","BURNTWOOD BROOK",52.6673194179,-1.8794215536,2003,2018,16,5
"725","England","James Sinclair","ENG_062_MZB_LO",858.189413204272,"within_100m_to_1000m","ENG_062_MZB_LO_1556__ENG_062_MZB_LO_2104","i","second data call; new data","47497","ENG_062_MZB_LO_1556","ASHOP",53.3985712539,-1.7767174596,2002,2024,23,23
"726","England","James Sinclair","ENG_062_MZB_LO",858.189413204272,"within_100m_to_1000m","ENG_062_MZB_LO_1556__ENG_062_MZB_LO_2104","j","second data call; new data","53803","ENG_062_MZB_LO_2104","ASHOP",53.4019908535,-1.7887769646,2002,2024,23,5
"727","England","James Sinclair","ENG_062_MZB_LO",400.108435930817,"within_100m_to_1000m","ENG_062_MZB_LO_1789__ENG_062_MZB_LO_2115","i","second data call; new data","50788","ENG_062_MZB_LO_1789","ANSTON BROOK",53.336182217,-1.1901454625,2002,2014,13,6
"728","England","James Sinclair","ENG_062_MZB_LO",400.108435930817,"within_100m_to_1000m","ENG_062_MZB_LO_1789__ENG_062_MZB_LO_2115","j","second data call; new data","53836","ENG_062_MZB_LO_2115","RYTON",53.3346475353,-1.1958059045,2002,2014,13,5
"729","England","James Sinclair","ENG_062_MZB_LO",294.273009417963,"within_100m_to_1000m","ENG_062_MZB_LO_1597__ENG_062_MZB_LO_2116","i","second data call; new data","48104","ENG_062_MZB_LO_1597","ALFRETON BROOK",53.1068927109,-1.4189084472,2002,2015,14,9
"730","England","James Sinclair","ENG_062_MZB_LO",294.273009417963,"within_100m_to_1000m","ENG_062_MZB_LO_1597__ENG_062_MZB_LO_2116","j","second data call; new data","53845","ENG_062_MZB_LO_2116","AMBER",53.1080274601,-1.4230458974,2004,2024,21,19
"731","England","James Sinclair","ENG_062_MZB_LO",619.8491837521,"within_100m_to_1000m","ENG_062_MZB_LO_2036__ENG_062_MZB_LO_2118","i","second data call; new data","53167","ENG_062_MZB_LO_2036","AMBER",53.0665205513,-1.4625656342,2003,2024,22,18
"732","England","James Sinclair","ENG_062_MZB_LO",619.8491837521,"within_100m_to_1000m","ENG_062_MZB_LO_2036__ENG_062_MZB_LO_2118","j","second data call; new data","53847","ENG_062_MZB_LO_2118","HEAGE BROOK",53.0612615107,-1.4664809214,2002,2015,14,6
"733","England","James Sinclair","ENG_062_MZB_LO",207.635263644805,"within_100m_to_1000m","ENG_062_MZB_LO_2119__ENG_062_MZB_LO_2120","i","second data call; new data","53857","ENG_062_MZB_LO_2119","BRADFORD BROOK",53.1762777586,-1.6737998756,2002,2023,22,13
"734","England","James Sinclair","ENG_062_MZB_LO",207.635263644805,"within_100m_to_1000m","ENG_062_MZB_LO_2119__ENG_062_MZB_LO_2120","j","second data call; new data","53858","ENG_062_MZB_LO_2120","LATHKILL",53.1777281639,-1.6716792752,2002,2024,23,23
"735","England","James Sinclair","ENG_062_MZB_LO",938.084397780322,"within_100m_to_1000m","ENG_062_MZB_LO_1802__ENG_062_MZB_LO_2125","i","second data call; new data","50959","ENG_062_MZB_LO_1802","ALNE",52.2185051255,-1.846399929,2002,2011,10,5
"736","England","James Sinclair","ENG_062_MZB_LO",938.084397780322,"within_100m_to_1000m","ENG_062_MZB_LO_1802__ENG_062_MZB_LO_2125","j","second data call; new data","53880","ENG_062_MZB_LO_2125","ALNE",52.2157347301,-1.8598752927,2003,2018,16,8
"737","England","James Sinclair","ENG_062_MZB_LO",775.026746248426,"within_100m_to_1000m","ENG_062_MZB_LO_1616__ENG_062_MZB_LO_2127","i","second data call; new data","48310","ENG_062_MZB_LO_1616","MEASE",52.708177092,-1.5547427262,2002,2023,22,16
"738","England","James Sinclair","ENG_062_MZB_LO",775.026746248426,"within_100m_to_1000m","ENG_062_MZB_LO_1616__ENG_062_MZB_LO_2127","j","second data call; new data","53961","ENG_062_MZB_LO_2127","HOOBOROUGH BROOK",52.7146777916,-1.5598724011,2002,2014,13,10
"739","England","James Sinclair","ENG_062_MZB_LO",867.435637243564,"within_100m_to_1000m","ENG_062_MZB_LO_2129__ENG_062_MZB_LO_2130","i","second data call; new data","53966","ENG_062_MZB_LO_2129","WHITWELL BROOK",53.2742108279,-1.1805937373,2002,2015,14,5
"740","England","James Sinclair","ENG_062_MZB_LO",867.435637243564,"within_100m_to_1000m","ENG_062_MZB_LO_2129__ENG_062_MZB_LO_2130","j","second data call; new data","53967","ENG_062_MZB_LO_2130","WALLING BROOK",53.2812487538,-1.1740250206,2002,2015,14,7
"741","England","James Sinclair","ENG_062_MZB_LO",479.391853234638,"within_100m_to_1000m","ENG_062_MZB_LO_1966__ENG_062_MZB_LO_2136","i","second data call; new data","52585","ENG_062_MZB_LO_1966","WORFE",52.6369115372,-2.3265197217,2002,2020,19,16
"742","England","James Sinclair","ENG_062_MZB_LO",479.391853234638,"within_100m_to_1000m","ENG_062_MZB_LO_1966__ENG_062_MZB_LO_2136","j","second data call; new data","53988","ENG_062_MZB_LO_2136","ALBRIGHTON BROOK",52.6389878896,-2.3200329955,2004,2019,16,6
"743","England","James Sinclair","ENG_062_MZB_LO",964.885778153142,"within_100m_to_1000m","ENG_062_MZB_LO_1536__ENG_062_MZB_LO_2141","i","second data call; new data","47357","ENG_062_MZB_LO_1536","AVON (LS - ABOVE SOWE)",52.3836769314,-1.2720952807,2002,2018,17,10
"744","England","James Sinclair","ENG_062_MZB_LO",964.885778153142,"within_100m_to_1000m","ENG_062_MZB_LO_1536__ENG_062_MZB_LO_2141","j","second data call; new data","54012","ENG_062_MZB_LO_2141","SWIFT",52.3880023463,-1.2592400427,2003,2013,11,6
"745","England","James Sinclair","ENG_062_MZB_LO",178.755991502869,"within_100m_to_1000m","ENG_062_MZB_LO_1679__ENG_062_MZB_LO_2142","i","second data call; new data","49101","ENG_062_MZB_LO_1679","ARROW (ARROW & ALNE)",52.1596197755,-1.8797413514,2002,2015,14,5
"746","England","James Sinclair","ENG_062_MZB_LO",178.755991502869,"within_100m_to_1000m","ENG_062_MZB_LO_1679__ENG_062_MZB_LO_2142","j","second data call; new data","54013","ENG_062_MZB_LO_2142","BAN BROOK",52.1605570269,-1.8819754993,2002,2015,14,6
"747","England","James Sinclair","ENG_062_MZB_LO",819.904196239763,"within_100m_to_1000m","ENG_062_MZB_LO_1551__ENG_062_MZB_LO_2145","i","second data call; new data","47464","ENG_062_MZB_LO_1551","SALWARPE",52.3051414069,-2.0974783379,2002,2016,15,5
"748","England","James Sinclair","ENG_062_MZB_LO",819.904196239763,"within_100m_to_1000m","ENG_062_MZB_LO_1551__ENG_062_MZB_LO_2145","j","second data call; new data","54018","ENG_062_MZB_LO_2145","HEN BROOK",52.2997398162,-2.1062646696,2002,2016,15,5
"749","England","James Sinclair","ENG_062_MZB_LO",963.745892534631,"within_100m_to_1000m","ENG_062_MZB_LO_1717__ENG_062_MZB_LO_2149","i","second data call; new data","49789","ENG_062_MZB_LO_1717","PRESTON BAGOT BROOK",52.2731069223,-1.7656639464,2002,2012,11,5
"750","England","James Sinclair","ENG_062_MZB_LO",963.745892534631,"within_100m_to_1000m","ENG_062_MZB_LO_1717__ENG_062_MZB_LO_2149","j","second data call; new data","54039","ENG_062_MZB_LO_2149","ALNE",52.2656788119,-1.7738504714,2002,2016,15,9
"751","England","James Sinclair","ENG_062_MZB_LO",675.056818304781,"within_100m_to_1000m","ENG_062_MZB_LO_2180__ENG_062_MZB_LO_2181","i","second data call; new data","54650","ENG_062_MZB_LO_2180","TOPPESFIELD BROOK",52.0101204875,0.5663880749,2002,2023,22,17
"752","England","James Sinclair","ENG_062_MZB_LO",675.056818304781,"within_100m_to_1000m","ENG_062_MZB_LO_2180__ENG_062_MZB_LO_2181","j","second data call; new data","54651","ENG_062_MZB_LO_2181","COLNE",52.0161214937,0.5633793045,2004,2024,21,16
"753","England","James Sinclair","ENG_062_MZB_LO",418.404815391181,"within_100m_to_1000m","ENG_062_MZB_LO_2189__ENG_062_MZB_LO_2190","i","second data call; new data","54684","ENG_062_MZB_LO_2189","MARDYKE EAST",51.542752771,0.3376481467,2002,2015,14,5
"754","England","James Sinclair","ENG_062_MZB_LO",418.404815391181,"within_100m_to_1000m","ENG_062_MZB_LO_2189__ENG_062_MZB_LO_2190","j","second data call; new data","54685","ENG_062_MZB_LO_2190","MARDYKE WEST",51.5416125797,0.33167665,2004,2018,15,12
"755","England","James Sinclair","ENG_062_MZB_LO",144.863268171355,"within_100m_to_1000m","ENG_062_MZB_LO_2169__ENG_062_MZB_LO_2197","i","second data call; new data","54622","ENG_062_MZB_LO_2169","CHELMER",51.746210146,0.5480623936,2002,2022,21,15
"756","England","James Sinclair","ENG_062_MZB_LO",144.863268171355,"within_100m_to_1000m","ENG_062_MZB_LO_2169__ENG_062_MZB_LO_2197","j","second data call; new data","54711","ENG_062_MZB_LO_2197","SANDON BROOK",51.7461630496,0.5502329371,2004,2017,14,6
"757","England","James Sinclair","ENG_062_MZB_LO",778.515626343546,"within_100m_to_1000m","ENG_062_MZB_LO_2249__ENG_062_MZB_LO_2250","i","second data call; new data","54848","ENG_062_MZB_LO_2249","FYNN",52.0827255751,1.2532837486,2004,2022,19,15
"758","England","James Sinclair","ENG_062_MZB_LO",778.515626343546,"within_100m_to_1000m","ENG_062_MZB_LO_2249__ENG_062_MZB_LO_2250","j","second data call; new data","54849","ENG_062_MZB_LO_2250","LARK",52.0888477917,1.2595695507,2002,2013,12,5
"759","England","James Sinclair","ENG_062_MZB_LO",215.949390426704,"within_100m_to_1000m","ENG_062_MZB_LO_2252__ENG_062_MZB_LO_2253","i","second data call; new data","54851","ENG_062_MZB_LO_2252","HAUGHLEY WATERCOURSE",52.2038888664,0.9913302575,2002,2015,14,5
"760","England","James Sinclair","ENG_062_MZB_LO",215.949390426704,"within_100m_to_1000m","ENG_062_MZB_LO_2252__ENG_062_MZB_LO_2253","j","second data call; new data","54852","ENG_062_MZB_LO_2253","GIPPING",52.2029168657,0.9941923692,2002,2016,15,6
"761","England","James Sinclair","ENG_062_MZB_LO",904.762365138664,"within_100m_to_1000m","ENG_062_MZB_LO_2326__ENG_062_MZB_LO_2353","i","second data call; new data","55118","ENG_062_MZB_LO_2326","LACEBY BECK/R. FRESHNEY",53.5713881984,-0.0987880549,2002,2022,21,17
"762","England","James Sinclair","ENG_062_MZB_LO",904.762365138664,"within_100m_to_1000m","ENG_062_MZB_LO_2326__ENG_062_MZB_LO_2353","j","second data call; new data","55230","ENG_062_MZB_LO_2353","NEW CUT DRAIN",53.5795407022,-0.0953257802,2002,2016,15,11
"763","England","James Sinclair","ENG_062_MZB_LO",271.108944041949,"within_100m_to_1000m","ENG_062_MZB_LO_2314__ENG_062_MZB_LO_2355","i","second data call; new data","55028","ENG_062_MZB_LO_2314","BARLINGS EAU",53.2766189961,-0.4042850856,2002,2023,22,22
"764","England","James Sinclair","ENG_062_MZB_LO",271.108944041949,"within_100m_to_1000m","ENG_062_MZB_LO_2314__ENG_062_MZB_LO_2355","j","second data call; new data","55233","ENG_062_MZB_LO_2355","NETTLEHAM BECK",53.2757729358,-0.4082460365,2002,2020,19,19
"765","England","James Sinclair","ENG_062_MZB_LO",917.299434413764,"within_100m_to_1000m","ENG_062_MZB_LO_2303__ENG_062_MZB_LO_2357","i","second data call; new data","55002","ENG_062_MZB_LO_2303","ANCHOLME",53.5132811579,-0.4919314261,2002,2024,23,22
"766","England","James Sinclair","ENG_062_MZB_LO",917.299434413764,"within_100m_to_1000m","ENG_062_MZB_LO_2303__ENG_062_MZB_LO_2357","j","second data call; new data","55247","ENG_062_MZB_LO_2357","NORTH KELSEY BECK",53.5051373923,-0.4876969496,2002,2015,14,9
"767","England","James Sinclair","ENG_062_MZB_LO",916.961388192579,"within_100m_to_1000m","ENG_062_MZB_LO_2368__ENG_062_MZB_LO_2379","i","second data call; new data","55296","ENG_062_MZB_LO_2368","RUSKINGTON BECK",53.033180174,-0.352135716,2002,2021,20,19
"768","England","James Sinclair","ENG_062_MZB_LO",916.961388192579,"within_100m_to_1000m","ENG_062_MZB_LO_2368__ENG_062_MZB_LO_2379","j","second data call; new data","55340","ENG_062_MZB_LO_2379","SLEA",53.0356893213,-0.338617034,2002,2023,22,13
"769","England","James Sinclair","ENG_062_MZB_LO",685.396527480627,"within_100m_to_1000m","ENG_062_MZB_LO_2420__ENG_062_MZB_LO_2455","i","second data call; new data","55499","ENG_062_MZB_LO_2420","CHATER",52.6143191704,-0.6162798505,2002,2024,23,23
"770","England","James Sinclair","ENG_062_MZB_LO",685.396527480627,"within_100m_to_1000m","ENG_062_MZB_LO_2420__ENG_062_MZB_LO_2455","j","second data call; new data","55659","ENG_062_MZB_LO_2455","MORCOTT BROOK",52.6085578773,-0.6117947358,2002,2021,20,17
"771","England","James Sinclair","ENG_062_MZB_LO",972.431762125689,"within_100m_to_1000m","ENG_062_MZB_LO_2422__ENG_062_MZB_LO_2464","i","second data call; new data","55505","ENG_062_MZB_LO_2422","CHELVESTON BROOK",52.3195360051,-0.5856547447,2002,2013,12,11
"772","England","James Sinclair","ENG_062_MZB_LO",972.431762125689,"within_100m_to_1000m","ENG_062_MZB_LO_2422__ENG_062_MZB_LO_2464","j","second data call; new data","55683","ENG_062_MZB_LO_2464","NENE",52.3251760737,-0.5971992532,2002,2020,19,17
"773","England","James Sinclair","ENG_062_MZB_LO",890.95635038487,"within_100m_to_1000m","ENG_062_MZB_LO_2444__ENG_062_MZB_LO_2471","i","second data call; new data","55583","ENG_062_MZB_LO_2444","GWASH",52.6632051115,-0.5952777498,2002,2024,23,22
"774","England","James Sinclair","ENG_062_MZB_LO",890.95635038487,"within_100m_to_1000m","ENG_062_MZB_LO_2444__ENG_062_MZB_LO_2471","j","second data call; new data","55714","ENG_062_MZB_LO_2471","NORTH BROOK",52.6693907102,-0.5862062462,2002,2023,22,22
"775","England","James Sinclair","ENG_062_MZB_LO",838.645676348921,"within_100m_to_1000m","ENG_062_MZB_LO_2483__ENG_062_MZB_LO_2484","i","second data call; new data","55781","ENG_062_MZB_LO_2483","STONTON BROOK",52.52947629,-0.9059513765,2013,2024,12,8
"776","England","James Sinclair","ENG_062_MZB_LO",838.645676348921,"within_100m_to_1000m","ENG_062_MZB_LO_2483__ENG_062_MZB_LO_2484","j","second data call; new data","55782","ENG_062_MZB_LO_2484","STONTON BROOK",52.5247695989,-0.8957502789,2002,2024,23,18
"777","England","James Sinclair","ENG_062_MZB_LO",395.566684132105,"within_100m_to_1000m","ENG_062_MZB_LO_2477__ENG_062_MZB_LO_2485","i","second data call; new data","55747","ENG_062_MZB_LO_2477","ISE",52.2976829427,-0.6711852334,2002,2013,12,8
"778","England","James Sinclair","ENG_062_MZB_LO",395.566684132105,"within_100m_to_1000m","ENG_062_MZB_LO_2477__ENG_062_MZB_LO_2485","j","second data call; new data","55784","ENG_062_MZB_LO_2485","SWANSPOOL BROOK",52.2997348417,-0.6761685191,2002,2016,15,13
"779","England","James Sinclair","ENG_062_MZB_LO",136.669713990525,"within_100m_to_1000m","ENG_062_MZB_LO_2438__ENG_062_MZB_LO_2488","i","second data call; new data","55565","ENG_062_MZB_LO_2438","GLEN",52.7509671631,-0.2946409585,2002,2018,17,16
"780","England","James Sinclair","ENG_062_MZB_LO",136.669713990525,"within_100m_to_1000m","ENG_062_MZB_LO_2438__ENG_062_MZB_LO_2488","j","second data call; new data","55792","ENG_062_MZB_LO_2488","THURLBY MAIN DRAIN",52.7518870211,-0.2960868427,2002,2016,15,15
"781","England","James Sinclair","ENG_062_MZB_LO",875.115498387956,"within_100m_to_1000m","ENG_062_MZB_LO_2505__ENG_062_MZB_LO_2506","i","second data call; new data","55840","ENG_062_MZB_LO_2505","WHAPLODE RIVER",52.8650297002,0.0010095615,2002,2020,19,15
"782","England","James Sinclair","ENG_062_MZB_LO",875.115498387956,"within_100m_to_1000m","ENG_062_MZB_LO_2505__ENG_062_MZB_LO_2506","j","second data call; new data","55841","ENG_062_MZB_LO_2506","WHAPLODE RIVER",52.8730903771,0.0028663592,2002,2016,15,7
"783","England","James Sinclair","ENG_062_MZB_LO",932.642922760258,"within_100m_to_1000m","ENG_062_MZB_LO_2515__ENG_062_MZB_LO_2516","i","second data call; new data","55855","ENG_062_MZB_LO_2515","WILLOW BROOK (NORTH)",52.502188026,-0.696263835,2002,2016,15,12
"784","England","James Sinclair","ENG_062_MZB_LO",932.642922760258,"within_100m_to_1000m","ENG_062_MZB_LO_2515__ENG_062_MZB_LO_2516","j","second data call; new data","55856","ENG_062_MZB_LO_2516","WILLOW BROOK (NORTH)",52.5018778521,-0.6820559132,2002,2016,15,12
"785","England","James Sinclair","ENG_062_MZB_LO",832.24404384644,"within_100m_to_1000m","ENG_062_MZB_LO_2509__ENG_062_MZB_LO_2519","i","second data call; new data","55847","ENG_062_MZB_LO_2509","WILLOW BROOK (CENTRAL STREAM)",52.4968750476,-0.644272471,2002,2013,12,9
"786","England","James Sinclair","ENG_062_MZB_LO",832.24404384644,"within_100m_to_1000m","ENG_062_MZB_LO_2509__ENG_062_MZB_LO_2519","j","second data call; new data","55859","ENG_062_MZB_LO_2519","WILLOW BROOK (SOUTH)",52.4955982659,-0.6317612358,2002,2019,18,16
"787","England","James Sinclair","ENG_062_MZB_LO",846.210922721617,"within_100m_to_1000m","ENG_062_MZB_LO_2530__ENG_062_MZB_LO_2531","i","second data call; new data","55924","ENG_062_MZB_LO_2530","ELMSWELL STREAM",52.238407195,0.8796113825,2003,2018,16,6
"788","England","James Sinclair","ENG_062_MZB_LO",846.210922721617,"within_100m_to_1000m","ENG_062_MZB_LO_2530__ENG_062_MZB_LO_2531","j","second data call; new data","55926","ENG_062_MZB_LO_2531","SAPISTON RIVER",52.2306787332,0.8771630777,2002,2018,17,6
"789","England","James Sinclair","ENG_062_MZB_LO",429.603891392856,"within_100m_to_1000m","ENG_062_MZB_LO_2532__ENG_062_MZB_LO_2533","i","second data call; new data","55929","ENG_062_MZB_LO_2532","STOWLANGTOFT STREAM",52.2794288732,0.8561570638,2003,2024,22,9
"790","England","James Sinclair","ENG_062_MZB_LO",429.603891392856,"within_100m_to_1000m","ENG_062_MZB_LO_2532__ENG_062_MZB_LO_2533","j","second data call; new data","55930","ENG_062_MZB_LO_2533","SAPISTON RIVER",52.2755450828,0.8546171171,2002,2018,17,6
"791","England","James Sinclair","ENG_062_MZB_LO",519.635741234366,"within_100m_to_1000m","ENG_062_MZB_LO_2541__ENG_062_MZB_LO_2542","i","second data call; new data","55946","ENG_062_MZB_LO_2541","LARK",52.2368254347,0.7289702103,2002,2023,22,10
"792","England","James Sinclair","ENG_062_MZB_LO",519.635741234366,"within_100m_to_1000m","ENG_062_MZB_LO_2541__ENG_062_MZB_LO_2542","j","second data call; new data","55949","ENG_062_MZB_LO_2542","LINNET",52.2398628392,0.7228431846,2004,2023,20,8
"793","England","James Sinclair","ENG_062_MZB_LO",851.313891313583,"within_100m_to_1000m","ENG_062_MZB_LO_2542__ENG_062_MZB_LO_2543","i","second data call; new data","55949","ENG_062_MZB_LO_2542","LINNET",52.2398628392,0.7228431846,2004,2023,20,8
"794","England","James Sinclair","ENG_062_MZB_LO",851.313891313583,"within_100m_to_1000m","ENG_062_MZB_LO_2542__ENG_062_MZB_LO_2543","j","second data call; new data","55950","ENG_062_MZB_LO_2543","LARK",52.2477301336,0.7213469129,2002,2023,22,15
"795","England","James Sinclair","ENG_062_MZB_LO",456.735469061212,"within_100m_to_1000m","ENG_062_MZB_LO_2562__ENG_062_MZB_LO_2564","i","second data call; new data","56008","ENG_062_MZB_LO_2562","CUT OFF CHANNEL",52.5664509836,0.3911633989,2002,2015,14,9
"796","England","James Sinclair","ENG_062_MZB_LO",456.735469061212,"within_100m_to_1000m","ENG_062_MZB_LO_2562__ENG_062_MZB_LO_2564","j","second data call; new data","56010","ENG_062_MZB_LO_2564","WISSEY",52.5623821322,0.389156725,2003,2014,12,8
"797","England","James Sinclair","ENG_062_MZB_LO",657.035219324241,"within_100m_to_1000m","ENG_062_MZB_LO_2575__ENG_062_MZB_LO_2577","i","second data call; new data","56053","ENG_062_MZB_LO_2575","CAM",52.0087784854,0.2161422842,2003,2021,19,7
"798","England","James Sinclair","ENG_062_MZB_LO",657.035219324241,"within_100m_to_1000m","ENG_062_MZB_LO_2575__ENG_062_MZB_LO_2577","j","second data call; new data","56055","ENG_062_MZB_LO_2577","WENDON BROOK",52.0031789569,0.2121647386,2002,2023,22,14
"799","England","James Sinclair","ENG_062_MZB_LO",107.24452099559,"within_100m_to_1000m","ENG_062_MZB_LO_2587__ENG_062_MZB_LO_2588","i","second data call; new data","56085","ENG_062_MZB_LO_2587","OLD BEDFORD/RIVER DELPH",52.4501915711,0.1624129094,2002,2017,16,10
"800","England","James Sinclair","ENG_062_MZB_LO",107.24452099559,"within_100m_to_1000m","ENG_062_MZB_LO_2587__ENG_062_MZB_LO_2588","j","second data call; new data","56086","ENG_062_MZB_LO_2588","COUNTER DRAIN",52.4511885012,0.1624764133,2002,2014,13,11
"801","England","James Sinclair","ENG_062_MZB_LO",892.524639132558,"within_100m_to_1000m","ENG_062_MZB_LO_2586__ENG_062_MZB_LO_2589","i","second data call; new data","56083","ENG_062_MZB_LO_2586","GRANTA",52.1420146893,0.1483195156,2002,2023,22,20
"802","England","James Sinclair","ENG_062_MZB_LO",892.524639132558,"within_100m_to_1000m","ENG_062_MZB_LO_2586__ENG_062_MZB_LO_2589","j","second data call; new data","56087","ENG_062_MZB_LO_2589","CAM",52.1345796993,0.1423066697,2003,2019,17,6
"803","England","James Sinclair","ENG_062_MZB_LO",453.374067395887,"within_100m_to_1000m","ENG_062_MZB_LO_2615__ENG_062_MZB_LO_2617","i","second data call; new data","56190","ENG_062_MZB_LO_2615","ALCONBURY BROOK",52.3250304508,-0.2033479184,2002,2019,18,5
"804","England","James Sinclair","ENG_062_MZB_LO",453.374067395887,"within_100m_to_1000m","ENG_062_MZB_LO_2615__ENG_062_MZB_LO_2617","j","second data call; new data","56194","ENG_062_MZB_LO_2617","BRAMPTON BROOK",52.3211417296,-0.2060144814,2004,2019,16,5
"805","England","James Sinclair","ENG_062_MZB_LO",556.949992538694,"within_100m_to_1000m","ENG_062_MZB_LO_2623__ENG_062_MZB_LO_2624","i","second data call; new data","56224","ENG_062_MZB_LO_2623","PIX BROOK",52.0264862792,-0.2642800462,2004,2017,14,5
"806","England","James Sinclair","ENG_062_MZB_LO",556.949992538694,"within_100m_to_1000m","ENG_062_MZB_LO_2623__ENG_062_MZB_LO_2624","j","second data call; new data","56226","ENG_062_MZB_LO_2624","IVEL",52.0314909209,-0.2664626632,2002,2024,23,22
"807","England","James Sinclair","ENG_062_MZB_LO",188.529330411667,"within_100m_to_1000m","ENG_062_MZB_LO_2623__ENG_062_MZB_LO_2625","i","second data call; new data","56224","ENG_062_MZB_LO_2623","PIX BROOK",52.0264862792,-0.2642800462,2004,2017,14,5
"808","England","James Sinclair","ENG_062_MZB_LO",188.529330411667,"within_100m_to_1000m","ENG_062_MZB_LO_2623__ENG_062_MZB_LO_2625","j","second data call; new data","56228","ENG_062_MZB_LO_2625","HIZ",52.0262129085,-0.2670892118,2002,2013,12,8
"809","England","James Sinclair","ENG_062_MZB_LO",568.725821875735,"within_100m_to_1000m","ENG_062_MZB_LO_2624__ENG_062_MZB_LO_2625","i","second data call; new data","56226","ENG_062_MZB_LO_2624","IVEL",52.0314909209,-0.2664626632,2002,2024,23,22
"810","England","James Sinclair","ENG_062_MZB_LO",568.725821875735,"within_100m_to_1000m","ENG_062_MZB_LO_2624__ENG_062_MZB_LO_2625","j","second data call; new data","56228","ENG_062_MZB_LO_2625","HIZ",52.0262129085,-0.2670892118,2002,2013,12,8
"811","England","James Sinclair","ENG_062_MZB_LO",181.073486699292,"within_100m_to_1000m","ENG_062_MZB_LO_2631__ENG_062_MZB_LO_2632","i","second data call; new data","56261","ENG_062_MZB_LO_2631","IVEL",52.1658823248,-0.3043092626,2004,2023,20,8
"812","England","James Sinclair","ENG_062_MZB_LO",181.073486699292,"within_100m_to_1000m","ENG_062_MZB_LO_2631__ENG_062_MZB_LO_2632","j","second data call; new data","56262","ENG_062_MZB_LO_2632","OUSE (ELSTOW)",52.1672365036,-0.3059393586,2003,2023,21,7
"813","England","James Sinclair","ENG_062_MZB_LO",842.940198663901,"within_100m_to_1000m","ENG_062_MZB_LO_2634__ENG_062_MZB_LO_2635","i","second data call; new data","56279","ENG_062_MZB_LO_2634","BARTON BROOK (IVEL)",51.9924907597,-0.3845344105,2002,2013,12,10
"814","England","James Sinclair","ENG_062_MZB_LO",842.940198663901,"within_100m_to_1000m","ENG_062_MZB_LO_2634__ENG_062_MZB_LO_2635","j","second data call; new data","56280","ENG_062_MZB_LO_2635","NEW INN BROOK",51.999953614,-0.3884468951,2003,2022,20,6
"815","England","James Sinclair","ENG_062_MZB_LO",635.452081099843,"within_100m_to_1000m","ENG_062_MZB_LO_2662__ENG_062_MZB_LO_2663","i","second data call; new data","56388","ENG_062_MZB_LO_2662","TEN MILE RIVER",52.5828631585,0.3438583353,2002,2014,13,7
"816","England","James Sinclair","ENG_062_MZB_LO",635.452081099843,"within_100m_to_1000m","ENG_062_MZB_LO_2662__ENG_062_MZB_LO_2663","j","second data call; new data","56390","ENG_062_MZB_LO_2663","COUNTER DRAIN",52.5881550079,0.3395343851,2002,2017,16,12
"817","England","James Sinclair","ENG_062_MZB_LO",719.92576711421,"within_100m_to_1000m","ENG_062_MZB_LO_2700__ENG_062_MZB_LO_2701","i","second data call; new data","63498","ENG_062_MZB_LO_2700","ROEBURN",54.1018261824,-2.6045440942,2004,2018,15,6
"818","England","James Sinclair","ENG_062_MZB_LO",719.92576711421,"within_100m_to_1000m","ENG_062_MZB_LO_2700__ENG_062_MZB_LO_2701","j","second data call; new data","63499","ENG_062_MZB_LO_2701","HINDBURN",54.1022422772,-2.5931877483,2007,2018,12,5
"819","England","James Sinclair","ENG_062_MZB_LO",781.716187843782,"within_100m_to_1000m","ENG_062_MZB_LO_2710__ENG_062_MZB_LO_2711","i","second data call; new data","63684","ENG_062_MZB_LO_2710","ROBBERBY WATER",54.7167328026,-2.6747807165,2003,2017,15,6
"820","England","James Sinclair","ENG_062_MZB_LO",781.716187843782,"within_100m_to_1000m","ENG_062_MZB_LO_2710__ENG_062_MZB_LO_2711","j","second data call; new data","63686","ENG_062_MZB_LO_2711","BRIGGLE BECK",54.7095430843,-2.676461801,2002,2017,16,5
"821","England","James Sinclair","ENG_062_MZB_LO",554.01893132747,"within_100m_to_1000m","ENG_062_MZB_LO_2708__ENG_062_MZB_LO_2728","i","second data call; new data","63641","ENG_062_MZB_LO_2708","EAMONT",54.6516655792,-2.7413999213,2002,2019,18,13
"822","England","James Sinclair","ENG_062_MZB_LO",554.01893132747,"within_100m_to_1000m","ENG_062_MZB_LO_2708__ENG_062_MZB_LO_2728","j","second data call; new data","64165","ENG_062_MZB_LO_2728","LOWTHER",54.6468496355,-2.7382904126,2002,2015,14,9
"823","England","James Sinclair","ENG_062_MZB_LO",587.274577575232,"within_100m_to_1000m","ENG_062_MZB_LO_2698__ENG_062_MZB_LO_2740","i","second data call; new data","63387","ENG_062_MZB_LO_2698","PETTERIL",54.8990049998,-2.9167345011,2002,2019,18,18
"824","England","James Sinclair","ENG_062_MZB_LO",587.274577575232,"within_100m_to_1000m","ENG_062_MZB_LO_2698__ENG_062_MZB_LO_2740","j","second data call; new data","64302","ENG_062_MZB_LO_2740","BRUNSTOCK BECK",54.9043856646,-2.918229185,2002,2016,15,5
"825","England","James Sinclair","ENG_062_MZB_LO",714.345183112736,"within_100m_to_1000m","ENG_062_MZB_LO_2703__ENG_062_MZB_LO_2746","i","second data call; new data","63571","ENG_062_MZB_LO_2703","EDEN (NW NORTH)",54.9007387625,-2.9345046786,2003,2019,17,6
"826","England","James Sinclair","ENG_062_MZB_LO",714.345183112736,"within_100m_to_1000m","ENG_062_MZB_LO_2703__ENG_062_MZB_LO_2746","j","second data call; new data","64469","ENG_062_MZB_LO_2746","CALDEW",54.9010901744,-2.9459903901,2002,2019,18,18
"827","England","James Sinclair","ENG_062_MZB_LO",253.534541127938,"within_100m_to_1000m","ENG_062_MZB_LO_2742__ENG_062_MZB_LO_2750","i","second data call; new data","64314","ENG_062_MZB_LO_2742","COCKER (DERWENT)",54.6610528862,-3.3617687324,2002,2016,15,11
"828","England","James Sinclair","ENG_062_MZB_LO",253.534541127938,"within_100m_to_1000m","ENG_062_MZB_LO_2742__ENG_062_MZB_LO_2750","j","second data call; new data","64525","ENG_062_MZB_LO_2750","TOM RUDD BECK",54.6606935306,-3.3577569829,2003,2016,14,5
"829","England","James Sinclair","ENG_062_MZB_LO",736.534583002197,"within_100m_to_1000m","ENG_062_MZB_LO_2746__ENG_062_MZB_LO_2784","i","second data call; new data","64469","ENG_062_MZB_LO_2746","CALDEW",54.9010901744,-2.9459903901,2002,2019,18,18
"830","England","James Sinclair","ENG_062_MZB_LO",736.534583002197,"within_100m_to_1000m","ENG_062_MZB_LO_2746__ENG_062_MZB_LO_2784","j","second data call; new data","65027","ENG_062_MZB_LO_2784","EDEN (NW NORTH)",54.9036551121,-2.9569829996,2002,2017,16,10
"831","England","James Sinclair","ENG_062_MZB_LO",835.130010965627,"within_100m_to_1000m","ENG_062_MZB_LO_2777__ENG_062_MZB_LO_2803","i","second data call; new data","64954","ENG_062_MZB_LO_2777","COCKER (DERWENT)",54.6185797999,-3.3153619706,2002,2023,22,14
"832","England","James Sinclair","ENG_062_MZB_LO",835.130010965627,"within_100m_to_1000m","ENG_062_MZB_LO_2777__ENG_062_MZB_LO_2803","j","second data call; new data","65226","ENG_062_MZB_LO_2803","WHIT BECK (DERWENT)",54.6123937705,-3.3073118551,2002,2017,16,7
"833","England","James Sinclair","ENG_062_MZB_LO",330.256389738062,"within_100m_to_1000m","ENG_062_MZB_LO_2823__ENG_062_MZB_LO_2828","i","second data call; new data","65422","ENG_062_MZB_LO_2823","RIDGY POOL",53.9221627501,-2.8987621394,2003,2015,13,5
"834","England","James Sinclair","ENG_062_MZB_LO",330.256389738062,"within_100m_to_1000m","ENG_062_MZB_LO_2823__ENG_062_MZB_LO_2828","j","second data call; new data","65481","ENG_062_MZB_LO_2828","PILLING WATER",53.9234026425,-2.8940072435,2002,2024,23,8
"835","England","James Sinclair","ENG_062_MZB_LO",631.031845518024,"within_100m_to_1000m","ENG_062_MZB_LO_2732__ENG_062_MZB_LO_2833","i","second data call; new data","64223","ENG_062_MZB_LO_2732","CAIRN BECK",54.90358658,-2.8175272172,2002,2016,15,5
"836","England","James Sinclair","ENG_062_MZB_LO",631.031845518024,"within_100m_to_1000m","ENG_062_MZB_LO_2732__ENG_062_MZB_LO_2833","j","second data call; new data","65507","ENG_062_MZB_LO_2833","EDEN (NW NORTH)",54.9008924781,-2.8265484921,2002,2019,18,18
"837","England","James Sinclair","ENG_062_MZB_LO",847.651671856414,"within_100m_to_1000m","ENG_062_MZB_LO_2719__ENG_062_MZB_LO_2883","i","second data call; new data","64031","ENG_062_MZB_LO_2719","KENT",54.3506805412,-2.7584296131,2003,2016,14,6
"838","England","James Sinclair","ENG_062_MZB_LO",847.651671856414,"within_100m_to_1000m","ENG_062_MZB_LO_2719__ENG_062_MZB_LO_2883","j","second data call; new data","66614","ENG_062_MZB_LO_2883","SPRINT",54.3569772513,-2.7503441769,2002,2016,15,8
"839","England","James Sinclair","ENG_062_MZB_LO",968.52969859863,"within_100m_to_1000m","ENG_062_MZB_LO_2780__ENG_062_MZB_LO_2909","i","second data call; new data","64961","ENG_062_MZB_LO_2780","ESK (BORDER ESK)",54.9872053622,-2.9970083762,2002,2013,12,7
"840","England","James Sinclair","ENG_062_MZB_LO",968.52969859863,"within_100m_to_1000m","ENG_062_MZB_LO_2780__ENG_062_MZB_LO_2909","j","second data call; new data","67215","ENG_062_MZB_LO_2909","LYNE",54.9782206118,-2.9967857203,2002,2017,16,7
"841","England","James Sinclair","ENG_062_MZB_LO",898.200023861172,"within_100m_to_1000m","ENG_062_MZB_LO_2877__ENG_062_MZB_LO_2911","i","second data call; new data","66392","ENG_062_MZB_LO_2877","OLD RIVER BROCK",53.8521881452,-2.7797677066,2002,2014,13,5
"842","England","James Sinclair","ENG_062_MZB_LO",898.200023861172,"within_100m_to_1000m","ENG_062_MZB_LO_2877__ENG_062_MZB_LO_2911","j","second data call; new data","67229","ENG_062_MZB_LO_2911","NEW DRAUGHT",53.854868762,-2.7931349718,2002,2021,20,17
"843","England","James Sinclair","ENG_062_MZB_LO",959.219069338131,"within_100m_to_1000m","ENG_062_MZB_LO_2872__ENG_062_MZB_LO_2917","i","second data call; new data","66178","ENG_062_MZB_LO_2872","GRIZEDALE",53.9909139753,-2.6632402683,2003,2014,12,10
"844","England","James Sinclair","ENG_062_MZB_LO",959.219069338131,"within_100m_to_1000m","ENG_062_MZB_LO_2872__ENG_062_MZB_LO_2917","j","second data call; new data","67332","ENG_062_MZB_LO_2917","MARSHAW WYRE",53.9820856717,-2.6652956758,2003,2024,22,16
"845","England","James Sinclair","ENG_062_MZB_LO",844.668177276783,"within_100m_to_1000m","ENG_062_MZB_LO_2872__ENG_062_MZB_LO_2918","i","second data call; new data","66178","ENG_062_MZB_LO_2872","GRIZEDALE",53.9909139753,-2.6632402683,2003,2014,12,10
"846","England","James Sinclair","ENG_062_MZB_LO",844.668177276783,"within_100m_to_1000m","ENG_062_MZB_LO_2872__ENG_062_MZB_LO_2918","j","second data call; new data","67333","ENG_062_MZB_LO_2918","TARNBROOK WYRE",53.9834407034,-2.6672996516,2006,2021,16,7
"847","England","James Sinclair","ENG_062_MZB_LO",193.495433331628,"within_100m_to_1000m","ENG_062_MZB_LO_2917__ENG_062_MZB_LO_2918","i","second data call; new data","67332","ENG_062_MZB_LO_2917","MARSHAW WYRE",53.9820856717,-2.6652956758,2003,2024,22,16
"848","England","James Sinclair","ENG_062_MZB_LO",193.495433331628,"within_100m_to_1000m","ENG_062_MZB_LO_2917__ENG_062_MZB_LO_2918","j","second data call; new data","67333","ENG_062_MZB_LO_2918","TARNBROOK WYRE",53.9834407034,-2.6672996516,2006,2021,16,7
"849","England","James Sinclair","ENG_062_MZB_LO",930.009490690754,"within_100m_to_1000m","ENG_062_MZB_LO_2837__ENG_062_MZB_LO_2921","i","second data call; new data","65530","ENG_062_MZB_LO_2837","BIRKIN BK",53.3114834787,-2.3488051665,2004,2017,14,6
"850","England","James Sinclair","ENG_062_MZB_LO",930.009490690754,"within_100m_to_1000m","ENG_062_MZB_LO_2837__ENG_062_MZB_LO_2921","j","second data call; new data","67365","ENG_062_MZB_LO_2921","MARTHALL BK",53.304333886,-2.3406885942,2002,2013,12,5
"851","England","James Sinclair","ENG_062_MZB_LO",914.232856582309,"within_100m_to_1000m","ENG_062_MZB_LO_2837__ENG_062_MZB_LO_2922","i","second data call; new data","65530","ENG_062_MZB_LO_2837","BIRKIN BK",53.3114834787,-2.3488051665,2004,2017,14,6
"852","England","James Sinclair","ENG_062_MZB_LO",914.232856582309,"within_100m_to_1000m","ENG_062_MZB_LO_2837__ENG_062_MZB_LO_2922","j","second data call; new data","67366","ENG_062_MZB_LO_2922","PEDLEY BK",53.3044865201,-2.3407498343,2003,2013,11,5
"853","England","James Sinclair","ENG_062_MZB_LO",760.111938495349,"within_100m_to_1000m","ENG_062_MZB_LO_2861__ENG_062_MZB_LO_2939","i","second data call; new data","65904","ENG_062_MZB_LO_2861","ETHEROW",53.4693179941,-1.9705232563,2002,2021,20,20
"854","England","James Sinclair","ENG_062_MZB_LO",760.111938495349,"within_100m_to_1000m","ENG_062_MZB_LO_2861__ENG_062_MZB_LO_2939","j","second data call; new data","67595","ENG_062_MZB_LO_2939","ETHEROW",53.4654549688,-1.9804372195,2002,2023,22,18
"855","England","James Sinclair","ENG_062_MZB_LO",881.261768625751,"within_100m_to_1000m","ENG_062_MZB_LO_2955__ENG_062_MZB_LO_2965","i","second data call; new data","67789","ENG_062_MZB_LO_2955","SETT",53.3700966224,-1.9988326545,2002,2014,13,8
"856","England","James Sinclair","ENG_062_MZB_LO",881.261768625751,"within_100m_to_1000m","ENG_062_MZB_LO_2955__ENG_062_MZB_LO_2965","j","second data call; new data","67852","ENG_062_MZB_LO_2965","GOYT",53.3619259263,-1.9978411901,2002,2019,18,17
"857","England","James Sinclair","ENG_062_MZB_LO",363.798699321699,"within_100m_to_1000m","ENG_062_MZB_LO_2927__ENG_062_MZB_LO_2966","i","second data call; new data","67429","ENG_062_MZB_LO_2927","TAME (NORTH WEST)",53.5380467876,-2.0124979433,2003,2024,22,7
"858","England","James Sinclair","ENG_062_MZB_LO",363.798699321699,"within_100m_to_1000m","ENG_062_MZB_LO_2927__ENG_062_MZB_LO_2966","j","second data call; new data","67857","ENG_062_MZB_LO_2966","CHEW BK",53.5349910485,-2.0100679211,2002,2014,13,10
"859","England","James Sinclair","ENG_062_MZB_LO",531.085196149152,"within_100m_to_1000m","ENG_062_MZB_LO_2954__ENG_062_MZB_LO_2968","i","second data call; new data","67788","ENG_062_MZB_LO_2954","TAME (NORTH WEST)",53.4185206406,-2.1516863846,2002,2017,16,9
"860","England","James Sinclair","ENG_062_MZB_LO",531.085196149152,"within_100m_to_1000m","ENG_062_MZB_LO_2954__ENG_062_MZB_LO_2968","j","second data call; new data","67864","ENG_062_MZB_LO_2968","GOYT",53.4142368542,-2.1557934238,2002,2014,13,8
"861","England","James Sinclair","ENG_062_MZB_LO",925.532122805861,"within_100m_to_1000m","ENG_062_MZB_LO_2787__ENG_062_MZB_LO_2972","i","second data call; new data","65058","ENG_062_MZB_LO_2787","WYRE",53.9196668266,-2.7704119367,2002,2019,18,16
"862","England","James Sinclair","ENG_062_MZB_LO",925.532122805861,"within_100m_to_1000m","ENG_062_MZB_LO_2787__ENG_062_MZB_LO_2972","j","second data call; new data","67886","ENG_062_MZB_LO_2972","GRIZEDALE BROOK",53.9119422553,-2.7640131117,2002,2019,18,18
"863","England","James Sinclair","ENG_062_MZB_LO",363.383642695988,"within_100m_to_1000m","ENG_062_MZB_LO_2951__ENG_062_MZB_LO_2978","i","second data call; new data","67770","ENG_062_MZB_LO_2951","BOLLIN",53.3369819781,-2.2452420011,2004,2021,18,6
"864","England","James Sinclair","ENG_062_MZB_LO",363.383642695988,"within_100m_to_1000m","ENG_062_MZB_LO_2951__ENG_062_MZB_LO_2978","j","second data call; new data","67973","ENG_062_MZB_LO_2978","DEAN",53.3375326668,-2.2396735859,2002,2018,17,7
"865","England","James Sinclair","ENG_062_MZB_LO",675.173153307595,"within_100m_to_1000m","ENG_062_MZB_LO_2982__ENG_062_MZB_LO_2983","i","second data call; new data","68002","ENG_062_MZB_LO_2982","LANGDEN BROOK",53.9396924086,-2.5212460408,2003,2019,17,14
"866","England","James Sinclair","ENG_062_MZB_LO",675.173153307595,"within_100m_to_1000m","ENG_062_MZB_LO_2982__ENG_062_MZB_LO_2983","j","second data call; new data","68004","ENG_062_MZB_LO_2983","DUNSOP",53.9456653656,-2.5179992545,2002,2019,18,15
"867","England","James Sinclair","ENG_062_MZB_LO",460.842925811625,"within_100m_to_1000m","ENG_062_MZB_LO_2926__ENG_062_MZB_LO_2987","i","second data call; new data","67426","ENG_062_MZB_LO_2926","NADEN BK",53.6073005139,-2.2225185479,2002,2021,20,6
"868","England","James Sinclair","ENG_062_MZB_LO",460.842925811625,"within_100m_to_1000m","ENG_062_MZB_LO_2926__ENG_062_MZB_LO_2987","j","second data call; new data","68037","ENG_062_MZB_LO_2987","NADEN BK",53.6039215824,-2.2269436834,2003,2019,17,16
"869","England","James Sinclair","ENG_062_MZB_LO",730.709367073355,"within_100m_to_1000m","ENG_062_MZB_LO_2990__ENG_062_MZB_LO_2991","i","second data call; new data","68051","ENG_062_MZB_LO_2990","MIDDLE BK",53.5671905518,-2.4054142295,2002,2024,23,5
"870","England","James Sinclair","ENG_062_MZB_LO",730.709367073355,"within_100m_to_1000m","ENG_062_MZB_LO_2990__ENG_062_MZB_LO_2991","j","second data call; new data","68052","ENG_062_MZB_LO_2991","BRADSHAW BK (CROAL)",53.5739448673,-2.4042254726,2002,2024,23,23
"871","England","James Sinclair","ENG_062_MZB_LO",163.426606175245,"within_100m_to_1000m","ENG_062_MZB_LO_2771__ENG_062_MZB_LO_2993","i","second data call; new data","64885","ENG_062_MZB_LO_2771","ALT",53.5430426275,-3.0470237869,2003,2017,15,7
"872","England","James Sinclair","ENG_062_MZB_LO",163.426606175245,"within_100m_to_1000m","ENG_062_MZB_LO_2771__ENG_062_MZB_LO_2993","j","second data call; new data","68076","ENG_062_MZB_LO_2993","DOWNHOLLAND BROOK",53.5441278989,-3.045239576,2002,2016,15,6
"873","England","James Sinclair","ENG_062_MZB_LO",155.331950857759,"within_100m_to_1000m","ENG_062_MZB_LO_2773__ENG_062_MZB_LO_2999","i","second data call; new data","64905","ENG_062_MZB_LO_2773","SHAW BK",53.4833132424,-2.459346102,2002,2017,16,11
"874","England","James Sinclair","ENG_062_MZB_LO",155.331950857759,"within_100m_to_1000m","ENG_062_MZB_LO_2773__ENG_062_MZB_LO_2999","j","second data call; new data","68138","ENG_062_MZB_LO_2999","ASTLEY BK (GLAZE)",53.4846490223,-2.4602647433,2004,2021,18,6
"875","England","James Sinclair","ENG_062_MZB_LO",108.495516438713,"within_100m_to_1000m","ENG_062_MZB_LO_2844__ENG_062_MZB_LO_3004","i","second data call; new data","65605","ENG_062_MZB_LO_2844","WHITENDALE RIVER",53.9749423173,-2.5294465745,2002,2017,16,13
"876","England","James Sinclair","ENG_062_MZB_LO",108.495516438713,"within_100m_to_1000m","ENG_062_MZB_LO_2844__ENG_062_MZB_LO_3004","j","second data call; new data","68289","ENG_062_MZB_LO_3004","BRENNAND RIVER",53.9747910389,-2.5311369676,2002,2017,16,14
"877","England","James Sinclair","ENG_062_MZB_LO",215.44275091159,"within_100m_to_1000m","ENG_062_MZB_LO_2839__ENG_062_MZB_LO_3010","i","second data call; new data","65543","ENG_062_MZB_LO_2839","MOSS BK",53.480540866,-2.4896488142,2004,2021,18,6
"878","England","James Sinclair","ENG_062_MZB_LO",215.44275091159,"within_100m_to_1000m","ENG_062_MZB_LO_2839__ENG_062_MZB_LO_3010","j","second data call; new data","68338","ENG_062_MZB_LO_3010","BEDFORD BK",53.4818246256,-2.4922253177,2002,2016,15,8
"879","England","James Sinclair","ENG_062_MZB_LO",843.350596608053,"within_100m_to_1000m","ENG_062_MZB_LO_2721__ENG_062_MZB_LO_3011","i","second data call; new data","64098","ENG_062_MZB_LO_2721","PENNINGTON BK",53.4884288017,-2.520334325,2002,2016,15,8
"880","England","James Sinclair","ENG_062_MZB_LO",843.350596608053,"within_100m_to_1000m","ENG_062_MZB_LO_2721__ENG_062_MZB_LO_3011","j","second data call; new data","68341","ENG_062_MZB_LO_3011","WESTLEIGH BK",53.4882449001,-2.533474153,2002,2014,13,7
"881","England","James Sinclair","ENG_062_MZB_LO",320.180244161958,"within_100m_to_1000m","ENG_062_MZB_LO_2845__ENG_062_MZB_LO_3014","i","second data call; new data","65615","ENG_062_MZB_LO_2845","SALTERS BK",53.2232027125,-2.7852195085,2004,2021,18,5
"882","England","James Sinclair","ENG_062_MZB_LO",320.180244161958,"within_100m_to_1000m","ENG_062_MZB_LO_2845__ENG_062_MZB_LO_3014","j","second data call; new data","68360","ENG_062_MZB_LO_3014","ASHTON BK",53.2254089419,-2.7818894861,2002,2021,20,6
"883","England","James Sinclair","ENG_062_MZB_LO",428.241921266112,"within_100m_to_1000m","ENG_062_MZB_LO_3012__ENG_062_MZB_LO_3016","i","second data call; new data","68351","ENG_062_MZB_LO_3012","CROCO",53.1975341102,-2.4476011139,2002,2018,17,6
"884","England","James Sinclair","ENG_062_MZB_LO",428.241921266112,"within_100m_to_1000m","ENG_062_MZB_LO_3012__ENG_062_MZB_LO_3016","j","second data call; new data","68401","ENG_062_MZB_LO_3016","DANE",53.2011579694,-2.444854405,2002,2018,17,9
"885","England","James Sinclair","ENG_062_MZB_LO",243.155306317958,"within_100m_to_1000m","ENG_062_MZB_LO_2957__ENG_062_MZB_LO_3039","i","second data call; new data","67795","ENG_062_MZB_LO_2957","MOSTON BK",53.4956227292,-2.2259269967,2003,2013,11,5
"886","England","James Sinclair","ENG_062_MZB_LO",243.155306317958,"within_100m_to_1000m","ENG_062_MZB_LO_2957__ENG_062_MZB_LO_3039","j","second data call; new data","68914","ENG_062_MZB_LO_3039","IRK",53.4942955708,-2.2289948107,2002,2014,13,8
"887","England","James Sinclair","ENG_062_MZB_LO",487.535653153442,"within_100m_to_1000m","ENG_062_MZB_LO_2924__ENG_062_MZB_LO_3048","i","second data call; new data","67392","ENG_062_MZB_LO_2924","QUARLTON BK",53.6368142227,-2.3974159856,2004,2017,14,6
"888","England","James Sinclair","ENG_062_MZB_LO",487.535653153442,"within_100m_to_1000m","ENG_062_MZB_LO_2924__ENG_062_MZB_LO_3048","j","second data call; new data","69134","ENG_062_MZB_LO_3048","BRADSHAW BK (CROAL)",53.6322837821,-2.3975246271,2004,2023,20,14
"889","England","James Sinclair","ENG_062_MZB_LO",270.14659045179,"within_100m_to_1000m","ENG_062_MZB_LO_2731__ENG_062_MZB_LO_3053","i","second data call; new data","64211","ENG_062_MZB_LO_2731","IRWELL",53.7121188428,-2.2026956685,2002,2019,18,8
"890","England","James Sinclair","ENG_062_MZB_LO",270.14659045179,"within_100m_to_1000m","ENG_062_MZB_LO_2731__ENG_062_MZB_LO_3053","j","second data call; new data","69300","ENG_062_MZB_LO_3053","IRWELL",53.7144404473,-2.2010856487,2002,2019,18,8
"891","England","James Sinclair","ENG_062_MZB_LO",783.625209956252,"within_100m_to_1000m","ENG_062_MZB_LO_3012__ENG_062_MZB_LO_3055","i","second data call; new data","68351","ENG_062_MZB_LO_3012","CROCO",53.1975341102,-2.4476011139,2002,2018,17,6
"892","England","James Sinclair","ENG_062_MZB_LO",783.625209956252,"within_100m_to_1000m","ENG_062_MZB_LO_3012__ENG_062_MZB_LO_3055","j","second data call; new data","69386","ENG_062_MZB_LO_3055","WHEELOCK",53.1962121437,-2.4595321363,2002,2013,12,7
"893","England","James Sinclair","ENG_062_MZB_LO",774.661329643504,"within_100m_to_1000m","ENG_062_MZB_LO_3036__ENG_062_MZB_LO_3056","i","second data call; new data","68867","ENG_062_MZB_LO_3036","IRWELL",53.5682995473,-2.3043189175,2002,2013,12,7
"894","England","James Sinclair","ENG_062_MZB_LO",774.661329643504,"within_100m_to_1000m","ENG_062_MZB_LO_3036__ENG_062_MZB_LO_3056","j","second data call; new data","69398","ENG_062_MZB_LO_3056","ROCH",53.5647306262,-2.2938149918,2002,2018,17,9
"895","England","James Sinclair","ENG_062_MZB_LO",993.916299262706,"within_100m_to_1000m","ENG_062_MZB_LO_2890__ENG_062_MZB_LO_3057","i","second data call; new data","66742","ENG_062_MZB_LO_2890","BOLLIN",53.2549447178,-2.1214868937,2003,2014,12,5
"896","England","James Sinclair","ENG_062_MZB_LO",993.916299262706,"within_100m_to_1000m","ENG_062_MZB_LO_2890__ENG_062_MZB_LO_3057","j","second data call; new data","69403","ENG_062_MZB_LO_3057","BOLLIN",53.2457043363,-2.1215356138,2002,2024,23,16
"897","England","James Sinclair","ENG_062_MZB_LO",898.515984968812,"within_100m_to_1000m","ENG_062_MZB_LO_2949__ENG_062_MZB_LO_3057","i","second data call; new data","67753","ENG_062_MZB_LO_2949","ROSSENDALE BK",53.2412304548,-2.1097753584,2002,2023,22,9
"898","England","James Sinclair","ENG_062_MZB_LO",898.515984968812,"within_100m_to_1000m","ENG_062_MZB_LO_2949__ENG_062_MZB_LO_3057","j","second data call; new data","69403","ENG_062_MZB_LO_3057","BOLLIN",53.2457043363,-2.1215356138,2002,2024,23,16
"899","England","James Sinclair","ENG_062_MZB_LO",916.933235947445,"within_100m_to_1000m","ENG_062_MZB_LO_2995__ENG_062_MZB_LO_3057","i","second data call; new data","68108","ENG_062_MZB_LO_2995","BOLLIN",53.2411947777,-2.1094755835,2002,2022,21,18
"900","England","James Sinclair","ENG_062_MZB_LO",916.933235947445,"within_100m_to_1000m","ENG_062_MZB_LO_2995__ENG_062_MZB_LO_3057","j","second data call; new data","69403","ENG_062_MZB_LO_3057","BOLLIN",53.2457043363,-2.1215356138,2002,2024,23,16
"901","England","James Sinclair","ENG_062_MZB_LO",812.721691520284,"within_100m_to_1000m","ENG_062_MZB_LO_3020__ENG_062_MZB_LO_3059","i","second data call; new data","68458","ENG_062_MZB_LO_3020","DOUGLAS",53.6020899565,-2.5596308037,2012,2023,12,11
"902","England","James Sinclair","ENG_062_MZB_LO",812.721691520284,"within_100m_to_1000m","ENG_062_MZB_LO_3020__ENG_062_MZB_LO_3059","j","second data call; new data","69430","ENG_062_MZB_LO_3059","DOUGLAS",53.6078002961,-2.5513181096,2002,2023,22,15
"903","England","James Sinclair","ENG_062_MZB_LO",813.334905958788,"within_100m_to_1000m","ENG_062_MZB_LO_2988__ENG_062_MZB_LO_3060","i","second data call; new data","68038","ENG_062_MZB_LO_2988","SPODDEN",53.6162048995,-2.1695976836,2003,2013,11,6
"904","England","James Sinclair","ENG_062_MZB_LO",813.334905958788,"within_100m_to_1000m","ENG_062_MZB_LO_2988__ENG_062_MZB_LO_3060","j","second data call; new data","69443","ENG_062_MZB_LO_3060","ROCH",53.6111038504,-2.17897851,2002,2018,17,9
"905","England","James Sinclair","ENG_062_MZB_LO",838.182133939395,"within_100m_to_1000m","ENG_062_MZB_LO_2911__ENG_062_MZB_LO_3061","i","second data call; new data","67229","ENG_062_MZB_LO_2911","NEW DRAUGHT",53.854868762,-2.7931349718,2002,2021,20,17
"906","England","James Sinclair","ENG_062_MZB_LO",838.182133939395,"within_100m_to_1000m","ENG_062_MZB_LO_2911__ENG_062_MZB_LO_3061","j","second data call; new data","69444","ENG_062_MZB_LO_3061","BROCK",53.8626322331,-2.7920958374,2003,2021,19,7
"907","England","James Sinclair","ENG_062_MZB_LO",728.212937520567,"within_100m_to_1000m","ENG_062_MZB_LO_2901__ENG_062_MZB_LO_3064","i","second data call; new data","66935","ENG_062_MZB_LO_2901","WEAVER",53.2510165068,-2.5188711148,2002,2016,15,8
"908","England","James Sinclair","ENG_062_MZB_LO",728.212937520567,"within_100m_to_1000m","ENG_062_MZB_LO_2901__ENG_062_MZB_LO_3064","j","second data call; new data","69626","ENG_062_MZB_LO_3064","DANE",53.2560559498,-2.5113326258,2002,2021,20,9
"909","England","James Sinclair","ENG_062_MZB_LO",270.43663197446,"within_100m_to_1000m","ENG_062_MZB_LO_2856__ENG_062_MZB_LO_3067","i","second data call; new data","65793","ENG_062_MZB_LO_2856","CHURCH BECK",54.3684746208,-3.0753881582,2002,2018,17,10
"910","England","James Sinclair","ENG_062_MZB_LO",270.43663197446,"within_100m_to_1000m","ENG_062_MZB_LO_2856__ENG_062_MZB_LO_3067","j","second data call; new data","69669","ENG_062_MZB_LO_3067","YEWDALE BECK",54.3691585272,-3.0712500656,2002,2018,17,9
"911","England","James Sinclair","ENG_062_MZB_LO",884.863208871414,"within_100m_to_1000m","ENG_062_MZB_LO_1335__ENG_062_MZB_LO_3073","i","second data call; new data","43197","ENG_062_MZB_LO_1335","LITTLE STOUR (SO)",51.2785256183,1.1729572247,2002,2018,17,15
"912","England","James Sinclair","ENG_062_MZB_LO",884.863208871414,"within_100m_to_1000m","ENG_062_MZB_LO_1335__ENG_062_MZB_LO_3073","j","second data call; new data","70601","ENG_062_MZB_LO_3073","LITTLE STOUR (SO)",51.2714099359,1.1663438651,2002,2021,20,20
"913","England","James Sinclair","ENG_062_MZB_LO",697.454448579484,"within_100m_to_1000m","ENG_062_MZB_LO_1335__ENG_062_MZB_LO_3074","i","second data call; new data","43197","ENG_062_MZB_LO_1335","LITTLE STOUR (SO)",51.2785256183,1.1729572247,2002,2018,17,15
"914","England","James Sinclair","ENG_062_MZB_LO",697.454448579484,"within_100m_to_1000m","ENG_062_MZB_LO_1335__ENG_062_MZB_LO_3074","j","second data call; new data","70602","ENG_062_MZB_LO_3074","LITTLE STOUR (SO)",51.2727238607,1.1683127388,2002,2011,10,10
"915","England","James Sinclair","ENG_062_MZB_LO",193.725632683331,"within_100m_to_1000m","ENG_062_MZB_LO_3073__ENG_062_MZB_LO_3074","i","second data call; new data","70601","ENG_062_MZB_LO_3073","LITTLE STOUR (SO)",51.2714099359,1.1663438651,2002,2021,20,20
"916","England","James Sinclair","ENG_062_MZB_LO",193.725632683331,"within_100m_to_1000m","ENG_062_MZB_LO_3073__ENG_062_MZB_LO_3074","j","second data call; new data","70602","ENG_062_MZB_LO_3074","LITTLE STOUR (SO)",51.2727238607,1.1683127388,2002,2011,10,10
"917","England","James Sinclair","ENG_062_MZB_LO",384.647118365042,"within_100m_to_1000m","ENG_062_MZB_LO_1335__ENG_062_MZB_LO_3075","i","second data call; new data","43197","ENG_062_MZB_LO_1335","LITTLE STOUR (SO)",51.2785256183,1.1729572247,2002,2018,17,15
"918","England","James Sinclair","ENG_062_MZB_LO",384.647118365042,"within_100m_to_1000m","ENG_062_MZB_LO_1335__ENG_062_MZB_LO_3075","j","second data call; new data","70603","ENG_062_MZB_LO_3075","LITTLE STOUR (SO)",51.2755151354,1.1698672321,2002,2011,10,9
"919","England","James Sinclair","ENG_062_MZB_LO",500.879224891609,"within_100m_to_1000m","ENG_062_MZB_LO_3073__ENG_062_MZB_LO_3075","i","second data call; new data","70601","ENG_062_MZB_LO_3073","LITTLE STOUR (SO)",51.2714099359,1.1663438651,2002,2021,20,20
"920","England","James Sinclair","ENG_062_MZB_LO",500.879224891609,"within_100m_to_1000m","ENG_062_MZB_LO_3073__ENG_062_MZB_LO_3075","j","second data call; new data","70603","ENG_062_MZB_LO_3075","LITTLE STOUR (SO)",51.2755151354,1.1698672321,2002,2011,10,9
"921","England","James Sinclair","ENG_062_MZB_LO",317.641592489989,"within_100m_to_1000m","ENG_062_MZB_LO_3074__ENG_062_MZB_LO_3075","i","second data call; new data","70602","ENG_062_MZB_LO_3074","LITTLE STOUR (SO)",51.2727238607,1.1683127388,2002,2011,10,10
"922","England","James Sinclair","ENG_062_MZB_LO",317.641592489989,"within_100m_to_1000m","ENG_062_MZB_LO_3074__ENG_062_MZB_LO_3075","j","second data call; new data","70603","ENG_062_MZB_LO_3075","LITTLE STOUR (SO)",51.2755151354,1.1698672321,2002,2011,10,9
"923","England","James Sinclair","ENG_062_MZB_LO",325.792145127594,"within_100m_to_1000m","ENG_062_MZB_LO_1335__ENG_062_MZB_LO_3076","i","second data call; new data","43197","ENG_062_MZB_LO_1335","LITTLE STOUR (SO)",51.2785256183,1.1729572247,2002,2018,17,15
"924","England","James Sinclair","ENG_062_MZB_LO",325.792145127594,"within_100m_to_1000m","ENG_062_MZB_LO_1335__ENG_062_MZB_LO_3076","j","second data call; new data","70621","ENG_062_MZB_LO_3076","LITTLE STOUR (SO)",51.2806445118,1.1764163575,2002,2014,13,13
"925","England","James Sinclair","ENG_062_MZB_LO",705.972733257065,"within_100m_to_1000m","ENG_062_MZB_LO_3075__ENG_062_MZB_LO_3076","i","second data call; new data","70603","ENG_062_MZB_LO_3075","LITTLE STOUR (SO)",51.2755151354,1.1698672321,2002,2011,10,9
"926","England","James Sinclair","ENG_062_MZB_LO",705.972733257065,"within_100m_to_1000m","ENG_062_MZB_LO_3075__ENG_062_MZB_LO_3076","j","second data call; new data","70621","ENG_062_MZB_LO_3076","LITTLE STOUR (SO)",51.2806445118,1.1764163575,2002,2014,13,13
"927","England","James Sinclair","ENG_062_MZB_LO",903.350730599647,"within_100m_to_1000m","ENG_062_MZB_LO_1335__ENG_062_MZB_LO_3077","i","second data call; new data","43197","ENG_062_MZB_LO_1335","LITTLE STOUR (SO)",51.2785256183,1.1729572247,2002,2018,17,15
"928","England","James Sinclair","ENG_062_MZB_LO",903.350730599647,"within_100m_to_1000m","ENG_062_MZB_LO_1335__ENG_062_MZB_LO_3077","j","second data call; new data","70641","ENG_062_MZB_LO_3077","LITTLE STOUR (SO)",51.2839314939,1.1832267889,2002,2023,22,19
"929","England","James Sinclair","ENG_062_MZB_LO",578.999981400925,"within_100m_to_1000m","ENG_062_MZB_LO_3076__ENG_062_MZB_LO_3077","i","second data call; new data","70621","ENG_062_MZB_LO_3076","LITTLE STOUR (SO)",51.2806445118,1.1764163575,2002,2014,13,13
"930","England","James Sinclair","ENG_062_MZB_LO",578.999981400925,"within_100m_to_1000m","ENG_062_MZB_LO_3076__ENG_062_MZB_LO_3077","j","second data call; new data","70641","ENG_062_MZB_LO_3077","LITTLE STOUR (SO)",51.2839314939,1.1832267889,2002,2023,22,19
"931","England","James Sinclair","ENG_062_MZB_LO",839.96365238544,"within_100m_to_1000m","ENG_062_MZB_LO_3077__ENG_062_MZB_LO_3078","i","second data call; new data","70641","ENG_062_MZB_LO_3077","LITTLE STOUR (SO)",51.2839314939,1.1832267889,2002,2023,22,19
"932","England","James Sinclair","ENG_062_MZB_LO",839.96365238544,"within_100m_to_1000m","ENG_062_MZB_LO_3077__ENG_062_MZB_LO_3078","j","second data call; new data","70642","ENG_062_MZB_LO_3078","LITTLE STOUR (SO)",51.2857691112,1.1953453397,2002,2021,20,20
"933","England","James Sinclair","ENG_062_MZB_LO",973.738812494362,"within_100m_to_1000m","ENG_062_MZB_LO_1481__ENG_062_MZB_LO_3080","i","second data call; new data","46585","ENG_062_MZB_LO_1481","PAGHAM RIFE",50.7786318425,-0.7561824403,2002,2022,21,11
"934","England","James Sinclair","ENG_062_MZB_LO",973.738812494362,"within_100m_to_1000m","ENG_062_MZB_LO_1481__ENG_062_MZB_LO_3080","j","second data call; new data","72561","ENG_062_MZB_LO_3080","PAGHAM RIFE",50.7863672042,-0.7487278925,2002,2011,10,6
"935","England","James Sinclair","ENG_062_MZB_LO",731.884112805792,"within_100m_to_1000m","ENG_062_MZB_LO_3083__ENG_062_MZB_LO_365","i","second data call; new data","1777","ENG_062_MZB_LO_365","SOUTH TYNE",54.9882277642,-2.141315187,2004,2024,21,15
"936","England","James Sinclair","ENG_062_MZB_LO",731.884112805792,"within_100m_to_1000m","ENG_062_MZB_LO_3083__ENG_062_MZB_LO_365","j","second data call; new data","73072","ENG_062_MZB_LO_3083","NORTH TYNE",54.9894269315,-2.1296921308,2002,2024,23,14
"937","England","James Sinclair","ENG_062_MZB_LO",990.763247528682,"within_100m_to_1000m","ENG_062_MZB_LO_3086__ENG_062_MZB_LO_390","i","second data call; new data","1831","ENG_062_MZB_LO_390","WEAR",54.7343933441,-1.5896331991,2004,2023,20,7
"938","England","James Sinclair","ENG_062_MZB_LO",990.763247528682,"within_100m_to_1000m","ENG_062_MZB_LO_3086__ENG_062_MZB_LO_390","j","second data call; new data","73341","ENG_062_MZB_LO_3086","BROWNEY",54.7417403271,-1.5991893851,2002,2014,13,5
"939","England","James Sinclair","ENG_062_MZB_LO",446.368886563674,"within_100m_to_1000m","ENG_062_MZB_LO_3088__ENG_062_MZB_LO_394","i","second data call; new data","1841","ENG_062_MZB_LO_394","CONG BURN",54.8581105589,-1.566526299,2002,2014,13,5
"940","England","James Sinclair","ENG_062_MZB_LO",446.368886563674,"within_100m_to_1000m","ENG_062_MZB_LO_3088__ENG_062_MZB_LO_394","j","second data call; new data","73362","ENG_062_MZB_LO_3088","WEAR",54.8549041194,-1.5619813625,2003,2024,22,8
"941","England","James Sinclair","ENG_062_MZB_LO",317.579898726984,"within_100m_to_1000m","ENG_062_MZB_LO_3088__ENG_062_MZB_LO_395","i","second data call; new data","1846","ENG_062_MZB_LO_395","LUMLEY PARK BURN",54.8565873592,-1.5577885719,2004,2018,15,5
"942","England","James Sinclair","ENG_062_MZB_LO",317.579898726984,"within_100m_to_1000m","ENG_062_MZB_LO_3088__ENG_062_MZB_LO_395","j","second data call; new data","73362","ENG_062_MZB_LO_3088","WEAR",54.8549041194,-1.5619813625,2003,2024,22,8
"943","England","James Sinclair","ENG_062_MZB_LO",665.624984352684,"within_100m_to_1000m","ENG_062_MZB_LO_1205__ENG_062_MZB_LO_3089","i","second data call; new data","42088","ENG_062_MZB_LO_1205","DOUR",51.1475180909,1.267270217,2002,2019,18,13
"944","England","James Sinclair","ENG_062_MZB_LO",665.624984352684,"within_100m_to_1000m","ENG_062_MZB_LO_1205__ENG_062_MZB_LO_3089","j","second data call; new data","74221","ENG_062_MZB_LO_3089","DOUR",51.1457121288,1.2578472729,2002,2017,16,16
"945","England","James Sinclair","ENG_062_MZB_LO",556.067887003466,"within_100m_to_1000m","ENG_062_MZB_LO_238__ENG_062_MZB_LO_3094","i","second data call; new data","1379","ENG_062_MZB_LO_238","JUM BECK",53.8702076477,-1.7667681574,2002,2016,15,9
"946","England","James Sinclair","ENG_062_MZB_LO",556.067887003466,"within_100m_to_1000m","ENG_062_MZB_LO_238__ENG_062_MZB_LO_3094","j","second data call; new data","74781","ENG_062_MZB_LO_3094","GILL BECK (BAILDON)",53.8707365016,-1.7754642575,2002,2016,15,10
"947","England","James Sinclair","ENG_062_MZB_LO",796.586511626364,"within_100m_to_1000m","ENG_062_MZB_LO_3097__ENG_062_MZB_LO_71","i","second data call; new data","261","ENG_062_MZB_LO_71","SCOUT DIKE",53.5310415448,-1.6303214942,2002,2019,18,11
"948","England","James Sinclair","ENG_062_MZB_LO",796.586511626364,"within_100m_to_1000m","ENG_062_MZB_LO_3097__ENG_062_MZB_LO_71","j","second data call; new data","74827","ENG_062_MZB_LO_3097","SCOUT DIKE",53.535995175,-1.6395575868,2002,2019,18,9
"949","England","James Sinclair","ENG_062_MZB_LO",761.237619083168,"within_100m_to_1000m","ENG_062_MZB_LO_3100__ENG_062_MZB_LO_40","i","second data call; new data","148","ENG_062_MZB_LO_40","EWDEN BECK",53.4556303717,-1.5521550349,2003,2023,21,19
"950","England","James Sinclair","ENG_062_MZB_LO",761.237619083168,"within_100m_to_1000m","ENG_062_MZB_LO_3100__ENG_062_MZB_LO_40","j","second data call; new data","74862","ENG_062_MZB_LO_3100","DON",53.4489463013,-1.5482653168,2002,2018,17,14
"951","England","James Sinclair","ENG_062_MZB_LO",139.362336767701,"within_100m_to_1000m","ENG_062_MZB_LO_1806__ENG_062_MZB_LO_3109","i","second data call; new data","50989","ENG_062_MZB_LO_1806","SHERBOURNE",52.418764429,-1.5476597646,2003,2021,19,18
"952","England","James Sinclair","ENG_062_MZB_LO",139.362336767701,"within_100m_to_1000m","ENG_062_MZB_LO_1806__ENG_062_MZB_LO_3109","j","second data call; new data","75911","ENG_062_MZB_LO_3109","PICKFORD BROOK",52.4194903419,-1.5494167335,2002,2021,20,19
"953","England","James Sinclair","ENG_062_MZB_LO",469.11477280298,"within_100m_to_1000m","ENG_062_MZB_LO_1617__ENG_062_MZB_LO_3110","i","second data call; new data","48320","ENG_062_MZB_LO_1617","GOG BROOK",52.2683523458,-1.5962285857,2004,2018,15,5
"954","England","James Sinclair","ENG_062_MZB_LO",469.11477280298,"within_100m_to_1000m","ENG_062_MZB_LO_1617__ENG_062_MZB_LO_3110","j","second data call; new data","75913","ENG_062_MZB_LO_3110","AVON (LS  - SOWE TO BIDFORD)",52.2646533487,-1.5924524495,2002,2014,13,6
"955","England","James Sinclair","ENG_062_MZB_LO",965.865349901798,"within_100m_to_1000m","ENG_062_MZB_LO_3116__ENG_062_MZB_LO_969","i","second data call; new data","34332","ENG_062_MZB_LO_969","BULBOURNE",51.770508299,-0.5890893991,2002,2023,22,15
"956","England","James Sinclair","ENG_062_MZB_LO",965.865349901798,"within_100m_to_1000m","ENG_062_MZB_LO_3116__ENG_062_MZB_LO_969","j","second data call; new data","76077","ENG_062_MZB_LO_3116","BULBOURNE",51.7770121506,-0.5990910436,2003,2023,21,12
"957","England","James Sinclair","ENG_062_MZB_LO",671.128671636953,"within_100m_to_1000m","ENG_062_MZB_LO_3119__ENG_062_MZB_LO_3120","i","second data call; new data","76557","ENG_062_MZB_LO_3119","HULL/WEST BECK",53.9909492143,-0.3884433546,2002,2018,17,13
"958","England","James Sinclair","ENG_062_MZB_LO",671.128671636953,"within_100m_to_1000m","ENG_062_MZB_LO_3119__ENG_062_MZB_LO_3120","j","second data call; new data","76558","ENG_062_MZB_LO_3120","HULL/WEST BECK",53.9940915698,-0.3975816644,2002,2018,17,13
"959","England","James Sinclair","ENG_062_MZB_LO",802.50173510402,"within_100m_to_1000m","ENG_062_MZB_LO_2620__ENG_062_MZB_LO_3122","i","second data call; new data","56208","ENG_062_MZB_LO_2620","KINGS DYKE",52.5603557765,-0.2185235878,2004,2017,14,5
"960","England","James Sinclair","ENG_062_MZB_LO",802.50173510402,"within_100m_to_1000m","ENG_062_MZB_LO_2620__ENG_062_MZB_LO_3122","j","second data call; new data","77176","ENG_062_MZB_LO_3122","STANGROUND LODE",52.5582844116,-0.2302913401,2002,2013,12,6
"961","England","James Sinclair","ENG_062_MZB_LO",707.383794469055,"within_100m_to_1000m","ENG_062_MZB_LO_3119__ENG_062_MZB_LO_3123","i","second data call; new data","76557","ENG_062_MZB_LO_3119","HULL/WEST BECK",53.9909492143,-0.3884433546,2002,2018,17,13
"962","England","James Sinclair","ENG_062_MZB_LO",707.383794469055,"within_100m_to_1000m","ENG_062_MZB_LO_3119__ENG_062_MZB_LO_3123","j","second data call; new data","77216","ENG_062_MZB_LO_3123","HULL/WEST BECK",53.9883930817,-0.378170215,2002,2023,22,21
"963","England","James Sinclair","ENG_062_MZB_LO",620.048499094448,"within_100m_to_1000m","ENG_062_MZB_LO_3079__ENG_062_MZB_LO_3129","i","second data call; new data","72443","ENG_062_MZB_LO_3079","BURLINGTON BROOK",52.6965196519,-2.3338905453,2002,2021,20,20
"964","England","James Sinclair","ENG_062_MZB_LO",620.048499094448,"within_100m_to_1000m","ENG_062_MZB_LO_3079__ENG_062_MZB_LO_3129","j","second data call; new data","77540","ENG_062_MZB_LO_3129","BURLINGTON BROOK",52.6952058949,-2.324647426,2003,2021,19,18
"965","England","James Sinclair","ENG_062_MZB_LO",951.933674990526,"within_100m_to_1000m","ENG_062_MZB_LO_3131__ENG_062_MZB_LO_3132","i","second data call; new data","77545","ENG_062_MZB_LO_3131","HUMESFORD BROOK",52.780775245,-2.3157377486,2002,2014,13,8
"966","England","James Sinclair","ENG_062_MZB_LO",951.933674990526,"within_100m_to_1000m","ENG_062_MZB_LO_3131__ENG_062_MZB_LO_3132","j","second data call; new data","77546","ENG_062_MZB_LO_3132","WOOD BROOK",52.7843346277,-2.329107682,2002,2023,22,11
"967","England","James Sinclair","ENG_062_MZB_LO",508.704750678495,"within_100m_to_1000m","ENG_062_MZB_LO_3077__ENG_062_MZB_LO_3133","i","second data call; new data","70641","ENG_062_MZB_LO_3077","LITTLE STOUR (SO)",51.2839314939,1.1832267889,2002,2023,22,19
"968","England","James Sinclair","ENG_062_MZB_LO",508.704750678495,"within_100m_to_1000m","ENG_062_MZB_LO_3077__ENG_062_MZB_LO_3133","j","second data call; new data","77548","ENG_062_MZB_LO_3133","LITTLE STOUR (SO)",51.2841308885,1.1907708002,2002,2011,10,10
"969","England","James Sinclair","ENG_062_MZB_LO",354.902328955848,"within_100m_to_1000m","ENG_062_MZB_LO_3078__ENG_062_MZB_LO_3133","i","second data call; new data","70642","ENG_062_MZB_LO_3078","LITTLE STOUR (SO)",51.2857691112,1.1953453397,2002,2021,20,20
"970","England","James Sinclair","ENG_062_MZB_LO",354.902328955848,"within_100m_to_1000m","ENG_062_MZB_LO_3078__ENG_062_MZB_LO_3133","j","second data call; new data","77548","ENG_062_MZB_LO_3133","LITTLE STOUR (SO)",51.2841308885,1.1907708002,2002,2011,10,10
"971","England","James Sinclair","ENG_062_MZB_LO",900.448980134854,"within_100m_to_1000m","ENG_062_MZB_LO_3136__ENG_062_MZB_LO_567","i","second data call; new data","8981","ENG_062_MZB_LO_567","SOUTH WINTERBORNE",50.7052129559,-2.3925800888,2004,2016,13,5
"972","England","James Sinclair","ENG_062_MZB_LO",900.448980134854,"within_100m_to_1000m","ENG_062_MZB_LO_3136__ENG_062_MZB_LO_567","j","second data call; new data","77581","ENG_062_MZB_LO_3136","DORSET FROME",50.7133037818,-2.3960328718,2003,2017,15,6
"973","England","James Sinclair","ENG_062_MZB_LO",137.373911788666,"within_100m_to_1000m","ENG_062_MZB_LO_3139__ENG_062_MZB_LO_826","i","second data call; new data","10930","ENG_062_MZB_LO_826","CHAR",50.7367843118,-2.8955361441,2003,2023,21,5
"974","England","James Sinclair","ENG_062_MZB_LO",137.373911788666,"within_100m_to_1000m","ENG_062_MZB_LO_3139__ENG_062_MZB_LO_826","j","second data call; new data","77598","ENG_062_MZB_LO_3139","WOOTTON FITZPAINE",50.7380458842,-2.8952059141,2003,2018,16,10
"975","England","James Sinclair","ENG_062_MZB_LO",466.412004168136,"within_100m_to_1000m","ENG_062_MZB_LO_3140__ENG_062_MZB_LO_832","i","second data call; new data","10959","ENG_062_MZB_LO_832","BRIDE",50.7056979895,-2.6352575713,2003,2022,20,10
"976","England","James Sinclair","ENG_062_MZB_LO",466.412004168136,"within_100m_to_1000m","ENG_062_MZB_LO_3140__ENG_062_MZB_LO_832","j","second data call; new data","77599","ENG_062_MZB_LO_3140","LITTON CHENEY STREAM",50.7085837,-2.6403667748,2003,2024,22,21
"977","England","James Sinclair","ENG_062_MZB_LO",358.754233247547,"within_100m_to_1000m","ENG_062_MZB_LO_3142__ENG_062_MZB_LO_802","i","second data call; new data","10832","ENG_062_MZB_LO_802","RED RIVER",50.2309014799,-5.2967695835,2002,2014,13,7
"978","England","James Sinclair","ENG_062_MZB_LO",358.754233247547,"within_100m_to_1000m","ENG_062_MZB_LO_3142__ENG_062_MZB_LO_802","j","second data call; new data","77976","ENG_062_MZB_LO_3142","RED RIVER",50.2294194703,-5.3014355208,2002,2012,11,5
"979","England","James Sinclair","ENG_062_MZB_LO",571.560591052411,"within_100m_to_1000m","ENG_062_MZB_LO_3145__ENG_062_MZB_LO_812","i","second data call; new data","10868","ENG_062_MZB_LO_812","PERRANPORTH STREAM",50.3425945842,-5.1556345495,2002,2022,21,16
"980","England","James Sinclair","ENG_062_MZB_LO",571.560591052411,"within_100m_to_1000m","ENG_062_MZB_LO_3145__ENG_062_MZB_LO_812","j","second data call; new data","77996","ENG_062_MZB_LO_3145","BOLINGEY STREAM",50.3442482785,-5.1477313863,2002,2016,15,5
"981","England","James Sinclair","ENG_062_MZB_LO",936.853634717214,"within_100m_to_1000m","ENG_062_MZB_LO_3148__ENG_062_MZB_LO_779","i","second data call; new data","10706","ENG_062_MZB_LO_779","FOWEY",50.4553328755,-4.5700868549,2002,2023,22,10
"982","England","James Sinclair","ENG_062_MZB_LO",936.853634717214,"within_100m_to_1000m","ENG_062_MZB_LO_3148__ENG_062_MZB_LO_779","j","second data call; new data","78516","ENG_062_MZB_LO_3148","FOWEY",50.4558133976,-4.5564460973,2002,2014,13,5
"983","England","James Sinclair","ENG_062_MZB_LO",677.75230883892,"within_100m_to_1000m","ENG_062_MZB_LO_1864__ENG_062_MZB_LO_3164","i","second data call; new data","51448","ENG_062_MZB_LO_1864","HADLEY/HOCKLEY BROOK",52.2951100347,-2.2074272891,2002,2015,14,13
"984","England","James Sinclair","ENG_062_MZB_LO",677.75230883892,"within_100m_to_1000m","ENG_062_MZB_LO_1864__ENG_062_MZB_LO_3164","j","second data call; new data","80776","ENG_062_MZB_LO_3164","SYTCHAMPTON BROOK",52.2911488819,-2.2154287925,2003,2015,13,12
"985","England","James Sinclair","ENG_062_MZB_LO",928.128057261807,"within_100m_to_1000m","ENG_062_MZB_LO_1864__ENG_062_MZB_LO_3165","i","second data call; new data","51448","ENG_062_MZB_LO_1864","HADLEY/HOCKLEY BROOK",52.2951100347,-2.2074272891,2002,2015,14,13
"986","England","James Sinclair","ENG_062_MZB_LO",928.128057261807,"within_100m_to_1000m","ENG_062_MZB_LO_1864__ENG_062_MZB_LO_3165","j","second data call; new data","80778","ENG_062_MZB_LO_3165","WOODFIELD BROOK",52.2881186522,-2.2156926555,2003,2015,13,12
"987","England","James Sinclair","ENG_062_MZB_LO",326.159895546654,"within_100m_to_1000m","ENG_062_MZB_LO_3164__ENG_062_MZB_LO_3165","i","second data call; new data","80776","ENG_062_MZB_LO_3164","SYTCHAMPTON BROOK",52.2911488819,-2.2154287925,2003,2015,13,12
"988","England","James Sinclair","ENG_062_MZB_LO",326.159895546654,"within_100m_to_1000m","ENG_062_MZB_LO_3164__ENG_062_MZB_LO_3165","j","second data call; new data","80778","ENG_062_MZB_LO_3165","WOODFIELD BROOK",52.2881186522,-2.2156926555,2003,2015,13,12
"989","England","James Sinclair","ENG_062_MZB_LO",877.068126439599,"within_100m_to_1000m","ENG_062_MZB_LO_3164__ENG_062_MZB_LO_3166","i","second data call; new data","80776","ENG_062_MZB_LO_3164","SYTCHAMPTON BROOK",52.2911488819,-2.2154287925,2003,2015,13,12
"990","England","James Sinclair","ENG_062_MZB_LO",877.068126439599,"within_100m_to_1000m","ENG_062_MZB_LO_3164__ENG_062_MZB_LO_3166","j","second data call; new data","80780","ENG_062_MZB_LO_3166","YARDINGS BROOK",52.2834521866,-2.2110083122,2003,2015,13,12
"991","England","James Sinclair","ENG_062_MZB_LO",588.983559295823,"within_100m_to_1000m","ENG_062_MZB_LO_3165__ENG_062_MZB_LO_3166","i","second data call; new data","80778","ENG_062_MZB_LO_3165","WOODFIELD BROOK",52.2881186522,-2.2156926555,2003,2015,13,12
"992","England","James Sinclair","ENG_062_MZB_LO",588.983559295823,"within_100m_to_1000m","ENG_062_MZB_LO_3165__ENG_062_MZB_LO_3166","j","second data call; new data","80780","ENG_062_MZB_LO_3166","YARDINGS BROOK",52.2834521866,-2.2110083122,2003,2015,13,12
"993","England","James Sinclair","ENG_062_MZB_LO",689.510459463408,"within_100m_to_1000m","ENG_062_MZB_LO_3168__ENG_062_MZB_LO_547","i","second data call; new data","8858","ENG_062_MZB_LO_547","LYD",50.6402941662,-4.2793133848,2002,2018,17,10
"994","England","James Sinclair","ENG_062_MZB_LO",689.510459463408,"within_100m_to_1000m","ENG_062_MZB_LO_3168__ENG_062_MZB_LO_547","j","second data call; new data","80818","ENG_062_MZB_LO_3168","THRUSHEL",50.6455348478,-4.2734843425,2002,2023,22,8
"995","England","James Sinclair","ENG_062_MZB_LO",886.131559501097,"within_100m_to_1000m","ENG_062_MZB_LO_3168__ENG_062_MZB_LO_558","i","second data call; new data","8941","ENG_062_MZB_LO_558","LYD",50.6428959887,-4.2611922906,2002,2012,11,8
"996","England","James Sinclair","ENG_062_MZB_LO",886.131559501097,"within_100m_to_1000m","ENG_062_MZB_LO_3168__ENG_062_MZB_LO_558","j","second data call; new data","80818","ENG_062_MZB_LO_3168","THRUSHEL",50.6455348478,-4.2734843425,2002,2023,22,8
"997","England","James Sinclair","ENG_062_MZB_LO",949.657941029036,"within_100m_to_1000m","ENG_062_MZB_LO_3169__ENG_062_MZB_LO_539","i","second data call; new data","8782","ENG_062_MZB_LO_539","CARBIS STREAM",50.4012629916,-4.7778406374,2003,2019,17,5
"998","England","James Sinclair","ENG_062_MZB_LO",949.657941029036,"within_100m_to_1000m","ENG_062_MZB_LO_3169__ENG_062_MZB_LO_539","j","second data call; new data","80819","ENG_062_MZB_LO_3169","ROSEVEAN STREAM",50.3954856246,-4.7673709833,2002,2019,18,6
"999","England","James Sinclair","ENG_062_MZB_LO",482.99641753231,"within_100m_to_1000m","ENG_062_MZB_LO_3171__ENG_062_MZB_LO_3172","i","second data call; new data","80976","ENG_062_MZB_LO_3171","SHREEN WATER",51.0932912108,-2.2698264553,2002,2019,18,8
"1000","England","James Sinclair","ENG_062_MZB_LO",482.99641753231,"within_100m_to_1000m","ENG_062_MZB_LO_3171__ENG_062_MZB_LO_3172","j","second data call; new data","80977","ENG_062_MZB_LO_3172","SHREEN WATER",51.0906066586,-2.26409931,2002,2019,18,7
"1001","England","James Sinclair","ENG_062_MZB_LO",985.127869373288,"within_100m_to_1000m","ENG_062_MZB_LO_3171__ENG_062_MZB_LO_3173","i","second data call; new data","80976","ENG_062_MZB_LO_3171","SHREEN WATER",51.0932912108,-2.2698264553,2002,2019,18,8
"1002","England","James Sinclair","ENG_062_MZB_LO",985.127869373288,"within_100m_to_1000m","ENG_062_MZB_LO_3171__ENG_062_MZB_LO_3173","j","second data call; new data","80979","ENG_062_MZB_LO_3173","ASHFIELD WATER",51.0915249202,-2.2555370814,2002,2019,18,7
"1003","England","James Sinclair","ENG_062_MZB_LO",587.59422228891,"within_100m_to_1000m","ENG_062_MZB_LO_3172__ENG_062_MZB_LO_3173","i","second data call; new data","80977","ENG_062_MZB_LO_3172","SHREEN WATER",51.0906066586,-2.26409931,2002,2019,18,7
"1004","England","James Sinclair","ENG_062_MZB_LO",587.59422228891,"within_100m_to_1000m","ENG_062_MZB_LO_3172__ENG_062_MZB_LO_3173","j","second data call; new data","80979","ENG_062_MZB_LO_3173","ASHFIELD WATER",51.0915249202,-2.2555370814,2002,2019,18,7
"1005","England","James Sinclair","ENG_062_MZB_LO",522.6208570839,"within_100m_to_1000m","ENG_062_MZB_LO_3182__ENG_062_MZB_LO_929","i","second data call; new data","34171","ENG_062_MZB_LO_929","MIMRAM",51.8476075113,-0.2483485685,2002,2023,22,22
"1006","England","James Sinclair","ENG_062_MZB_LO",522.6208570839,"within_100m_to_1000m","ENG_062_MZB_LO_3182__ENG_062_MZB_LO_929","j","second data call; new data","81318","ENG_062_MZB_LO_3182","MIMRAM",51.8433258022,-0.2446241504,2002,2023,22,21
"1007","England","James Sinclair","ENG_062_MZB_LO",599.426373113853,"within_100m_to_1000m","ENG_062_MZB_LO_3185__ENG_062_MZB_LO_385","i","second data call; new data","1821","ENG_062_MZB_LO_385","CHIRDON BURN",55.1587322908,-2.3423656006,2003,2019,17,8
"1008","England","James Sinclair","ENG_062_MZB_LO",599.426373113853,"within_100m_to_1000m","ENG_062_MZB_LO_3185__ENG_062_MZB_LO_385","j","second data call; new data","81498","ENG_062_MZB_LO_3185","NORTH TYNE",55.1642367898,-2.3437312266,2002,2021,20,5
"1009","England","James Sinclair","ENG_062_MZB_LO",385.98419413456,"within_100m_to_1000m","ENG_062_MZB_LO_3185__ENG_062_MZB_LO_386","i","second data call; new data","1822","ENG_062_MZB_LO_386","TARSET BURN",55.1629951851,-2.3378659172,2003,2019,17,9
"1010","England","James Sinclair","ENG_062_MZB_LO",385.98419413456,"within_100m_to_1000m","ENG_062_MZB_LO_3185__ENG_062_MZB_LO_386","j","second data call; new data","81498","ENG_062_MZB_LO_3185","NORTH TYNE",55.1642367898,-2.3437312266,2002,2021,20,5
"1011","England","James Sinclair","ENG_062_MZB_LO",361.138888979839,"within_100m_to_1000m","ENG_062_MZB_LO_1081__ENG_062_MZB_LO_3187","i","second data call; new data","35919","ENG_062_MZB_LO_1081","THAMES (SE AREA)",51.4142587766,-0.4979872939,2002,2014,13,7
"1012","England","James Sinclair","ENG_062_MZB_LO",361.138888979839,"within_100m_to_1000m","ENG_062_MZB_LO_1081__ENG_062_MZB_LO_3187","j","second data call; new data","81960","ENG_062_MZB_LO_3187","THAMES (SE AREA)",51.4125646798,-0.5026300914,2002,2024,23,20
"1013","England","James Sinclair","ENG_062_MZB_LO",812.851004546561,"within_100m_to_1000m","ENG_062_MZB_LO_1252__ENG_062_MZB_LO_3188","i","second data call; new data","42459","ENG_062_MZB_LO_1252","SHEEPWASH TRIB.",50.8821430841,-1.0657287376,2002,2014,13,13
"1014","England","James Sinclair","ENG_062_MZB_LO",812.851004546561,"within_100m_to_1000m","ENG_062_MZB_LO_1252__ENG_062_MZB_LO_3188","j","second data call; new data","82062","ENG_062_MZB_LO_3188","UNNAMED TRIBUTARY OF WALLINGTON",50.8896903328,-1.0648669073,2002,2012,11,11
"1015","England","James Sinclair","ENG_062_MZB_LO",458.746188718076,"within_100m_to_1000m","ENG_062_MZB_LO_1076__ENG_062_MZB_LO_3190","i","second data call; new data","35889","ENG_062_MZB_LO_1076","THAMES (SE AREA)",51.5621582218,-0.7064922081,2002,2014,13,10
"1016","England","James Sinclair","ENG_062_MZB_LO",458.746188718076,"within_100m_to_1000m","ENG_062_MZB_LO_1076__ENG_062_MZB_LO_3190","j","second data call; new data","82437","ENG_062_MZB_LO_3190","ODNEY WEIR STREAM",51.5596600162,-0.7009370565,2002,2024,23,21
"1017","England","James Sinclair","ENG_062_MZB_LO",683.425406846372,"within_100m_to_1000m","ENG_062_MZB_LO_1604__ENG_062_MZB_LO_3205","i","second data call; new data","48178","ENG_062_MZB_LO_1604","WALL BROOK",52.7559517033,-2.4800275382,2003,2018,16,5
"1018","England","James Sinclair","ENG_062_MZB_LO",683.425406846372,"within_100m_to_1000m","ENG_062_MZB_LO_1604__ENG_062_MZB_LO_3205","j","second data call; new data","85997","ENG_062_MZB_LO_3205","STRINE",52.7604760084,-2.4726679711,2002,2018,17,6
"1019","England","James Sinclair","ENG_062_MZB_LO",723.927481656952,"within_100m_to_1000m","ENG_062_MZB_LO_3206__ENG_062_MZB_LO_515","i","second data call; new data","8550","ENG_062_MZB_LO_515","SHREEN WATER",51.0770474446,-2.2676335524,2002,2024,23,17
"1020","England","James Sinclair","ENG_062_MZB_LO",723.927481656952,"within_100m_to_1000m","ENG_062_MZB_LO_3206__ENG_062_MZB_LO_515","j","second data call; new data","86036","ENG_062_MZB_LO_3206","SHREEN WATER",51.0837832977,-2.2673155272,2002,2024,23,14
"1021","England","James Sinclair","ENG_062_MZB_LO",764.626523584683,"within_100m_to_1000m","ENG_062_MZB_LO_3172__ENG_062_MZB_LO_3206","i","second data call; new data","80977","ENG_062_MZB_LO_3172","SHREEN WATER",51.0906066586,-2.26409931,2002,2019,18,7
"1022","England","James Sinclair","ENG_062_MZB_LO",764.626523584683,"within_100m_to_1000m","ENG_062_MZB_LO_3172__ENG_062_MZB_LO_3206","j","second data call; new data","86036","ENG_062_MZB_LO_3206","SHREEN WATER",51.0837832977,-2.2673155272,2002,2024,23,14
"1023","England","James Sinclair","ENG_062_MZB_LO",419.435762480387,"within_100m_to_1000m","ENG_062_MZB_LO_1252__ENG_062_MZB_LO_3212","i","second data call; new data","42459","ENG_062_MZB_LO_1252","SHEEPWASH TRIB.",50.8821430841,-1.0657287376,2002,2014,13,13
"1024","England","James Sinclair","ENG_062_MZB_LO",419.435762480387,"within_100m_to_1000m","ENG_062_MZB_LO_1252__ENG_062_MZB_LO_3212","j","second data call; new data","88561","ENG_062_MZB_LO_3212","SHEEPWASH TRIB.",50.8844139302,-1.0607076569,2003,2012,10,10
"1025","England","James Sinclair","ENG_062_MZB_LO",633.352183690275,"within_100m_to_1000m","ENG_062_MZB_LO_3188__ENG_062_MZB_LO_3212","i","second data call; new data","82062","ENG_062_MZB_LO_3188","UNNAMED TRIBUTARY OF WALLINGTON",50.8896903328,-1.0648669073,2002,2012,11,11
"1026","England","James Sinclair","ENG_062_MZB_LO",633.352183690275,"within_100m_to_1000m","ENG_062_MZB_LO_3188__ENG_062_MZB_LO_3212","j","second data call; new data","88561","ENG_062_MZB_LO_3212","SHEEPWASH TRIB.",50.8844139302,-1.0607076569,2003,2012,10,10
"1027","England","James Sinclair","ENG_062_MZB_LO",173.532590365047,"within_100m_to_1000m","ENG_062_MZB_LO_3217__ENG_062_MZB_LO_3225","i","second data call; new data","89481","ENG_062_MZB_LO_3217","CALDER (WYRE)",53.9291621932,-2.696053702,2002,2021,20,16
"1028","England","James Sinclair","ENG_062_MZB_LO",173.532590365047,"within_100m_to_1000m","ENG_062_MZB_LO_3217__ENG_062_MZB_LO_3225","j","second data call; new data","90281","ENG_062_MZB_LO_3225","CALDER (WYRE)",53.9300025507,-2.6937223469,2002,2021,20,16
"1029","England","James Sinclair","ENG_062_MZB_LO",932.99849973351,"within_100m_to_1000m","ENG_062_MZB_LO_1153__ENG_062_MZB_LO_3232","i","second data call; new data","36221","ENG_062_MZB_LO_1153","CHURN",51.6654775224,-1.8921247306,2002,2014,13,6
"1030","England","James Sinclair","ENG_062_MZB_LO",932.99849973351,"within_100m_to_1000m","ENG_062_MZB_LO_1153__ENG_062_MZB_LO_3232","j","second data call; new data","91481","ENG_062_MZB_LO_3232","CHURN",51.6700015982,-1.9040438431,2003,2019,17,16
"1031","England","James Sinclair","ENG_062_MZB_LO",979.663072420084,"within_100m_to_1000m","ENG_062_MZB_LO_1630__ENG_062_MZB_LO_3236","i","second data call; new data","48442","ENG_062_MZB_LO_1630","EYE",52.7609714721,-0.7986507003,2003,2024,22,21
"1032","England","James Sinclair","ENG_062_MZB_LO",979.663072420084,"within_100m_to_1000m","ENG_062_MZB_LO_1630__ENG_062_MZB_LO_3236","j","second data call; new data","92913","ENG_062_MZB_LO_3236","EYE",52.7594754181,-0.8134666419,2007,2021,15,5
"1033","England","James Sinclair","ENG_062_MZB_LO",412.251227557903,"within_100m_to_1000m","ENG_062_MZB_LO_1153__ENG_062_MZB_LO_3243","i","second data call; new data","36221","ENG_062_MZB_LO_1153","CHURN",51.6654775224,-1.8921247306,2002,2014,13,6
"1034","England","James Sinclair","ENG_062_MZB_LO",412.251227557903,"within_100m_to_1000m","ENG_062_MZB_LO_1153__ENG_062_MZB_LO_3243","j","second data call; new data","96881","ENG_062_MZB_LO_3243","CHURN",51.6625784868,-1.8880833447,2003,2014,12,11
"1035","England","James Sinclair","ENG_062_MZB_LO",778.78159566792,"within_100m_to_1000m","ENG_062_MZB_LO_3244__ENG_062_MZB_LO_991","i","second data call; new data","35007","ENG_062_MZB_LO_991","LEACH",51.7453276751,-1.7099541588,2003,2019,17,15
"1036","England","James Sinclair","ENG_062_MZB_LO",778.78159566792,"within_100m_to_1000m","ENG_062_MZB_LO_3244__ENG_062_MZB_LO_991","j","second data call; new data","96882","ENG_062_MZB_LO_3244","LEACH",51.7380966539,-1.709160408,2003,2012,10,10
"1037","England","James Sinclair","ENG_062_MZB_LO",265.721378364372,"within_100m_to_1000m","ENG_062_MZB_LO_1565__ENG_062_MZB_LO_3246","i","second data call; new data","47545","ENG_062_MZB_LO_1565","ALPORT",53.402601967,-1.7887137832,2002,2013,12,5
"1038","England","James Sinclair","ENG_062_MZB_LO",265.721378364372,"within_100m_to_1000m","ENG_062_MZB_LO_1565__ENG_062_MZB_LO_3246","j","second data call; new data","97161","ENG_062_MZB_LO_3246","ASHOP",53.4018358223,-1.7926430738,2002,2024,23,23
"1039","England","James Sinclair","ENG_062_MZB_LO",249.114665753329,"within_100m_to_1000m","ENG_062_MZB_LO_2104__ENG_062_MZB_LO_3246","i","second data call; new data","53803","ENG_062_MZB_LO_2104","ASHOP",53.4019908535,-1.7887769646,2002,2024,23,5
"1040","England","James Sinclair","ENG_062_MZB_LO",249.114665753329,"within_100m_to_1000m","ENG_062_MZB_LO_2104__ENG_062_MZB_LO_3246","j","second data call; new data","97161","ENG_062_MZB_LO_3246","ASHOP",53.4018358223,-1.7926430738,2002,2024,23,23
"1041","England","James Sinclair","ENG_062_MZB_LO",748.055077093305,"within_100m_to_1000m","ENG_062_MZB_LO_294__ENG_062_MZB_LO_3261","i","second data call; new data","1625","ENG_062_MZB_LO_294","TILL",55.5707946209,-2.0041209102,2003,2024,22,18
"1042","England","James Sinclair","ENG_062_MZB_LO",748.055077093305,"within_100m_to_1000m","ENG_062_MZB_LO_294__ENG_062_MZB_LO_3261","j","second data call; new data","134261","ENG_062_MZB_LO_3261","WOOLER WATER",55.5639569746,-2.0020907724,2005,2023,19,13
"1043","England","James Sinclair","ENG_062_MZB_LO",411.794888764519,"within_100m_to_1000m","ENG_062_MZB_LO_300__ENG_062_MZB_LO_3261","i","second data call; new data","1631","ENG_062_MZB_LO_300","WOOLER WATER",55.5603089454,-2.0040723356,2003,2019,17,8
"1044","England","James Sinclair","ENG_062_MZB_LO",411.794888764519,"within_100m_to_1000m","ENG_062_MZB_LO_300__ENG_062_MZB_LO_3261","j","second data call; new data","134261","ENG_062_MZB_LO_3261","WOOLER WATER",55.5639569746,-2.0020907724,2005,2023,19,13
"1045","England","James Sinclair","ENG_062_MZB_LO",474.51059859542,"within_100m_to_1000m","ENG_062_MZB_LO_1402__ENG_062_MZB_LO_3262","i","second data call; new data","43807","ENG_062_MZB_LO_1402","LEN",51.2632241301,0.5576673332,2003,2013,11,6
"1046","England","James Sinclair","ENG_062_MZB_LO",474.51059859542,"within_100m_to_1000m","ENG_062_MZB_LO_1402__ENG_062_MZB_LO_3262","j","second data call; new data","134536","ENG_062_MZB_LO_3262","LEN",51.2619790275,0.5644217354,2005,2022,18,10
"1047","England","James Sinclair","ENG_062_MZB_LO",769.683108151899,"within_100m_to_1000m","ENG_062_MZB_LO_3269__ENG_062_MZB_LO_3270","i","second data call; new data","142179","ENG_062_MZB_LO_3269","HELVELLYN GILL",54.5559786422,-3.0592257254,2007,2018,12,11
"1048","England","James Sinclair","ENG_062_MZB_LO",769.683108151899,"within_100m_to_1000m","ENG_062_MZB_LO_3269__ENG_062_MZB_LO_3270","j","second data call; new data","142180","ENG_062_MZB_LO_3270","HELVELLYN GILL",54.548861142,-3.0581445519,2007,2018,12,11
"1049","England","James Sinclair","ENG_062_MZB_LO",469.084329561593,"within_100m_to_1000m","ENG_062_MZB_LO_3242__ENG_062_MZB_LO_3278","i","second data call; new data","96321","ENG_062_MZB_LO_3242","PILLHILL BROOK",51.1944035203,-1.4989062786,2004,2018,15,7
"1050","England","James Sinclair","ENG_062_MZB_LO",469.084329561593,"within_100m_to_1000m","ENG_062_MZB_LO_3242__ENG_062_MZB_LO_3278","j","second data call; new data","143656","ENG_062_MZB_LO_3278","ANTON",51.1959942715,-1.492434558,2005,2014,10,6
"1051","England","James Sinclair","ENG_062_MZB_LO",661.812524161202,"within_100m_to_1000m","ENG_062_MZB_LO_3270__ENG_062_MZB_LO_3300","i","second data call; new data","142180","ENG_062_MZB_LO_3270","HELVELLYN GILL",54.548861142,-3.0581445519,2007,2018,12,11
"1052","England","James Sinclair","ENG_062_MZB_LO",661.812524161202,"within_100m_to_1000m","ENG_062_MZB_LO_3270__ENG_062_MZB_LO_3300","j","second data call; new data","147138","ENG_062_MZB_LO_3300","HELVELLYN GILL",54.5427396332,-3.0572440851,2007,2018,12,11
"1053","England","James Sinclair","ENG_062_MZB_LO",705.398179713973,"within_100m_to_1000m","ENG_062_MZB_LO_1630__ENG_062_MZB_LO_3301","i","second data call; new data","48442","ENG_062_MZB_LO_1630","EYE",52.7609714721,-0.7986507003,2003,2024,22,21
"1054","England","James Sinclair","ENG_062_MZB_LO",705.398179713973,"within_100m_to_1000m","ENG_062_MZB_LO_1630__ENG_062_MZB_LO_3301","j","second data call; new data","147397","ENG_062_MZB_LO_3301","FREEBY BROOK",52.7671399592,-0.8023345795,2007,2017,11,9
"1055","England","James Sinclair","ENG_062_MZB_LO",982.337871969144,"within_100m_to_1000m","ENG_062_MZB_LO_2426__ENG_062_MZB_LO_3306","i","second data call; new data","55538","ENG_062_MZB_LO_2426","EYE BROOK",52.5751897446,-0.7648458603,2002,2024,23,22
"1056","England","James Sinclair","ENG_062_MZB_LO",982.337871969144,"within_100m_to_1000m","ENG_062_MZB_LO_2426__ENG_062_MZB_LO_3306","j","second data call; new data","150202","ENG_062_MZB_LO_3306","EYE BROOK",52.5834295905,-0.7713303422,2008,2024,17,12
"1057","England","James Sinclair","ENG_062_MZB_LO",314.717775174551,"within_100m_to_1000m","ENG_062_MZB_LO_168__ENG_062_MZB_LO_3307","i","second data call; new data","1057","ENG_062_MZB_LO_168","ESHTON/ WINTERBURN/ HETTON/ FLASBY  BECKS",53.9855596935,-2.0898058393,2002,2016,15,13
"1058","England","James Sinclair","ENG_062_MZB_LO",314.717775174551,"within_100m_to_1000m","ENG_062_MZB_LO_168__ENG_062_MZB_LO_3307","j","second data call; new data","150447","ENG_062_MZB_LO_3307","ESHTON/ WINTERBURN/ HETTON/ FLASBY  BECKS",53.9884808275,-2.0895986142,2008,2018,11,6
"1059","England","James Sinclair","ENG_062_MZB_LO",978.244292906157,"within_100m_to_1000m","ENG_062_MZB_LO_3309__ENG_062_MZB_LO_3310","i","second data call; new data","150645","ENG_062_MZB_LO_3309","GLYNCH BROOK",51.997355068,-2.3755609432,2008,2021,14,14
"1060","England","James Sinclair","ENG_062_MZB_LO",978.244292906157,"within_100m_to_1000m","ENG_062_MZB_LO_3309__ENG_062_MZB_LO_3310","j","second data call; new data","150646","ENG_062_MZB_LO_3310","GLYNCH BROOK",52.0049893849,-2.3835936342,2008,2021,14,14
"1061","England","James Sinclair","ENG_062_MZB_LO",525.951495549582,"within_100m_to_1000m","ENG_062_MZB_LO_2271__ENG_062_MZB_LO_3315","i","second data call; new data","54914","ENG_062_MZB_LO_2271","TIFFEY",52.569696213,1.1047272513,2002,2023,22,15
"1062","England","James Sinclair","ENG_062_MZB_LO",525.951495549582,"within_100m_to_1000m","ENG_062_MZB_LO_2271__ENG_062_MZB_LO_3315","j","second data call; new data","151620","ENG_062_MZB_LO_3315","BAYS RIVER",52.5661342011,1.1102314029,2008,2023,16,13
"1063","England","James Sinclair","ENG_062_MZB_LO",584.574554600906,"within_100m_to_1000m","ENG_062_MZB_LO_2715__ENG_062_MZB_LO_3323","i","second data call; new data","63842","ENG_062_MZB_LO_2715","HAWESWATER BECK",54.5515202736,-2.7463374914,2004,2018,15,10
"1064","England","James Sinclair","ENG_062_MZB_LO",584.574554600906,"within_100m_to_1000m","ENG_062_MZB_LO_2715__ENG_062_MZB_LO_3323","j","second data call; new data","153075","ENG_062_MZB_LO_3323","HOWES BECK",54.5564847328,-2.7501083007,2009,2018,10,10
"1065","England","James Sinclair","ENG_062_MZB_LO",221.696476521491,"within_100m_to_1000m","ENG_062_MZB_LO_3325__ENG_062_MZB_LO_3326","i","second data call; new data","153104","ENG_062_MZB_LO_3325","KELD GILL",54.5176241787,-2.7008121694,2009,2018,10,10
"1066","England","James Sinclair","ENG_062_MZB_LO",221.696476521491,"within_100m_to_1000m","ENG_062_MZB_LO_3325__ENG_062_MZB_LO_3326","j","second data call; new data","153105","ENG_062_MZB_LO_3326","KELD GILL",54.5194930779,-2.6993302325,2009,2018,10,10
"1067","England","James Sinclair","ENG_062_MZB_LO",815.371138494898,"within_100m_to_1000m","ENG_062_MZB_LO_3325__ENG_062_MZB_LO_3327","i","second data call; new data","153104","ENG_062_MZB_LO_3325","KELD GILL",54.5176241787,-2.7008121694,2009,2018,10,10
"1068","England","James Sinclair","ENG_062_MZB_LO",815.371138494898,"within_100m_to_1000m","ENG_062_MZB_LO_3325__ENG_062_MZB_LO_3327","j","second data call; new data","153106","ENG_062_MZB_LO_3327","THORNSHIP GILL",54.5102069427,-2.6982139626,2009,2018,10,10
"1069","England","James Sinclair","ENG_062_MZB_LO",618.568056962952,"within_100m_to_1000m","ENG_062_MZB_LO_3325__ENG_062_MZB_LO_3328","i","second data call; new data","153104","ENG_062_MZB_LO_3325","KELD GILL",54.5176241787,-2.7008121694,2009,2018,10,10
"1070","England","James Sinclair","ENG_062_MZB_LO",618.568056962952,"within_100m_to_1000m","ENG_062_MZB_LO_3325__ENG_062_MZB_LO_3328","j","second data call; new data","153107","ENG_062_MZB_LO_3328","THORNSHIP GILL",54.5144633264,-2.6925713498,2009,2018,10,10
"1071","England","James Sinclair","ENG_062_MZB_LO",687.696682788096,"within_100m_to_1000m","ENG_062_MZB_LO_3326__ENG_062_MZB_LO_3328","i","second data call; new data","153105","ENG_062_MZB_LO_3326","KELD GILL",54.5194930779,-2.6993302325,2009,2018,10,10
"1072","England","James Sinclair","ENG_062_MZB_LO",687.696682788096,"within_100m_to_1000m","ENG_062_MZB_LO_3326__ENG_062_MZB_LO_3328","j","second data call; new data","153107","ENG_062_MZB_LO_3328","THORNSHIP GILL",54.5144633264,-2.6925713498,2009,2018,10,10
"1073","England","James Sinclair","ENG_062_MZB_LO",579.017709939373,"within_100m_to_1000m","ENG_062_MZB_LO_3327__ENG_062_MZB_LO_3328","i","second data call; new data","153106","ENG_062_MZB_LO_3327","THORNSHIP GILL",54.5102069427,-2.6982139626,2009,2018,10,10
"1074","England","James Sinclair","ENG_062_MZB_LO",579.017709939373,"within_100m_to_1000m","ENG_062_MZB_LO_3327__ENG_062_MZB_LO_3328","j","second data call; new data","153107","ENG_062_MZB_LO_3328","THORNSHIP GILL",54.5144633264,-2.6925713498,2009,2018,10,10
"1075","England","James Sinclair","ENG_062_MZB_LO",311.377412021055,"within_100m_to_1000m","ENG_062_MZB_LO_3335__ENG_062_MZB_LO_430","i","second data call; new data","1924","ENG_062_MZB_LO_430","TEES",54.6992652423,-2.3727560476,2002,2019,18,13
"1076","England","James Sinclair","ENG_062_MZB_LO",311.377412021055,"within_100m_to_1000m","ENG_062_MZB_LO_3335__ENG_062_MZB_LO_430","j","second data call; new data","154079","ENG_062_MZB_LO_3335","TEES",54.6995679868,-2.3677935288,2011,2024,14,7
"1077","England","James Sinclair","ENG_062_MZB_LO",169.188612886195,"within_100m_to_1000m","ENG_062_MZB_LO_3336__ENG_062_MZB_LO_3337","i","second data call; new data","154134","ENG_062_MZB_LO_3336","HELTONDALE BECK",54.576484337,-2.7835664333,2009,2021,13,13
"1078","England","James Sinclair","ENG_062_MZB_LO",169.188612886195,"within_100m_to_1000m","ENG_062_MZB_LO_3336__ENG_062_MZB_LO_3337","j","second data call; new data","154135","ENG_062_MZB_LO_3337","HELTONDALE BECK",54.5775664768,-2.7816069924,2009,2018,10,10
"1079","England","James Sinclair","ENG_062_MZB_LO",886.590717838057,"within_100m_to_1000m","ENG_062_MZB_LO_3336__ENG_062_MZB_LO_3338","i","second data call; new data","154134","ENG_062_MZB_LO_3336","HELTONDALE BECK",54.576484337,-2.7835664333,2009,2021,13,13
"1080","England","James Sinclair","ENG_062_MZB_LO",886.590717838057,"within_100m_to_1000m","ENG_062_MZB_LO_3336__ENG_062_MZB_LO_3338","j","second data call; new data","154136","ENG_062_MZB_LO_3338","HELTONDALE BECK",54.579928191,-2.7706985077,2009,2018,10,10
"1081","England","James Sinclair","ENG_062_MZB_LO",728.484779233953,"within_100m_to_1000m","ENG_062_MZB_LO_3337__ENG_062_MZB_LO_3338","i","second data call; new data","154135","ENG_062_MZB_LO_3337","HELTONDALE BECK",54.5775664768,-2.7816069924,2009,2018,10,10
"1082","England","James Sinclair","ENG_062_MZB_LO",728.484779233953,"within_100m_to_1000m","ENG_062_MZB_LO_3337__ENG_062_MZB_LO_3338","j","second data call; new data","154136","ENG_062_MZB_LO_3338","HELTONDALE BECK",54.579928191,-2.7706985077,2009,2018,10,10
"1083","England","James Sinclair","ENG_062_MZB_LO",748.955830216593,"within_100m_to_1000m","ENG_062_MZB_LO_3338__ENG_062_MZB_LO_3339","i","second data call; new data","154136","ENG_062_MZB_LO_3338","HELTONDALE BECK",54.579928191,-2.7706985077,2009,2018,10,10
"1084","England","James Sinclair","ENG_062_MZB_LO",748.955830216593,"within_100m_to_1000m","ENG_062_MZB_LO_3338__ENG_062_MZB_LO_3339","j","second data call; new data","154137","ENG_062_MZB_LO_3339","HELTONDALE BECK",54.5758918376,-2.7609536133,2009,2018,10,10
"1085","England","James Sinclair","ENG_062_MZB_LO",990.77913222144,"within_100m_to_1000m","ENG_062_MZB_LO_2715__ENG_062_MZB_LO_3341","i","second data call; new data","63842","ENG_062_MZB_LO_2715","HAWESWATER BECK",54.5515202736,-2.7463374914,2004,2018,15,10
"1086","England","James Sinclair","ENG_062_MZB_LO",990.77913222144,"within_100m_to_1000m","ENG_062_MZB_LO_2715__ENG_062_MZB_LO_3341","j","second data call; new data","154139","ENG_062_MZB_LO_3341","HOWES BECK",54.5527975172,-2.762007457,2009,2018,10,10
"1087","England","James Sinclair","ENG_062_MZB_LO",844.288889417805,"within_100m_to_1000m","ENG_062_MZB_LO_3323__ENG_062_MZB_LO_3341","i","second data call; new data","153075","ENG_062_MZB_LO_3323","HOWES BECK",54.5564847328,-2.7501083007,2009,2018,10,10
"1088","England","James Sinclair","ENG_062_MZB_LO",844.288889417805,"within_100m_to_1000m","ENG_062_MZB_LO_3323__ENG_062_MZB_LO_3341","j","second data call; new data","154139","ENG_062_MZB_LO_3341","HOWES BECK",54.5527975172,-2.762007457,2009,2018,10,10
"1089","England","James Sinclair","ENG_062_MZB_LO",472.945534671792,"within_100m_to_1000m","ENG_062_MZB_LO_3340__ENG_062_MZB_LO_3341","i","second data call; new data","154138","ENG_062_MZB_LO_3340","HOWES BECK",54.5523006213,-2.7695121896,2009,2021,13,13
"1090","England","James Sinclair","ENG_062_MZB_LO",472.945534671792,"within_100m_to_1000m","ENG_062_MZB_LO_3340__ENG_062_MZB_LO_3341","j","second data call; new data","154139","ENG_062_MZB_LO_3341","HOWES BECK",54.5527975172,-2.762007457,2009,2018,10,10
"1091","England","James Sinclair","ENG_062_MZB_LO",867.269838045355,"within_100m_to_1000m","ENG_062_MZB_LO_3324__ENG_062_MZB_LO_3343","i","second data call; new data","153103","ENG_062_MZB_LO_3324","SWINDALE BECK (LOWTHER)",54.5209332913,-2.7382246444,2009,2021,13,13
"1092","England","James Sinclair","ENG_062_MZB_LO",867.269838045355,"within_100m_to_1000m","ENG_062_MZB_LO_3324__ENG_062_MZB_LO_3343","j","second data call; new data","154235","ENG_062_MZB_LO_3343","SWINDALE BECK (LOWTHER)",54.5282392035,-2.7324075501,2009,2021,13,13
"1093","England","James Sinclair","ENG_062_MZB_LO",940.285533031685,"within_100m_to_1000m","ENG_062_MZB_LO_1948__ENG_062_MZB_LO_3350","i","second data call; new data","52393","ENG_062_MZB_LO_1948","SEVERN",52.3849635623,-2.324567814,2002,2024,23,19
"1094","England","James Sinclair","ENG_062_MZB_LO",940.285533031685,"within_100m_to_1000m","ENG_062_MZB_LO_1948__ENG_062_MZB_LO_3350","j","second data call; new data","154510","ENG_062_MZB_LO_3350","DOWLES BROOK",52.3848425031,-2.3388628246,2010,2024,15,15
"1095","England","James Sinclair","ENG_062_MZB_LO",455.716350062866,"within_100m_to_1000m","ENG_062_MZB_LO_3352__ENG_062_MZB_LO_622","i","second data call; new data","9262","ENG_062_MZB_LO_622","DART",50.4595760219,-3.7144943895,2002,2017,16,12
"1096","England","James Sinclair","ENG_062_MZB_LO",455.716350062866,"within_100m_to_1000m","ENG_062_MZB_LO_3352__ENG_062_MZB_LO_622","j","second data call; new data","154697","ENG_062_MZB_LO_3352","DART",50.4589393794,-3.7210650597,2010,2023,14,9
"1097","England","James Sinclair","ENG_062_MZB_LO",359.487328109166,"within_100m_to_1000m","ENG_062_MZB_LO_3149__ENG_062_MZB_LO_3353","i","second data call; new data","78696","ENG_062_MZB_LO_3149","EHEN",54.5238369693,-3.4199009288,2002,2023,22,16
"1098","England","James Sinclair","ENG_062_MZB_LO",359.487328109166,"within_100m_to_1000m","ENG_062_MZB_LO_3149__ENG_062_MZB_LO_3353","j","second data call; new data","154810","ENG_062_MZB_LO_3353","EHEN",54.525156996,-3.4146312983,2010,2023,14,10
"1099","England","James Sinclair","ENG_062_MZB_LO",987.642278934889,"within_100m_to_1000m","ENG_062_MZB_LO_1339__ENG_062_MZB_LO_3355","i","second data call; new data","43220","ENG_062_MZB_LO_1339","BROOKLEY STREAM",50.8198372536,-1.5794579341,2003,2023,21,7
"1100","England","James Sinclair","ENG_062_MZB_LO",987.642278934889,"within_100m_to_1000m","ENG_062_MZB_LO_1339__ENG_062_MZB_LO_3355","j","second data call; new data","154936","ENG_062_MZB_LO_3355","LYMINGTON",50.8278054698,-1.5722162033,2010,2023,14,14
"1101","England","James Sinclair","ENG_062_MZB_LO",960.961835560602,"within_100m_to_1000m","ENG_062_MZB_LO_3358__ENG_062_MZB_LO_3359","i","second data call; new data","154963","ENG_062_MZB_LO_3358","GILT BROOK",52.9944232172,-1.2948367478,2010,2024,15,6
"1102","England","James Sinclair","ENG_062_MZB_LO",960.961835560602,"within_100m_to_1000m","ENG_062_MZB_LO_3358__ENG_062_MZB_LO_3359","j","second data call; new data","154964","ENG_062_MZB_LO_3359","GILT BROOK",52.9983074864,-1.2814980594,2010,2024,15,6
"1103","England","James Sinclair","ENG_062_MZB_LO",721.367997147851,"within_100m_to_1000m","ENG_062_MZB_LO_3359__ENG_062_MZB_LO_3360","i","second data call; new data","154964","ENG_062_MZB_LO_3359","GILT BROOK",52.9983074864,-1.2814980594,2010,2024,15,6
"1104","England","James Sinclair","ENG_062_MZB_LO",721.367997147851,"within_100m_to_1000m","ENG_062_MZB_LO_3359__ENG_062_MZB_LO_3360","j","second data call; new data","154965","ENG_062_MZB_LO_3360","GILT BROOK",53.0045851227,-1.2775792546,2010,2024,15,6
"1105","England","James Sinclair","ENG_062_MZB_LO",969.932244946603,"within_100m_to_1000m","ENG_062_MZB_LO_1705__ENG_062_MZB_LO_3361","i","second data call; new data","49651","ENG_062_MZB_LO_1705","QUORN BROOK",52.7430854172,-1.1660375553,2004,2014,11,6
"1106","England","James Sinclair","ENG_062_MZB_LO",969.932244946603,"within_100m_to_1000m","ENG_062_MZB_LO_1705__ENG_062_MZB_LO_3361","j","second data call; new data","155046","ENG_062_MZB_LO_3361","QUORN BROOK",52.737230962,-1.1773463999,2015,2024,10,10
"1107","England","James Sinclair","ENG_062_MZB_LO",342.356856962894,"within_100m_to_1000m","ENG_062_MZB_LO_3366__ENG_062_MZB_LO_562","i","second data call; new data","8957","ENG_062_MZB_LO_562","BROADWOOD BROOK",50.6697917937,-4.2563987009,2002,2014,13,5
"1108","England","James Sinclair","ENG_062_MZB_LO",342.356856962894,"within_100m_to_1000m","ENG_062_MZB_LO_3366__ENG_062_MZB_LO_562","j","second data call; new data","155692","ENG_062_MZB_LO_3366","WOLF",50.6720285502,-4.2528259982,2013,2023,11,6
"1109","England","James Sinclair","ENG_062_MZB_LO",747.9276193515,"within_100m_to_1000m","ENG_062_MZB_LO_3275__ENG_062_MZB_LO_3378","i","second data call; new data","142951","ENG_062_MZB_LO_3275","LITTLE TEST",50.9369661602,-1.4873630891,2005,2023,19,5
"1110","England","James Sinclair","ENG_062_MZB_LO",747.9276193515,"within_100m_to_1000m","ENG_062_MZB_LO_3275__ENG_062_MZB_LO_3378","j","second data call; new data","157259","ENG_062_MZB_LO_3378","TEST",50.936060439,-1.4982883231,2010,2023,14,14
"1111","England","James Sinclair","ENG_062_MZB_LO",346.495056391998,"within_100m_to_1000m","ENG_062_MZB_LO_3097__ENG_062_MZB_LO_3381","i","second data call; new data","74827","ENG_062_MZB_LO_3097","SCOUT DIKE",53.535995175,-1.6395575868,2002,2019,18,9
"1112","England","James Sinclair","ENG_062_MZB_LO",346.495056391998,"within_100m_to_1000m","ENG_062_MZB_LO_3097__ENG_062_MZB_LO_3381","j","second data call; new data","157414","ENG_062_MZB_LO_3381","SCOUT DIKE",53.5375103673,-1.644327869,2010,2019,10,6
"1113","England","James Sinclair","ENG_062_MZB_LO",273.198422484868,"within_100m_to_1000m","ENG_062_MZB_LO_3382__ENG_062_MZB_LO_3383","i","second data call; new data","157547","ENG_062_MZB_LO_3382","RUDYARD BROOK",53.1179777804,-2.0701364481,2011,2023,13,11
"1114","England","James Sinclair","ENG_062_MZB_LO",273.198422484868,"within_100m_to_1000m","ENG_062_MZB_LO_3382__ENG_062_MZB_LO_3383","j","second data call; new data","157548","ENG_062_MZB_LO_3383","RUDYARD BROOK",53.1155244151,-2.0690417767,2011,2021,11,10
"1115","England","James Sinclair","ENG_062_MZB_LO",995.694480974601,"within_100m_to_1000m","ENG_062_MZB_LO_2045__ENG_062_MZB_LO_3387","i","second data call; new data","53215","ENG_062_MZB_LO_2045","MUCH WENLOCK/FARLEY BROOK",52.6307604018,-2.5347985593,2002,2016,15,8
"1116","England","James Sinclair","ENG_062_MZB_LO",995.694480974601,"within_100m_to_1000m","ENG_062_MZB_LO_2045__ENG_062_MZB_LO_3387","j","second data call; new data","158364","ENG_062_MZB_LO_3387","SEVERN",52.636593664,-2.5229746519,2012,2024,13,13
"1117","England","James Sinclair","ENG_062_MZB_LO",799.503326648802,"within_100m_to_1000m","ENG_062_MZB_LO_3356__ENG_062_MZB_LO_3390","i","second data call; new data","154944","ENG_062_MZB_LO_3356","AVON (LS - ABOVE SOWE)",52.4043465106,-1.1384616597,2010,2021,12,11
"1118","England","James Sinclair","ENG_062_MZB_LO",799.503326648802,"within_100m_to_1000m","ENG_062_MZB_LO_3356__ENG_062_MZB_LO_3390","j","second data call; new data","158736","ENG_062_MZB_LO_3390","AVON (LS - ABOVE SOWE)",52.4114496177,-1.1348538171,2012,2021,10,10
"1119","England","James Sinclair","ENG_062_MZB_LO",907.589295661583,"within_100m_to_1000m","ENG_062_MZB_LO_2271__ENG_062_MZB_LO_3396","i","second data call; new data","54914","ENG_062_MZB_LO_2271","TIFFEY",52.569696213,1.1047272513,2002,2023,22,15
"1120","England","James Sinclair","ENG_062_MZB_LO",907.589295661583,"within_100m_to_1000m","ENG_062_MZB_LO_2271__ENG_062_MZB_LO_3396","j","second data call; new data","159122","ENG_062_MZB_LO_3396","DYKEBECK (TIFFEY TRIB.)",52.5676195711,1.0912973741,2012,2023,12,11
"1121","England","James Sinclair","ENG_062_MZB_LO",180.632670896496,"within_100m_to_1000m","ENG_062_MZB_LO_3403__ENG_062_MZB_LO_3404","i","second data call; new data","160147","ENG_062_MZB_LO_3403","LAMBOURN",51.4110535414,-1.3259513572,2011,2023,13,10
"1122","England","James Sinclair","ENG_062_MZB_LO",180.632670896496,"within_100m_to_1000m","ENG_062_MZB_LO_3403__ENG_062_MZB_LO_3404","j","second data call; new data","160149","ENG_062_MZB_LO_3404","LAMBOURN",51.4119656709,-1.3282098419,2011,2023,13,10
"1123","England","James Sinclair","ENG_062_MZB_LO",372.309471106763,"within_100m_to_1000m","ENG_062_MZB_LO_3403__ENG_062_MZB_LO_3405","i","second data call; new data","160147","ENG_062_MZB_LO_3403","LAMBOURN",51.4110535414,-1.3259513572,2011,2023,13,10
"1124","England","James Sinclair","ENG_062_MZB_LO",372.309471106763,"within_100m_to_1000m","ENG_062_MZB_LO_3403__ENG_062_MZB_LO_3405","j","second data call; new data","160150","ENG_062_MZB_LO_3405","LAMBOURN",51.4131737293,-1.3303346766,2011,2023,13,11
"1125","England","James Sinclair","ENG_062_MZB_LO",192.937666167928,"within_100m_to_1000m","ENG_062_MZB_LO_3404__ENG_062_MZB_LO_3405","i","second data call; new data","160149","ENG_062_MZB_LO_3404","LAMBOURN",51.4119656709,-1.3282098419,2011,2023,13,10
"1126","England","James Sinclair","ENG_062_MZB_LO",192.937666167928,"within_100m_to_1000m","ENG_062_MZB_LO_3404__ENG_062_MZB_LO_3405","j","second data call; new data","160150","ENG_062_MZB_LO_3405","LAMBOURN",51.4131737293,-1.3303346766,2011,2023,13,11
"1127","England","James Sinclair","ENG_062_MZB_LO",880.047319699195,"within_100m_to_1000m","ENG_062_MZB_LO_3406__ENG_062_MZB_LO_3407","i","second data call; new data","160159","ENG_062_MZB_LO_3406","NOE",53.370229917,-1.7814792928,2012,2023,12,6
"1128","England","James Sinclair","ENG_062_MZB_LO",880.047319699195,"within_100m_to_1000m","ENG_062_MZB_LO_3406__ENG_062_MZB_LO_3407","j","second data call; new data","160160","ENG_062_MZB_LO_3407","NOE",53.3666833015,-1.7938052437,2012,2024,13,12
"1129","England","James Sinclair","ENG_062_MZB_LO",105.390959992211,"within_100m_to_1000m","ENG_062_MZB_LO_3008__ENG_062_MZB_LO_3411","i","second data call; new data","68316","ENG_062_MZB_LO_3008","VALLEY BROOK",53.0822886713,-2.353503706,2004,2018,15,5
"1130","England","James Sinclair","ENG_062_MZB_LO",105.390959992211,"within_100m_to_1000m","ENG_062_MZB_LO_3008__ENG_062_MZB_LO_3411","j","second data call; new data","161100","ENG_062_MZB_LO_3411","VALLEY BROOK",53.0823017984,-2.3551310644,2013,2024,12,7
"1131","England","James Sinclair","ENG_062_MZB_LO",540.078323799694,"within_100m_to_1000m","ENG_062_MZB_LO_3414__ENG_062_MZB_LO_3415","i","second data call; new data","161113","ENG_062_MZB_LO_3414","CAM",51.9829412383,0.2147933423,2013,2024,12,8
"1132","England","James Sinclair","ENG_062_MZB_LO",540.078323799694,"within_100m_to_1000m","ENG_062_MZB_LO_3414__ENG_062_MZB_LO_3415","j","second data call; new data","161118","ENG_062_MZB_LO_3415","WICKEN WATER",51.9878655373,0.2164200553,2013,2024,12,8
"1133","England","James Sinclair","ENG_062_MZB_LO",228.325472842664,"within_100m_to_1000m","ENG_062_MZB_LO_3021__ENG_062_MZB_LO_3416","i","second data call; new data","68459","ENG_062_MZB_LO_3021","CHEW BK",53.5310177325,-1.9862159826,2002,2013,12,10
"1134","England","James Sinclair","ENG_062_MZB_LO",228.325472842664,"within_100m_to_1000m","ENG_062_MZB_LO_3021__ENG_062_MZB_LO_3416","j","second data call; new data","161357","ENG_062_MZB_LO_3416","CHEW BK",53.5310801654,-1.9826556667,2013,2024,12,10
"1135","England","James Sinclair","ENG_062_MZB_LO",639.491398774184,"within_100m_to_1000m","ENG_062_MZB_LO_2961__ENG_062_MZB_LO_3417","i","second data call; new data","67808","ENG_062_MZB_LO_2961","SETT",53.3798447659,-1.9262990794,2002,2024,23,23
"1136","England","James Sinclair","ENG_062_MZB_LO",639.491398774184,"within_100m_to_1000m","ENG_062_MZB_LO_2961__ENG_062_MZB_LO_3417","j","second data call; new data","161362","ENG_062_MZB_LO_3417","KINDER",53.3856591148,-1.9242291711,2013,2023,11,10
"1137","England","James Sinclair","ENG_062_MZB_LO",930.519858461456,"within_100m_to_1000m","ENG_062_MZB_LO_2894__ENG_062_MZB_LO_3423","i","second data call; new data","66797","ENG_062_MZB_LO_2894","EAGLEY BK",53.6175058007,-2.4389727516,2002,2013,12,12
"1138","England","James Sinclair","ENG_062_MZB_LO",930.519858461456,"within_100m_to_1000m","ENG_062_MZB_LO_2894__ENG_062_MZB_LO_3423","j","second data call; new data","164423","ENG_062_MZB_LO_3423","EAGLEY BK",53.6138412572,-2.425799097,2013,2024,12,6
"1139","England","James Sinclair","ENG_062_MZB_LO",654.28107071669,"within_100m_to_1000m","ENG_062_MZB_LO_1606__ENG_062_MZB_LO_3426","i","second data call; new data","48185","ENG_062_MZB_LO_1606","MEDEN",53.2336831453,-1.0292407657,2002,2013,12,9
"1140","England","James Sinclair","ENG_062_MZB_LO",654.28107071669,"within_100m_to_1000m","ENG_062_MZB_LO_1606__ENG_062_MZB_LO_3426","j","second data call; new data","169343","ENG_062_MZB_LO_3426","MEDEN",53.2332165938,-1.0393491097,2014,2024,11,5
"1141","England","James Sinclair","ENG_062_MZB_LO",563.108446025397,"within_100m_to_1000m","ENG_062_MZB_LO_1814__ENG_062_MZB_LO_3427","i","second data call; new data","51052","ENG_062_MZB_LO_1814","SEVERN",52.7431458728,-2.7898750054,2004,2013,10,10
"1142","England","James Sinclair","ENG_062_MZB_LO",563.108446025397,"within_100m_to_1000m","ENG_062_MZB_LO_1814__ENG_062_MZB_LO_3427","j","second data call; new data","173804","ENG_062_MZB_LO_3427","SEVERN",52.7439337147,-2.7984069362,2014,2024,11,10
"1143","England","James Sinclair","ENG_062_MZB_LO",528.76634515995,"within_100m_to_1000m","ENG_062_MZB_LO_2336__ENG_062_MZB_LO_3428","i","second data call; new data","55172","ENG_062_MZB_LO_2336","LACEBY BECK",53.527460081,-0.1565034094,2002,2023,22,22
"1144","England","James Sinclair","ENG_062_MZB_LO",528.76634515995,"within_100m_to_1000m","ENG_062_MZB_LO_2336__ENG_062_MZB_LO_3428","j","second data call; new data","173884","ENG_062_MZB_LO_3428","TEAM GATE DRAIN",53.5267496941,-0.1483420581,2014,2023,10,10
"1145","England","James Sinclair","ENG_062_MZB_LO",563.004699168524,"within_100m_to_1000m","ENG_062_MZB_LO_3430__ENG_062_MZB_LO_916","i","second data call; new data","34111","ENG_062_MZB_LO_916","MIMRAM",51.8567779025,-0.2640241226,2002,2023,22,21
"1146","England","James Sinclair","ENG_062_MZB_LO",563.004699168524,"within_100m_to_1000m","ENG_062_MZB_LO_3430__ENG_062_MZB_LO_916","j","second data call; new data","178965","ENG_062_MZB_LO_3430","MIMRAM",51.8517521285,-0.2616329294,2014,2023,10,10
"1147","England","James Sinclair","ENG_062_MZB_LO",989.909736412866,"within_100m_to_1000m","ENG_062_MZB_LO_3430__ENG_062_MZB_LO_929","i","second data call; new data","34171","ENG_062_MZB_LO_929","MIMRAM",51.8476075113,-0.2483485685,2002,2023,22,22
"1148","England","James Sinclair","ENG_062_MZB_LO",989.909736412866,"within_100m_to_1000m","ENG_062_MZB_LO_3430__ENG_062_MZB_LO_929","j","second data call; new data","178965","ENG_062_MZB_LO_3430","MIMRAM",51.8517521285,-0.2616329294,2014,2023,10,10
"1149","England","James Sinclair","ENG_062_MZB_LO",512.618961935908,"within_100m_to_1000m","ENG_062_MZB_LO_3431__ENG_062_MZB_LO_845","i","second data call; new data","33407","ENG_062_MZB_LO_845","MIMRAM",51.8299693543,-0.2151309783,2014,2023,10,10
"1150","England","James Sinclair","ENG_062_MZB_LO",512.618961935908,"within_100m_to_1000m","ENG_062_MZB_LO_3431__ENG_062_MZB_LO_845","j","second data call; new data","178969","ENG_062_MZB_LO_3431","MIMRAM",51.8290989133,-0.2075607759,2009,2023,15,12
"1151","England","James Sinclair","ENG_062_MZB_LO",658.028360245644,"within_100m_to_1000m","ENG_062_MZB_LO_3432__ENG_062_MZB_LO_845","i","second data call; new data","33407","ENG_062_MZB_LO_845","MIMRAM",51.8299693543,-0.2151309783,2014,2023,10,10
"1152","England","James Sinclair","ENG_062_MZB_LO",658.028360245644,"within_100m_to_1000m","ENG_062_MZB_LO_3432__ENG_062_MZB_LO_845","j","second data call; new data","178970","ENG_062_MZB_LO_3432","MIMRAM",51.8263855623,-0.2071170145,2009,2024,16,13
"1153","England","James Sinclair","ENG_062_MZB_LO",874.008382201469,"within_100m_to_1000m","ENG_062_MZB_LO_3432__ENG_062_MZB_LO_858","i","second data call; new data","33597","ENG_062_MZB_LO_858","MIMRAM",51.8200899814,-0.1988061941,2002,2023,22,12
"1154","England","James Sinclair","ENG_062_MZB_LO",874.008382201469,"within_100m_to_1000m","ENG_062_MZB_LO_3432__ENG_062_MZB_LO_858","j","second data call; new data","178970","ENG_062_MZB_LO_3432","MIMRAM",51.8263855623,-0.2071170145,2009,2024,16,13
"1155","England","James Sinclair","ENG_062_MZB_LO",293.056752411592,"within_100m_to_1000m","ENG_062_MZB_LO_3431__ENG_062_MZB_LO_3432","i","second data call; new data","178969","ENG_062_MZB_LO_3431","MIMRAM",51.8290989133,-0.2075607759,2009,2023,15,12
"1156","England","James Sinclair","ENG_062_MZB_LO",293.056752411592,"within_100m_to_1000m","ENG_062_MZB_LO_3431__ENG_062_MZB_LO_3432","j","second data call; new data","178970","ENG_062_MZB_LO_3432","MIMRAM",51.8263855623,-0.2071170145,2009,2024,16,13
"1157","England","James Sinclair","ENG_062_MZB_LO",211.244521842693,"within_100m_to_1000m","ENG_062_MZB_LO_3433__ENG_062_MZB_LO_858","i","second data call; new data","33597","ENG_062_MZB_LO_858","MIMRAM",51.8200899814,-0.1988061941,2002,2023,22,12
"1158","England","James Sinclair","ENG_062_MZB_LO",211.244521842693,"within_100m_to_1000m","ENG_062_MZB_LO_3433__ENG_062_MZB_LO_858","j","second data call; new data","178972","ENG_062_MZB_LO_3433","MIMRAM",51.8186102451,-0.1967177792,2014,2023,10,10
"1159","England","James Sinclair","ENG_062_MZB_LO",917.950245963815,"within_100m_to_1000m","ENG_062_MZB_LO_3433__ENG_062_MZB_LO_3434","i","second data call; new data","178972","ENG_062_MZB_LO_3433","MIMRAM",51.8186102451,-0.1967177792,2014,2023,10,10
"1160","England","James Sinclair","ENG_062_MZB_LO",917.950245963815,"within_100m_to_1000m","ENG_062_MZB_LO_3433__ENG_062_MZB_LO_3434","j","second data call; new data","178973","ENG_062_MZB_LO_3434","MIMRAM",51.8162660995,-0.183463056,2014,2023,10,10
"1161","England","James Sinclair","ENG_062_MZB_LO",317.164700740977,"within_100m_to_1000m","ENG_062_MZB_LO_3436__ENG_062_MZB_LO_894","i","second data call; new data","34019","ENG_062_MZB_LO_894","BEANE",51.8683145431,-0.1285366367,2002,2023,22,19
"1162","England","James Sinclair","ENG_062_MZB_LO",317.164700740977,"within_100m_to_1000m","ENG_062_MZB_LO_3436__ENG_062_MZB_LO_894","j","second data call; new data","178975","ENG_062_MZB_LO_3436","BEANE",51.8712654929,-0.1286320857,2014,2023,10,7
"1163","England","James Sinclair","ENG_062_MZB_LO",482.192031768771,"within_100m_to_1000m","ENG_062_MZB_LO_3436__ENG_062_MZB_LO_981","i","second data call; new data","34362","ENG_062_MZB_LO_981","STEVENAGE BROOK",51.8673470957,-0.1321645716,2002,2023,22,22
"1164","England","James Sinclair","ENG_062_MZB_LO",482.192031768771,"within_100m_to_1000m","ENG_062_MZB_LO_3436__ENG_062_MZB_LO_981","j","second data call; new data","178975","ENG_062_MZB_LO_3436","BEANE",51.8712654929,-0.1286320857,2014,2023,10,7
"1165","England","James Sinclair","ENG_062_MZB_LO",459.384173166684,"within_100m_to_1000m","ENG_062_MZB_LO_3437__ENG_062_MZB_LO_893","i","second data call; new data","34017","ENG_062_MZB_LO_893","BEANE",51.8616176493,-0.1168469497,2002,2023,22,22
"1166","England","James Sinclair","ENG_062_MZB_LO",459.384173166684,"within_100m_to_1000m","ENG_062_MZB_LO_3437__ENG_062_MZB_LO_893","j","second data call; new data","178976","ENG_062_MZB_LO_3437","BEANE",51.8633194926,-0.1231810912,2014,2023,10,9
"1167","England","James Sinclair","ENG_062_MZB_LO",644.237171698188,"within_100m_to_1000m","ENG_062_MZB_LO_3437__ENG_062_MZB_LO_894","i","second data call; new data","34019","ENG_062_MZB_LO_894","BEANE",51.8683145431,-0.1285366367,2002,2023,22,19
"1168","England","James Sinclair","ENG_062_MZB_LO",644.237171698188,"within_100m_to_1000m","ENG_062_MZB_LO_3437__ENG_062_MZB_LO_894","j","second data call; new data","178976","ENG_062_MZB_LO_3437","BEANE",51.8633194926,-0.1231810912,2014,2023,10,9
"1169","England","James Sinclair","ENG_062_MZB_LO",737.892020169251,"within_100m_to_1000m","ENG_062_MZB_LO_3437__ENG_062_MZB_LO_981","i","second data call; new data","34362","ENG_062_MZB_LO_981","STEVENAGE BROOK",51.8673470957,-0.1321645716,2002,2023,22,22
"1170","England","James Sinclair","ENG_062_MZB_LO",737.892020169251,"within_100m_to_1000m","ENG_062_MZB_LO_3437__ENG_062_MZB_LO_981","j","second data call; new data","178976","ENG_062_MZB_LO_3437","BEANE",51.8633194926,-0.1231810912,2014,2023,10,9
"1171","England","James Sinclair","ENG_062_MZB_LO",927.664579475332,"within_100m_to_1000m","ENG_062_MZB_LO_3436__ENG_062_MZB_LO_3437","i","second data call; new data","178975","ENG_062_MZB_LO_3436","BEANE",51.8712654929,-0.1286320857,2014,2023,10,7
"1172","England","James Sinclair","ENG_062_MZB_LO",927.664579475332,"within_100m_to_1000m","ENG_062_MZB_LO_3436__ENG_062_MZB_LO_3437","j","second data call; new data","178976","ENG_062_MZB_LO_3437","BEANE",51.8633194926,-0.1231810912,2014,2023,10,9
"1173","England","James Sinclair","ENG_062_MZB_LO",319.872734178602,"within_100m_to_1000m","ENG_062_MZB_LO_3438__ENG_062_MZB_LO_893","i","second data call; new data","34017","ENG_062_MZB_LO_893","BEANE",51.8616176493,-0.1168469497,2002,2023,22,22
"1174","England","James Sinclair","ENG_062_MZB_LO",319.872734178602,"within_100m_to_1000m","ENG_062_MZB_LO_3438__ENG_062_MZB_LO_893","j","second data call; new data","178977","ENG_062_MZB_LO_3438","BEANE",51.8593118947,-0.1138062426,2014,2023,10,9
"1175","England","James Sinclair","ENG_062_MZB_LO",757.954320862468,"within_100m_to_1000m","ENG_062_MZB_LO_3437__ENG_062_MZB_LO_3438","i","second data call; new data","178976","ENG_062_MZB_LO_3437","BEANE",51.8633194926,-0.1231810912,2014,2023,10,9
"1176","England","James Sinclair","ENG_062_MZB_LO",757.954320862468,"within_100m_to_1000m","ENG_062_MZB_LO_3437__ENG_062_MZB_LO_3438","j","second data call; new data","178977","ENG_062_MZB_LO_3438","BEANE",51.8593118947,-0.1138062426,2014,2023,10,9
"1177","England","James Sinclair","ENG_062_MZB_LO",984.676625867815,"within_100m_to_1000m","ENG_062_MZB_LO_3438__ENG_062_MZB_LO_3439","i","second data call; new data","178977","ENG_062_MZB_LO_3438","BEANE",51.8593118947,-0.1138062426,2014,2023,10,9
"1178","England","James Sinclair","ENG_062_MZB_LO",984.676625867815,"within_100m_to_1000m","ENG_062_MZB_LO_3438__ENG_062_MZB_LO_3439","j","second data call; new data","178978","ENG_062_MZB_LO_3439","BEANE",51.8533491901,-0.102569381,2014,2023,10,9
"1179","England","James Sinclair","ENG_062_MZB_LO",746.580037414215,"within_100m_to_1000m","ENG_062_MZB_LO_3442__ENG_062_MZB_LO_846","i","second data call; new data","33408","ENG_062_MZB_LO_846","MIMRAM",51.8375206902,-0.2209434156,2002,2020,19,18
"1180","England","James Sinclair","ENG_062_MZB_LO",746.580037414215,"within_100m_to_1000m","ENG_062_MZB_LO_3442__ENG_062_MZB_LO_846","j","second data call; new data","179285","ENG_062_MZB_LO_3442","MIMRAM",51.8366365137,-0.2320675873,2014,2023,10,10
"1181","Spain","Aitor Larrañaga","ESP_034_MZB_LO",724.585355772061,"within_100m_to_1000m","ESP_034_MZB_LO_10__ESP_034_MZB_LO_9","i","second data call; new data","Gip17","ESP_034_MZB_LO_9","Deba",43.04714,-2.49928,2000,2012,13,13
"1182","Spain","Aitor Larrañaga","ESP_034_MZB_LO",724.585355772061,"within_100m_to_1000m","ESP_034_MZB_LO_10__ESP_034_MZB_LO_9","j","second data call; new data","Gip18","ESP_034_MZB_LO_10","Deba",43.0526,-2.493996,1987,2021,35,25
"1183","Spain","Aitor Larrañaga","ESP_034_MZB_LO",826.679643056744,"within_100m_to_1000m","ESP_034_MZB_LO_13__ESP_034_MZB_LO_14","i","second data call; new data","Gip20","ESP_034_MZB_LO_13","Deba",43.12391,-2.420182,2006,2016,11,11
"1184","Spain","Aitor Larrañaga","ESP_034_MZB_LO",826.679643056744,"within_100m_to_1000m","ESP_034_MZB_LO_13__ESP_034_MZB_LO_14","j","second data call; new data","Gip21","ESP_034_MZB_LO_14","Deba",43.13155,-2.420216,1987,2021,35,31
"1185","Spain","Aitor Larrañaga","ESP_034_MZB_LO",587.339735955714,"within_100m_to_1000m","ESP_034_MZB_LO_26__ESP_034_MZB_LO_35","i","second data call; new data","Gip32","ESP_034_MZB_LO_26","Oiartzun",43.31027562,-1.88159135,1999,2021,23,18
"1186","Spain","Aitor Larrañaga","ESP_034_MZB_LO",587.339735955714,"within_100m_to_1000m","ESP_034_MZB_LO_26__ESP_034_MZB_LO_35","j","second data call; new data","Gip40","ESP_034_MZB_LO_35","Oiartzun",43.3117,-1.888767,1987,2021,35,32
"1187","Spain","Aitor Larrañaga","ESP_034_MZB_LO",139.279666553589,"within_100m_to_1000m","ESP_034_MZB_LO_11__ESP_034_MZB_LO_38","i","second data call; new data","Gip19","ESP_034_MZB_LO_11","Deba",43.082,-2.447405,1987,2021,35,25
"1188","Spain","Aitor Larrañaga","ESP_034_MZB_LO",139.279666553589,"within_100m_to_1000m","ESP_034_MZB_LO_11__ESP_034_MZB_LO_38","j","second data call; new data","Gip43","ESP_034_MZB_LO_38","Deba",43.0825,-2.445787,1987,2021,35,25
"1189","Spain","Aitor Larrañaga","ESP_034_MZB_LO",805.418607943038,"within_100m_to_1000m","ESP_034_MZB_LO_25__ESP_034_MZB_LO_42","i","second data call; new data","Gip31","ESP_034_MZB_LO_25","Oria",43.05029869,-2.219227779,1996,2021,26,24
"1190","Spain","Aitor Larrañaga","ESP_034_MZB_LO",805.418607943038,"within_100m_to_1000m","ESP_034_MZB_LO_25__ESP_034_MZB_LO_42","j","second data call; new data","Gip47","ESP_034_MZB_LO_42","Oria",43.04932,-2.209168,2003,2016,14,14
"1191","Spain","Aitor Larrañaga","ESP_034_MZB_LO",701.814352087399,"within_100m_to_1000m","ESP_034_MZB_LO_13__ESP_034_MZB_LO_52","i","second data call; new data","Gip20","ESP_034_MZB_LO_13","Deba",43.12391,-2.420182,2006,2016,11,11
"1192","Spain","Aitor Larrañaga","ESP_034_MZB_LO",701.814352087399,"within_100m_to_1000m","ESP_034_MZB_LO_13__ESP_034_MZB_LO_52","j","second data call; new data","Gip56","ESP_034_MZB_LO_52","Deba",43.12867,-2.426197,1998,2021,24,22
"1193","Spain","Aitor Larrañaga","ESP_034_MZB_LO",567.258921951464,"within_100m_to_1000m","ESP_034_MZB_LO_14__ESP_034_MZB_LO_52","i","second data call; new data","Gip21","ESP_034_MZB_LO_14","Deba",43.13155,-2.420216,1987,2021,35,31
"1194","Spain","Aitor Larrañaga","ESP_034_MZB_LO",567.258921951464,"within_100m_to_1000m","ESP_034_MZB_LO_14__ESP_034_MZB_LO_52","j","second data call; new data","Gip56","ESP_034_MZB_LO_52","Deba",43.12867,-2.426197,1998,2021,24,22
"1195","Spain","Aitor Larrañaga","ESP_034_MZB_LO",536.293114538163,"within_100m_to_1000m","ESP_034_MZB_LO_4__ESP_034_MZB_LO_54","i","second data call; new data","Gip12","ESP_034_MZB_LO_4","Urola",43.01862,-2.333612,1996,2021,26,24
"1196","Spain","Aitor Larrañaga","ESP_034_MZB_LO",536.293114538163,"within_100m_to_1000m","ESP_034_MZB_LO_4__ESP_034_MZB_LO_54","j","second data call; new data","Gip58","ESP_034_MZB_LO_54","Urola",43.01385,-2.331783,1987,2021,35,25
"1197","Spain","Aitor Larrañaga","ESP_034_MZB_LO",718.514200497686,"within_100m_to_1000m","ESP_034_MZB_LO_58__ESP_034_MZB_LO_59","i","second data call; new data","Gip61","ESP_034_MZB_LO_58","Urola",43.10386,-2.316059,2000,2017,18,17
"1198","Spain","Aitor Larrañaga","ESP_034_MZB_LO",718.514200497686,"within_100m_to_1000m","ESP_034_MZB_LO_58__ESP_034_MZB_LO_59","j","second data call; new data","Gip62","ESP_034_MZB_LO_59","Urola",43.11041,-2.317547,1987,2017,31,23
"1199","Spain","Aitor Larrañaga","ESP_034_MZB_LO",875.667880432391,"within_100m_to_1000m","ESP_034_MZB_LO_5__ESP_034_MZB_LO_67","i","second data call; new data","Gip13","ESP_034_MZB_LO_5","Oria",43.13183952,-2.069140446,1987,2021,35,25
"1200","Spain","Aitor Larrañaga","ESP_034_MZB_LO",875.667880432391,"within_100m_to_1000m","ESP_034_MZB_LO_5__ESP_034_MZB_LO_67","j","second data call; new data","Gip7","ESP_034_MZB_LO_67","Oria",43.12746,-2.078432,1996,2021,26,24
"1201","Spain","Aitor Larrañaga","ESP_034_MZB_LO",676.194420404275,"within_100m_to_1000m","ESP_034_MZB_LO_47__ESP_034_MZB_LO_67","i","second data call; new data","Gip51","ESP_034_MZB_LO_47","Oria",43.12606,-2.086747,1987,2021,35,28
"1202","Spain","Aitor Larrañaga","ESP_034_MZB_LO",676.194420404275,"within_100m_to_1000m","ESP_034_MZB_LO_47__ESP_034_MZB_LO_67","j","second data call; new data","Gip7","ESP_034_MZB_LO_67","Oria",43.12746,-2.078432,1996,2021,26,24
"1203","Spain","Aitor Larrañaga","ESP_034_MZB_LO",132.329697140673,"within_100m_to_1000m","ESP_034_MZB_LO_29__ESP_034_MZB_LO_71","i","second data call; new data","Gip35","ESP_034_MZB_LO_29","Urumea",43.25962,-1.94499,1987,2017,31,23
"1204","Spain","Aitor Larrañaga","ESP_034_MZB_LO",132.329697140673,"within_100m_to_1000m","ESP_034_MZB_LO_29__ESP_034_MZB_LO_71","j","second data call; new data","Gip73","ESP_034_MZB_LO_71","Urumea",43.26036598,-1.946316549,1986,2021,36,33
"1205","Spain","Aitor Larrañaga","ESP_034_MZB_LO",106.556943243836,"within_100m_to_1000m","ESP_034_MZB_LO_31__ESP_034_MZB_LO_74","i","second data call; new data","Gip37","ESP_034_MZB_LO_31","Oiartzun",43.28322,-1.818994,1987,2021,35,25
"1206","Spain","Aitor Larrañaga","ESP_034_MZB_LO",106.556943243836,"within_100m_to_1000m","ESP_034_MZB_LO_31__ESP_034_MZB_LO_74","j","second data call; new data","Gip8","ESP_034_MZB_LO_74","Oiartzun",43.28399,-1.818153,1996,2021,26,24
"1207","Spain","Aitor Larrañaga","ESP_034_MZB_LO",211.276362279679,"within_100m_to_1000m","ESP_034_MZB_LO_60__ESP_034_MZB_LO_76","i","second data call; new data","Gip63","ESP_034_MZB_LO_60","Urola",43.13403,-2.350034,1996,2021,26,24
"1208","Spain","Aitor Larrañaga","ESP_034_MZB_LO",211.276362279679,"within_100m_to_1000m","ESP_034_MZB_LO_60__ESP_034_MZB_LO_76","j","first call; data Ellen used","103000516","ESP_034_MZB_LO_76","Urola",43.1323467,-2.3513851,1993,2019,27,25
"1209","Spain","Aitor Larrañaga","ESP_034_MZB_LO",799.822465732361,"within_100m_to_1000m","ESP_034_MZB_LO_42__ESP_034_MZB_LO_93","i","second data call; new data","Gip47","ESP_034_MZB_LO_42","Oria",43.04932,-2.209168,2003,2016,14,14
"1210","Spain","Aitor Larrañaga","ESP_034_MZB_LO",799.822465732361,"within_100m_to_1000m","ESP_034_MZB_LO_42__ESP_034_MZB_LO_93","j","first call; data Ellen used","103000533","ESP_034_MZB_LO_93","Estanda",43.0504046,-2.2191363,2002,2019,18,18
"1211","Spain","Aitor Larrañaga","ESP_034_MZB_LO",654.080147807659,"within_100m_to_1000m","ESP_034_MZB_LO_13__ESP_034_MZB_LO_97","i","second data call; new data","Gip20","ESP_034_MZB_LO_13","Deba",43.12391,-2.420182,2006,2016,11,11
"1212","Spain","Aitor Larrañaga","ESP_034_MZB_LO",654.080147807659,"within_100m_to_1000m","ESP_034_MZB_LO_13__ESP_034_MZB_LO_97","j","first call; data Ellen used","103000537","ESP_034_MZB_LO_97","Deba",43.1268631,-2.4273828,2009,2019,11,9
"1213","Spain","Aitor Larrañaga","ESP_034_MZB_LO",761.440241325628,"within_100m_to_1000m","ESP_034_MZB_LO_14__ESP_034_MZB_LO_97","i","second data call; new data","Gip21","ESP_034_MZB_LO_14","Deba",43.13155,-2.420216,1987,2021,35,31
"1214","Spain","Aitor Larrañaga","ESP_034_MZB_LO",761.440241325628,"within_100m_to_1000m","ESP_034_MZB_LO_14__ESP_034_MZB_LO_97","j","first call; data Ellen used","103000537","ESP_034_MZB_LO_97","Deba",43.1268631,-2.4273828,2009,2019,11,9
"1215","Spain","Aitor Larrañaga","ESP_034_MZB_LO",216.927224527277,"within_100m_to_1000m","ESP_034_MZB_LO_52__ESP_034_MZB_LO_97","i","second data call; new data","Gip56","ESP_034_MZB_LO_52","Deba",43.12867,-2.426197,1998,2021,24,22
"1216","Spain","Aitor Larrañaga","ESP_034_MZB_LO",216.927224527277,"within_100m_to_1000m","ESP_034_MZB_LO_52__ESP_034_MZB_LO_97","j","first call; data Ellen used","103000537","ESP_034_MZB_LO_97","Deba",43.1268631,-2.4273828,2009,2019,11,9
"1217","Spain","Aitor Larrañaga","ESP_034_MZB_LO",794.606001291713,"within_100m_to_1000m","ESP_034_MZB_LO_100__ESP_034_MZB_LO_54","i","second data call; new data","Gip58","ESP_034_MZB_LO_54","Urola",43.01385,-2.331783,1987,2021,35,25
"1218","Spain","Aitor Larrañaga","ESP_034_MZB_LO",794.606001291713,"within_100m_to_1000m","ESP_034_MZB_LO_100__ESP_034_MZB_LO_54","j","first call; data Ellen used","103000540","ESP_034_MZB_LO_100","Urola",43.0067008,-2.3295061,2002,2018,17,11
"1219","Spain","Aitor Larrañaga","ESP_034_MZB_LO",804.107408438136,"within_100m_to_1000m","ESP_034_MZB_LO_105__ESP_034_MZB_LO_20","i","second data call; new data","Gip27","ESP_034_MZB_LO_20","Deba",43.19199992,-2.44253436,1987,2021,35,25
"1220","Spain","Aitor Larrañaga","ESP_034_MZB_LO",804.107408438136,"within_100m_to_1000m","ESP_034_MZB_LO_105__ESP_034_MZB_LO_20","j","first call; data Ellen used","103000545","ESP_034_MZB_LO_105","Ego",43.1891977,-2.4519425,1993,2019,27,25
"1221","Spain","Aitor Larrañaga","ESP_034_MZB_LO",800.348192917368,"within_100m_to_1000m","ESP_034_MZB_LO_109__ESP_034_MZB_LO_26","i","second data call; new data","Gip32","ESP_034_MZB_LO_26","Oiartzun",43.31027562,-1.88159135,1999,2021,23,18
"1222","Spain","Aitor Larrañaga","ESP_034_MZB_LO",800.348192917368,"within_100m_to_1000m","ESP_034_MZB_LO_109__ESP_034_MZB_LO_26","j","first call; data Ellen used","103000549","ESP_034_MZB_LO_109","Oiartzun",43.3033912,-1.8853049,1993,2019,27,27
"1223","Spain","Aitor Larrañaga","ESP_034_MZB_LO",886.991224957657,"within_100m_to_1000m","ESP_034_MZB_LO_109__ESP_034_MZB_LO_33","i","second data call; new data","Gip39","ESP_034_MZB_LO_33","Oiartzun",43.30039,-1.874856,1987,2021,35,25
"1224","Spain","Aitor Larrañaga","ESP_034_MZB_LO",886.991224957657,"within_100m_to_1000m","ESP_034_MZB_LO_109__ESP_034_MZB_LO_33","j","first call; data Ellen used","103000549","ESP_034_MZB_LO_109","Oiartzun",43.3033912,-1.8853049,1993,2019,27,27
"1225","Spain","Aitor Larrañaga","ESP_034_MZB_LO",939.407526288471,"within_100m_to_1000m","ESP_034_MZB_LO_109__ESP_034_MZB_LO_35","i","second data call; new data","Gip40","ESP_034_MZB_LO_35","Oiartzun",43.3117,-1.888767,1987,2021,35,32
"1226","Spain","Aitor Larrañaga","ESP_034_MZB_LO",939.407526288471,"within_100m_to_1000m","ESP_034_MZB_LO_109__ESP_034_MZB_LO_35","j","first call; data Ellen used","103000549","ESP_034_MZB_LO_109","Oiartzun",43.3033912,-1.8853049,1993,2019,27,27
"1227","Spain","Aitor Larrañaga","ESP_034_MZB_LO",279.653252596884,"within_100m_to_1000m","ESP_034_MZB_LO_127__ESP_034_MZB_LO_48","i","second data call; new data","Gip52","ESP_034_MZB_LO_48","Oria",43.16558,-2.068432,1987,2021,35,32
"1228","Spain","Aitor Larrañaga","ESP_034_MZB_LO",279.653252596884,"within_100m_to_1000m","ESP_034_MZB_LO_127__ESP_034_MZB_LO_48","j","first call; data Ellen used","103000567","ESP_034_MZB_LO_127","Oria",43.1668333,-2.0715202,1993,2019,27,16
"1229","Spain","Aitor Larrañaga","ESP_034_MZB_LO",611.182452652941,"within_100m_to_1000m","ESP_034_MZB_LO_133__ESP_034_MZB_LO_28","i","second data call; new data","Gip34","ESP_034_MZB_LO_28","Urola",43.179,-2.256234,1987,2021,35,29
"1230","Spain","Aitor Larrañaga","ESP_034_MZB_LO",611.182452652941,"within_100m_to_1000m","ESP_034_MZB_LO_133__ESP_034_MZB_LO_28","j","first call; data Ellen used","103000573","ESP_034_MZB_LO_133","Ibaieder",43.1733514,-2.2561423,2002,2019,18,18
"1231","Spain","Aitor Larrañaga","ESP_034_MZB_LO",380.807978375228,"within_100m_to_1000m","ESP_034_MZB_LO_135__ESP_034_MZB_LO_50","i","second data call; new data","Gip54","ESP_034_MZB_LO_50","Oria",43.26846,-2.053899,1987,2021,35,32
"1232","Spain","Aitor Larrañaga","ESP_034_MZB_LO",380.807978375228,"within_100m_to_1000m","ESP_034_MZB_LO_135__ESP_034_MZB_LO_50","j","first call; data Ellen used","103000575","ESP_034_MZB_LO_135","Oria",43.2711862,-2.056947,2002,2019,18,17
"1233","Spain","Aitor Larrañaga","ESP_034_MZB_LO",223.468616234975,"within_100m_to_1000m","ESP_034_MZB_LO_137__ESP_034_MZB_LO_57","i","second data call; new data","Gip60","ESP_034_MZB_LO_57","Urola",43.07055,-2.33117,1991,2021,31,25
"1234","Spain","Aitor Larrañaga","ESP_034_MZB_LO",223.468616234975,"within_100m_to_1000m","ESP_034_MZB_LO_137__ESP_034_MZB_LO_57","j","first call; data Ellen used","103000577","ESP_034_MZB_LO_137","Urola",43.0725695,-2.3305818,1997,2019,23,22
"1235","Spain","Aitor Larrañaga","ESP_034_MZB_LO",228.50746831896,"within_100m_to_1000m","ESP_034_MZB_LO_152__ESP_034_MZB_LO_31","i","second data call; new data","Gip37","ESP_034_MZB_LO_31","Oiartzun",43.28322,-1.818994,1987,2021,35,25
"1236","Spain","Aitor Larrañaga","ESP_034_MZB_LO",228.50746831896,"within_100m_to_1000m","ESP_034_MZB_LO_152__ESP_034_MZB_LO_31","j","first call; data Ellen used","103000592","ESP_034_MZB_LO_152","Oiartzun",43.2813632,-1.8203729,2002,2016,15,8
"1237","Spain","Aitor Larrañaga","ESP_034_MZB_LO",333.935312701099,"within_100m_to_1000m","ESP_034_MZB_LO_152__ESP_034_MZB_LO_74","i","second data call; new data","Gip8","ESP_034_MZB_LO_74","Oiartzun",43.28399,-1.818153,1996,2021,26,24
"1238","Spain","Aitor Larrañaga","ESP_034_MZB_LO",333.935312701099,"within_100m_to_1000m","ESP_034_MZB_LO_152__ESP_034_MZB_LO_74","j","first call; data Ellen used","103000592","ESP_034_MZB_LO_152","Oiartzun",43.2813632,-1.8203729,2002,2016,15,8
"1239","Spain","Aitor Larrañaga","ESP_034_MZB_LO",979.189901583896,"within_100m_to_1000m","ESP_034_MZB_LO_159__ESP_034_MZB_LO_43","i","second data call; new data","Gip48","ESP_034_MZB_LO_43","Oria",43.06592,-2.169419,1987,2021,35,31
"1240","Spain","Aitor Larrañaga","ESP_034_MZB_LO",979.189901583896,"within_100m_to_1000m","ESP_034_MZB_LO_159__ESP_034_MZB_LO_43","j","first call; data Ellen used","103000599","ESP_034_MZB_LO_159","Oria",43.0573502,-2.1733788,2007,2019,13,13
"1241","Spain","Aitor Larrañaga","ESP_034_MZB_LO",172.950157993354,"within_100m_to_1000m","ESP_034_MZB_LO_170__ESP_034_MZB_LO_38","i","second data call; new data","Gip43","ESP_034_MZB_LO_38","Deba",43.0825,-2.445787,1987,2021,35,25
"1242","Spain","Aitor Larrañaga","ESP_034_MZB_LO",172.950157993354,"within_100m_to_1000m","ESP_034_MZB_LO_170__ESP_034_MZB_LO_38","j","first call; data Ellen used","103000610","ESP_034_MZB_LO_170","Deba",43.0814872,-2.4474737,2002,2019,18,18
"1243","Spain","Aitor Larrañaga","ESP_034_MZB_LO",764.439420509321,"within_100m_to_1000m","ESP_034_MZB_LO_174__ESP_034_MZB_LO_40","i","second data call; new data","Gip45","ESP_034_MZB_LO_40","Oria",43.01811,-2.250091,1989,2021,33,31
"1244","Spain","Aitor Larrañaga","ESP_034_MZB_LO",764.439420509321,"within_100m_to_1000m","ESP_034_MZB_LO_174__ESP_034_MZB_LO_40","j","first call; data Ellen used","103000614","ESP_034_MZB_LO_174","Oria",43.0217141,-2.2418122,2004,2019,16,16
"1245","Spain","Aitor Larrañaga","ESP_034_MZB_LO",475.685660074362,"within_100m_to_1000m","ESP_034_MZB_LO_15__ESP_034_MZB_LO_176","i","second data call; new data","Gip22","ESP_034_MZB_LO_15","Deba",43.17846,-2.413068,1993,2021,29,27
"1246","Spain","Aitor Larrañaga","ESP_034_MZB_LO",475.685660074362,"within_100m_to_1000m","ESP_034_MZB_LO_15__ESP_034_MZB_LO_176","j","first call; data Ellen used","103000616","ESP_034_MZB_LO_176","Deba",43.1778603,-2.4190195,2007,2019,13,13
"1247","Spain","Aitor Larrañaga","ESP_034_MZB_LO",553.118793155109,"within_100m_to_1000m","ESP_034_MZB_LO_184__ESP_034_MZB_LO_58","i","second data call; new data","Gip61","ESP_034_MZB_LO_58","Urola",43.10386,-2.316059,2000,2017,18,17
"1248","Spain","Aitor Larrañaga","ESP_034_MZB_LO",553.118793155109,"within_100m_to_1000m","ESP_034_MZB_LO_184__ESP_034_MZB_LO_58","j","first call; data Ellen used","103000624","ESP_034_MZB_LO_184","Urola",43.1085381,-2.3188706,2007,2019,13,13
"1249","Spain","Aitor Larrañaga","ESP_034_MZB_LO",228.121728484882,"within_100m_to_1000m","ESP_034_MZB_LO_184__ESP_034_MZB_LO_59","i","second data call; new data","Gip62","ESP_034_MZB_LO_59","Urola",43.11041,-2.317547,1987,2017,31,23
"1250","Spain","Aitor Larrañaga","ESP_034_MZB_LO",228.121728484882,"within_100m_to_1000m","ESP_034_MZB_LO_184__ESP_034_MZB_LO_59","j","first call; data Ellen used","103000624","ESP_034_MZB_LO_184","Urola",43.1085381,-2.3188706,2007,2019,13,13
"1251","Spain","Aitor Larrañaga","ESP_034_MZB_LO",227.299575019723,"within_100m_to_1000m","ESP_034_MZB_LO_191__ESP_034_MZB_LO_64","i","second data call; new data","Gip67","ESP_034_MZB_LO_64","Urola",43.22752,-2.256916,1989,2017,29,27
"1252","Spain","Aitor Larrañaga","ESP_034_MZB_LO",227.299575019723,"within_100m_to_1000m","ESP_034_MZB_LO_191__ESP_034_MZB_LO_64","j","first call; data Ellen used","103000631","ESP_034_MZB_LO_191","Urola",43.2256554,-2.2582403,2007,2019,13,13
"1253","Spain","Aitor Larrañaga","ESP_034_MZB_LO",412.169349760524,"within_100m_to_1000m","ESP_034_MZB_LO_195__ESP_034_MZB_LO_37","i","second data call; new data","Gip42","ESP_034_MZB_LO_37","Deba",43.06117551,-2.440322122,1989,2017,29,29
"1254","Spain","Aitor Larrañaga","ESP_034_MZB_LO",412.169349760524,"within_100m_to_1000m","ESP_034_MZB_LO_195__ESP_034_MZB_LO_37","j","first call; data Ellen used","103000635","ESP_034_MZB_LO_195","OÃ±ati",43.0646151,-2.4425529,1997,2019,23,23
"1255","Spain","Aitor Larrañaga","ESP_034_MZB_LO",228.50746831896,"within_100m_to_1000m","ESP_034_MZB_LO_283__ESP_034_MZB_LO_31","i","second data call; new data","Gip37","ESP_034_MZB_LO_31","Oiartzun",43.28322,-1.818994,1987,2021,35,25
"1256","Spain","Aitor Larrañaga","ESP_034_MZB_LO",228.50746831896,"within_100m_to_1000m","ESP_034_MZB_LO_283__ESP_034_MZB_LO_31","j","second data call; new data","BC115","ESP_034_MZB_LO_283","Oiartzun",43.2813632,-1.8203729,2002,2022,21,10
"1257","Spain","Aitor Larrañaga","ESP_034_MZB_LO",333.935312701099,"within_100m_to_1000m","ESP_034_MZB_LO_283__ESP_034_MZB_LO_74","i","second data call; new data","Gip8","ESP_034_MZB_LO_74","Oiartzun",43.28399,-1.818153,1996,2021,26,24
"1258","Spain","Aitor Larrañaga","ESP_034_MZB_LO",333.935312701099,"within_100m_to_1000m","ESP_034_MZB_LO_283__ESP_034_MZB_LO_74","j","second data call; new data","BC115","ESP_034_MZB_LO_283","Oiartzun",43.2813632,-1.8203729,2002,2022,21,10
"1259","Spain","Aitor Larrañaga","ESP_034_MZB_LO",979.189901583896,"within_100m_to_1000m","ESP_034_MZB_LO_291__ESP_034_MZB_LO_43","i","second data call; new data","Gip48","ESP_034_MZB_LO_43","Oria",43.06592,-2.169419,1987,2021,35,31
"1260","Spain","Aitor Larrañaga","ESP_034_MZB_LO",979.189901583896,"within_100m_to_1000m","ESP_034_MZB_LO_291__ESP_034_MZB_LO_43","j","second data call; new data","BC122","ESP_034_MZB_LO_291","Oria",43.0573502,-2.1733788,2007,2022,16,15
"1261","Spain","Aitor Larrañaga","ESP_034_MZB_LO",172.950157993354,"within_100m_to_1000m","ESP_034_MZB_LO_305__ESP_034_MZB_LO_38","i","second data call; new data","Gip43","ESP_034_MZB_LO_38","Deba",43.0825,-2.445787,1987,2021,35,25
"1262","Spain","Aitor Larrañaga","ESP_034_MZB_LO",172.950157993354,"within_100m_to_1000m","ESP_034_MZB_LO_305__ESP_034_MZB_LO_38","j","second data call; new data","BC137","ESP_034_MZB_LO_305","Deba",43.0814872,-2.4474737,2002,2021,20,20
"1263","Spain","Aitor Larrañaga","ESP_034_MZB_LO",764.439420509321,"within_100m_to_1000m","ESP_034_MZB_LO_311__ESP_034_MZB_LO_40","i","second data call; new data","Gip45","ESP_034_MZB_LO_40","Oria",43.01811,-2.250091,1989,2021,33,31
"1264","Spain","Aitor Larrañaga","ESP_034_MZB_LO",764.439420509321,"within_100m_to_1000m","ESP_034_MZB_LO_311__ESP_034_MZB_LO_40","j","second data call; new data","BC143","ESP_034_MZB_LO_311","Oria",43.0217141,-2.2418122,2004,2022,19,19
"1265","Spain","Aitor Larrañaga","ESP_034_MZB_LO",475.685660074362,"within_100m_to_1000m","ESP_034_MZB_LO_15__ESP_034_MZB_LO_313","i","second data call; new data","Gip22","ESP_034_MZB_LO_15","Deba",43.17846,-2.413068,1993,2021,29,27
"1266","Spain","Aitor Larrañaga","ESP_034_MZB_LO",475.685660074362,"within_100m_to_1000m","ESP_034_MZB_LO_15__ESP_034_MZB_LO_313","j","second data call; new data","BC146","ESP_034_MZB_LO_313","Deba",43.1778603,-2.4190195,2007,2021,15,15
"1267","Spain","Aitor Larrañaga","ESP_034_MZB_LO",564.149857036907,"within_100m_to_1000m","ESP_034_MZB_LO_315__ESP_034_MZB_LO_47","i","second data call; new data","Gip51","ESP_034_MZB_LO_47","Oria",43.12606,-2.086747,1987,2021,35,28
"1268","Spain","Aitor Larrañaga","ESP_034_MZB_LO",564.149857036907,"within_100m_to_1000m","ESP_034_MZB_LO_315__ESP_034_MZB_LO_47","j","second data call; new data","BC149","ESP_034_MZB_LO_315","Araxes",43.1256121,-2.0796553,2002,2011,10,10
"1269","Spain","Aitor Larrañaga","ESP_034_MZB_LO",222.215891112078,"within_100m_to_1000m","ESP_034_MZB_LO_315__ESP_034_MZB_LO_67","i","second data call; new data","Gip7","ESP_034_MZB_LO_67","Oria",43.12746,-2.078432,1996,2021,26,24
"1270","Spain","Aitor Larrañaga","ESP_034_MZB_LO",222.215891112078,"within_100m_to_1000m","ESP_034_MZB_LO_315__ESP_034_MZB_LO_67","j","second data call; new data","BC149","ESP_034_MZB_LO_315","Araxes",43.1256121,-2.0796553,2002,2011,10,10
"1271","Spain","Aitor Larrañaga","ESP_034_MZB_LO",553.118793155109,"within_100m_to_1000m","ESP_034_MZB_LO_325__ESP_034_MZB_LO_58","i","second data call; new data","Gip61","ESP_034_MZB_LO_58","Urola",43.10386,-2.316059,2000,2017,18,17
"1272","Spain","Aitor Larrañaga","ESP_034_MZB_LO",553.118793155109,"within_100m_to_1000m","ESP_034_MZB_LO_325__ESP_034_MZB_LO_58","j","second data call; new data","BC160","ESP_034_MZB_LO_325","Urola",43.1085381,-2.3188706,2007,2021,15,15
"1273","Spain","Aitor Larrañaga","ESP_034_MZB_LO",228.121728484882,"within_100m_to_1000m","ESP_034_MZB_LO_325__ESP_034_MZB_LO_59","i","second data call; new data","Gip62","ESP_034_MZB_LO_59","Urola",43.11041,-2.317547,1987,2017,31,23
"1274","Spain","Aitor Larrañaga","ESP_034_MZB_LO",228.121728484882,"within_100m_to_1000m","ESP_034_MZB_LO_325__ESP_034_MZB_LO_59","j","second data call; new data","BC160","ESP_034_MZB_LO_325","Urola",43.1085381,-2.3188706,2007,2021,15,15
"1275","Spain","Aitor Larrañaga","ESP_034_MZB_LO",227.299575019723,"within_100m_to_1000m","ESP_034_MZB_LO_331__ESP_034_MZB_LO_64","i","second data call; new data","Gip67","ESP_034_MZB_LO_64","Urola",43.22752,-2.256916,1989,2017,29,27
"1276","Spain","Aitor Larrañaga","ESP_034_MZB_LO",227.299575019723,"within_100m_to_1000m","ESP_034_MZB_LO_331__ESP_034_MZB_LO_64","j","second data call; new data","BC168","ESP_034_MZB_LO_331","Urola",43.2256554,-2.2582403,2007,2022,16,16
"1277","Spain","Aitor Larrañaga","ESP_034_MZB_LO",412.169349760524,"within_100m_to_1000m","ESP_034_MZB_LO_336__ESP_034_MZB_LO_37","i","second data call; new data","Gip42","ESP_034_MZB_LO_37","Deba",43.06117551,-2.440322122,1989,2017,29,29
"1278","Spain","Aitor Larrañaga","ESP_034_MZB_LO",412.169349760524,"within_100m_to_1000m","ESP_034_MZB_LO_336__ESP_034_MZB_LO_37","j","second data call; new data","BC174","ESP_034_MZB_LO_336","O√±ati",43.0646151,-2.4425529,1997,2022,26,26
"1279","Spain","Aitor Larrañaga","ESP_034_MZB_LO",211.276362279679,"within_100m_to_1000m","ESP_034_MZB_LO_339__ESP_034_MZB_LO_60","i","second data call; new data","Gip63","ESP_034_MZB_LO_60","Urola",43.13403,-2.350034,1996,2021,26,24
"1280","Spain","Aitor Larrañaga","ESP_034_MZB_LO",211.276362279679,"within_100m_to_1000m","ESP_034_MZB_LO_339__ESP_034_MZB_LO_60","j","second data call; new data","BC2","ESP_034_MZB_LO_339","Urola",43.1323467,-2.3513851,1993,2021,29,27
"1281","Spain","Aitor Larrañaga","ESP_034_MZB_LO",217.139005497996,"within_100m_to_1000m","ESP_034_MZB_LO_346__ESP_034_MZB_LO_77","i","first call; data Ellen used","103000517","ESP_034_MZB_LO_77","Larraondo",43.2630482,-2.275948,2007,2018,12,11
"1282","Spain","Aitor Larrañaga","ESP_034_MZB_LO",217.139005497996,"within_100m_to_1000m","ESP_034_MZB_LO_346__ESP_034_MZB_LO_77","j","second data call; new data","BC3","ESP_034_MZB_LO_346","Larraondo",43.261605,-2.277857,2007,2020,14,12
"1283","Spain","Aitor Larrañaga","ESP_034_MZB_LO",799.822465732361,"within_100m_to_1000m","ESP_034_MZB_LO_348__ESP_034_MZB_LO_42","i","second data call; new data","Gip47","ESP_034_MZB_LO_42","Oria",43.04932,-2.209168,2003,2016,14,14
"1284","Spain","Aitor Larrañaga","ESP_034_MZB_LO",799.822465732361,"within_100m_to_1000m","ESP_034_MZB_LO_348__ESP_034_MZB_LO_42","j","second data call; new data","BC32","ESP_034_MZB_LO_348","Estanda",43.0504046,-2.2191363,2002,2022,21,21
"1285","Spain","Aitor Larrañaga","ESP_034_MZB_LO",654.080147807659,"within_100m_to_1000m","ESP_034_MZB_LO_13__ESP_034_MZB_LO_352","i","second data call; new data","Gip20","ESP_034_MZB_LO_13","Deba",43.12391,-2.420182,2006,2016,11,11
"1286","Spain","Aitor Larrañaga","ESP_034_MZB_LO",654.080147807659,"within_100m_to_1000m","ESP_034_MZB_LO_13__ESP_034_MZB_LO_352","j","second data call; new data","BC37","ESP_034_MZB_LO_352","Deba",43.1268631,-2.4273828,2009,2021,13,11
"1287","Spain","Aitor Larrañaga","ESP_034_MZB_LO",761.440241325628,"within_100m_to_1000m","ESP_034_MZB_LO_14__ESP_034_MZB_LO_352","i","second data call; new data","Gip21","ESP_034_MZB_LO_14","Deba",43.13155,-2.420216,1987,2021,35,31
"1288","Spain","Aitor Larrañaga","ESP_034_MZB_LO",761.440241325628,"within_100m_to_1000m","ESP_034_MZB_LO_14__ESP_034_MZB_LO_352","j","second data call; new data","BC37","ESP_034_MZB_LO_352","Deba",43.1268631,-2.4273828,2009,2021,13,11
"1289","Spain","Aitor Larrañaga","ESP_034_MZB_LO",216.927224527277,"within_100m_to_1000m","ESP_034_MZB_LO_352__ESP_034_MZB_LO_52","i","second data call; new data","Gip56","ESP_034_MZB_LO_52","Deba",43.12867,-2.426197,1998,2021,24,22
"1290","Spain","Aitor Larrañaga","ESP_034_MZB_LO",216.927224527277,"within_100m_to_1000m","ESP_034_MZB_LO_352__ESP_034_MZB_LO_52","j","second data call; new data","BC37","ESP_034_MZB_LO_352","Deba",43.1268631,-2.4273828,2009,2021,13,11
"1291","Spain","Aitor Larrañaga","ESP_034_MZB_LO",794.606001291713,"within_100m_to_1000m","ESP_034_MZB_LO_354__ESP_034_MZB_LO_54","i","second data call; new data","Gip58","ESP_034_MZB_LO_54","Urola",43.01385,-2.331783,1987,2021,35,25
"1292","Spain","Aitor Larrañaga","ESP_034_MZB_LO",794.606001291713,"within_100m_to_1000m","ESP_034_MZB_LO_354__ESP_034_MZB_LO_54","j","second data call; new data","BC39","ESP_034_MZB_LO_354","Urola",43.0067008,-2.3295061,2002,2020,19,12
"1293","Spain","Aitor Larrañaga","ESP_034_MZB_LO",620.039658904099,"within_100m_to_1000m","ESP_034_MZB_LO_169__ESP_034_MZB_LO_355","i","first call; data Ellen used","103000609","ESP_034_MZB_LO_169","Mape",43.3670659,-2.702943,1999,2019,21,19
"1294","Spain","Aitor Larrañaga","ESP_034_MZB_LO",620.039658904099,"within_100m_to_1000m","ESP_034_MZB_LO_169__ESP_034_MZB_LO_355","j","second data call; new data","BC4","ESP_034_MZB_LO_355","Mape",43.365167,-2.7103575,1999,2013,15,6
"1295","Spain","Aitor Larrañaga","ESP_034_MZB_LO",620.039658904099,"within_100m_to_1000m","ESP_034_MZB_LO_304__ESP_034_MZB_LO_355","i","second data call; new data","BC136","ESP_034_MZB_LO_304","Mape",43.3670659,-2.702943,1999,2021,23,21
"1296","Spain","Aitor Larrañaga","ESP_034_MZB_LO",620.039658904099,"within_100m_to_1000m","ESP_034_MZB_LO_304__ESP_034_MZB_LO_355","j","second data call; new data","BC4","ESP_034_MZB_LO_355","Mape",43.365167,-2.7103575,1999,2013,15,6
"1297","Spain","Aitor Larrañaga","ESP_034_MZB_LO",804.107408438136,"within_100m_to_1000m","ESP_034_MZB_LO_20__ESP_034_MZB_LO_360","i","second data call; new data","Gip27","ESP_034_MZB_LO_20","Deba",43.19199992,-2.44253436,1987,2021,35,25
"1298","Spain","Aitor Larrañaga","ESP_034_MZB_LO",804.107408438136,"within_100m_to_1000m","ESP_034_MZB_LO_20__ESP_034_MZB_LO_360","j","second data call; new data","BC48","ESP_034_MZB_LO_360","Ego",43.1891977,-2.4519425,1993,2021,29,27
"1299","Spain","Aitor Larrañaga","ESP_034_MZB_LO",800.348192917368,"within_100m_to_1000m","ESP_034_MZB_LO_26__ESP_034_MZB_LO_366","i","second data call; new data","Gip32","ESP_034_MZB_LO_26","Oiartzun",43.31027562,-1.88159135,1999,2021,23,18
"1300","Spain","Aitor Larrañaga","ESP_034_MZB_LO",800.348192917368,"within_100m_to_1000m","ESP_034_MZB_LO_26__ESP_034_MZB_LO_366","j","second data call; new data","BC59","ESP_034_MZB_LO_366","Oiartzun",43.3033912,-1.8853049,1993,2022,30,30
"1301","Spain","Aitor Larrañaga","ESP_034_MZB_LO",886.991224957657,"within_100m_to_1000m","ESP_034_MZB_LO_33__ESP_034_MZB_LO_366","i","second data call; new data","Gip39","ESP_034_MZB_LO_33","Oiartzun",43.30039,-1.874856,1987,2021,35,25
"1302","Spain","Aitor Larrañaga","ESP_034_MZB_LO",886.991224957657,"within_100m_to_1000m","ESP_034_MZB_LO_33__ESP_034_MZB_LO_366","j","second data call; new data","BC59","ESP_034_MZB_LO_366","Oiartzun",43.3033912,-1.8853049,1993,2022,30,30
"1303","Spain","Aitor Larrañaga","ESP_034_MZB_LO",939.407526288471,"within_100m_to_1000m","ESP_034_MZB_LO_35__ESP_034_MZB_LO_366","i","second data call; new data","Gip40","ESP_034_MZB_LO_35","Oiartzun",43.3117,-1.888767,1987,2021,35,32
"1304","Spain","Aitor Larrañaga","ESP_034_MZB_LO",939.407526288471,"within_100m_to_1000m","ESP_034_MZB_LO_35__ESP_034_MZB_LO_366","j","second data call; new data","BC59","ESP_034_MZB_LO_366","Oiartzun",43.3033912,-1.8853049,1993,2022,30,30
"1305","Spain","Aitor Larrañaga","ESP_034_MZB_LO",611.182452652941,"within_100m_to_1000m","ESP_034_MZB_LO_28__ESP_034_MZB_LO_388","i","second data call; new data","Gip34","ESP_034_MZB_LO_28","Urola",43.179,-2.256234,1987,2021,35,29
"1306","Spain","Aitor Larrañaga","ESP_034_MZB_LO",611.182452652941,"within_100m_to_1000m","ESP_034_MZB_LO_28__ESP_034_MZB_LO_388","j","second data call; new data","BC89","ESP_034_MZB_LO_388","Ibaieder",43.1733514,-2.2561423,2002,2022,21,21
"1307","Spain","Aitor Larrañaga","ESP_034_MZB_LO",380.807978375228,"within_100m_to_1000m","ESP_034_MZB_LO_390__ESP_034_MZB_LO_50","i","second data call; new data","Gip54","ESP_034_MZB_LO_50","Oria",43.26846,-2.053899,1987,2021,35,32
"1308","Spain","Aitor Larrañaga","ESP_034_MZB_LO",380.807978375228,"within_100m_to_1000m","ESP_034_MZB_LO_390__ESP_034_MZB_LO_50","j","second data call; new data","BC92","ESP_034_MZB_LO_390","Oria",43.2711862,-2.056947,2002,2021,20,19
"1309","Spain","Aitor Larrañaga","ESP_034_MZB_LO",223.468616234975,"within_100m_to_1000m","ESP_034_MZB_LO_392__ESP_034_MZB_LO_57","i","second data call; new data","Gip60","ESP_034_MZB_LO_57","Urola",43.07055,-2.33117,1991,2021,31,25
"1310","Spain","Aitor Larrañaga","ESP_034_MZB_LO",223.468616234975,"within_100m_to_1000m","ESP_034_MZB_LO_392__ESP_034_MZB_LO_57","j","second data call; new data","BC94","ESP_034_MZB_LO_392","Urola",43.0725695,-2.3305818,1997,2021,25,24
"1311","Spain","Aitor Larrañaga","ESP_034_MZB_LO",350.874527179486,"within_100m_to_1000m","ESP_034_MZB_LO_394__ESP_034_MZB_LO_7","i","second data call; new data","Gip15","ESP_034_MZB_LO_7","Deba",42.98475,-2.565349,1987,2021,35,25
"1312","Spain","Aitor Larrañaga","ESP_034_MZB_LO",350.874527179486,"within_100m_to_1000m","ESP_034_MZB_LO_394__ESP_034_MZB_LO_7","j","second data call; new data","BC96","ESP_034_MZB_LO_394","Deba",42.9816118,-2.5664562,2002,2022,21,8
"1313","Spain","Alfredo Llorente","ESP_045_MZB_LO",815.631430617969,"within_100m_to_1000m","ESP_045_MZB_LO_14__ESP_045_MZB_LO_18","i","second data call; new data","BAR126","ESP_045_MZB_LO_14","BARBADUN",43.2706126,-3.1393597,2007,2024,18,18
"1314","Spain","Alfredo Llorente","ESP_045_MZB_LO",815.631430617969,"within_100m_to_1000m","ESP_045_MZB_LO_14__ESP_045_MZB_LO_18","j","second data call; new data","BGA075","ESP_045_MZB_LO_18","GALDAMES",43.2772907,-3.1345684,1997,2006,10,10
"1315","Spain","Alfredo Llorente","ESP_045_MZB_LO",759.88032934994,"within_100m_to_1000m","ESP_045_MZB_LO_44__ESP_045_MZB_LO_45","i","second data call; new data","EGA138","ESP_045_MZB_LO_44","EGA",42.6340018,-2.473415,2007,2024,18,18
"1316","Spain","Alfredo Llorente","ESP_045_MZB_LO",759.88032934994,"within_100m_to_1000m","ESP_045_MZB_LO_44__ESP_045_MZB_LO_45","j","second data call; new data","EGA146","ESP_045_MZB_LO_45","EGA",42.6286778,-2.467228,1993,2006,14,14
"1317","Spain","Alfredo Llorente","ESP_045_MZB_LO",892.34362092236,"within_100m_to_1000m","ESP_045_MZB_LO_107__ESP_045_MZB_LO_108","i","second data call; new data","OIA095","ESP_045_MZB_LO_107","OIARTZUN",43.2985117,-1.8761971,2015,2024,10,10
"1318","Spain","Alfredo Llorente","ESP_045_MZB_LO",892.34362092236,"within_100m_to_1000m","ESP_045_MZB_LO_107__ESP_045_MZB_LO_108","j","second data call; new data","OIA102","ESP_045_MZB_LO_108","OIARTZUN",43.3033912,-1.8853049,1993,2024,32,32
"1319","Spain","Alfredo Llorente","ESP_045_MZB_LO",620.039658904099,"within_100m_to_1000m","ESP_045_MZB_LO_113__ESP_045_MZB_LO_114","i","second data call; new data","OKM040","ESP_045_MZB_LO_113","MAPE",43.365167,-2.7103575,1999,2013,15,7
"1320","Spain","Alfredo Llorente","ESP_045_MZB_LO",620.039658904099,"within_100m_to_1000m","ESP_045_MZB_LO_113__ESP_045_MZB_LO_114","j","second data call; new data","OKM056","ESP_045_MZB_LO_114","MAPE",43.3670659,-2.702943,1999,2024,26,25
"1321","Spain","Alfredo Llorente","ESP_045_MZB_LO",196.0400065247,"within_100m_to_1000m","ESP_045_MZB_LO_150__ESP_045_MZB_LO_151","i","second data call; new data","URU288","ESP_045_MZB_LO_150","URUMEA",43.2241467,-1.9243551,2013,2024,12,11
"1322","Spain","Alfredo Llorente","ESP_045_MZB_LO",196.0400065247,"within_100m_to_1000m","ESP_045_MZB_LO_150__ESP_045_MZB_LO_151","j","second data call; new data","URU320","ESP_045_MZB_LO_151","URUMEA",43.2233754,-1.9265974,1993,2006,14,14
"1323","Spain","David Cunillera-Montcusí","ESP_058_MZB_LO",761.134829199694,"within_100m_to_1000m","ESP_058_MZB_LO_126__ESP_058_MZB_LO_94","i","second data call; new data","1311-BIO","ESP_058_MZB_LO_94","Arga",42.8011198536058,-1.70345690938535,2007,2019,11,7
"1324","Spain","David Cunillera-Montcusí","ESP_058_MZB_LO",761.134829199694,"within_100m_to_1000m","ESP_058_MZB_LO_126__ESP_058_MZB_LO_94","j","second data call; new data","3001-BIO","ESP_058_MZB_LO_126","Elorz",42.7981578323491,-1.69479985368601,2009,2019,11,7
"1325","Spain","Ignacio Granados","ESP_060_MZB_LO",647.337480658641,"within_100m_to_1000m","ESP_060_MZB_LO_13__ESP_060_MZB_LO_2","i","second data call; new data","ANG1488","ESP_060_MZB_LO_2","Angostura",40.82488616,-3.93244415,2014,2024,11,11
"1326","Spain","Ignacio Granados","ESP_060_MZB_LO",647.337480658641,"within_100m_to_1000m","ESP_060_MZB_LO_13__ESP_060_MZB_LO_2","j","second data call; new data","LOZ1452","ESP_060_MZB_LO_13","Lozoya",40.82828433,-3.9260131,2014,2024,11,11
"1327","Spain","Ignacio Granados","ESP_060_MZB_LO",881.511252698732,"within_100m_to_1000m","ESP_060_MZB_LO_20__ESP_060_MZB_LO_21","i","second data call; new data","NVC1330","ESP_060_MZB_LO_20","Navacerrada",40.74809477,-3.99157195,2014,2024,11,11
"1328","Spain","Ignacio Granados","ESP_060_MZB_LO",881.511252698732,"within_100m_to_1000m","ESP_060_MZB_LO_20__ESP_060_MZB_LO_21","j","second data call; new data","NVC1408","ESP_060_MZB_LO_21","Navacerrada",40.75617289,-3.99238731,2014,2024,11,11
"1329","Spain","Ignacio Granados","ESP_060_MZB_LO",483.076095200296,"within_100m_to_1000m","ESP_060_MZB_LO_2__ESP_060_MZB_LO_22","i","second data call; new data","ANG1488","ESP_060_MZB_LO_2","Angostura",40.82488616,-3.93244415,2014,2024,11,11
"1330","Spain","Ignacio Granados","ESP_060_MZB_LO",483.076095200296,"within_100m_to_1000m","ESP_060_MZB_LO_2__ESP_060_MZB_LO_22","j","second data call; new data","PEN1510","ESP_060_MZB_LO_22","Peñalara",40.82922673,-3.93120921,2014,2024,11,11
"1331","Spain","Ignacio Granados","ESP_060_MZB_LO",441.41787268873,"within_100m_to_1000m","ESP_060_MZB_LO_13__ESP_060_MZB_LO_22","i","second data call; new data","LOZ1452","ESP_060_MZB_LO_13","Lozoya",40.82828433,-3.9260131,2014,2024,11,11
"1332","Spain","Ignacio Granados","ESP_060_MZB_LO",441.41787268873,"within_100m_to_1000m","ESP_060_MZB_LO_13__ESP_060_MZB_LO_22","j","second data call; new data","PEN1510","ESP_060_MZB_LO_22","Peñalara",40.82922673,-3.93120921,2014,2024,11,11
"1333","Spain","Ignacio Granados","ESP_060_MZB_LO",586.438495841138,"within_100m_to_1000m","ESP_060_MZB_LO_11__ESP_060_MZB_LO_24","i","second data call; new data","LOZ1142","ESP_060_MZB_LO_11","Lozoya",40.89180429,-3.88357941,2014,2024,11,11
"1334","Spain","Ignacio Granados","ESP_060_MZB_LO",586.438495841138,"within_100m_to_1000m","ESP_060_MZB_LO_11__ESP_060_MZB_LO_24","j","second data call; new data","SMP1185","ESP_060_MZB_LO_24","Santa María",40.88821323,-3.8888793,2014,2024,11,11
"1335","Finland","Jukka Aroviita","FIN_004_MZB_LO",895.032735845211,"within_100m_to_1000m","FIN_004_MZB_LO_51__FIN_004_MZB_LO_52","i","second data call; new data","S054","FIN_004_MZB_LO_51","Vanjoki",60.525018,24.229293,1998,2021,24,7
"1336","Finland","Jukka Aroviita","FIN_004_MZB_LO",895.032735845211,"within_100m_to_1000m","FIN_004_MZB_LO_51__FIN_004_MZB_LO_52","j","second data call; new data","S055","FIN_004_MZB_LO_52","Vanjoki",60.516866,24.227676,1998,2021,24,7
"1337","Finland","Jukka Aroviita","FIN_004_MZB_LO",413.8429780489,"within_100m_to_1000m","FIN_004_MZB_LO_52__FIN_004_MZB_LO_53","i","second data call; new data","S055","FIN_004_MZB_LO_52","Vanjoki",60.516866,24.227676,1998,2021,24,7
"1338","Finland","Jukka Aroviita","FIN_004_MZB_LO",413.8429780489,"within_100m_to_1000m","FIN_004_MZB_LO_52__FIN_004_MZB_LO_53","j","second data call; new data","S056","FIN_004_MZB_LO_53","Vanjoki",60.513079,24.227781,1998,2021,24,8
"1339","Finland","Jukka Aroviita","FIN_004_MZB_LO",954.242910057564,"within_100m_to_1000m","FIN_004_MZB_LO_156__FIN_004_MZB_LO_164","i","second data call; new data","S159","FIN_004_MZB_LO_156","Mataraoja",67.64107,26.79099,2008,2021,14,7
"1340","Finland","Jukka Aroviita","FIN_004_MZB_LO",954.242910057564,"within_100m_to_1000m","FIN_004_MZB_LO_156__FIN_004_MZB_LO_164","j","second data call; new data","S167","FIN_004_MZB_LO_164","Kitinen",67.647612,26.777072,2010,2021,12,5
"1341","Finland","Jukka Aroviita","FIN_004_MZB_LO",975.77824650901,"within_100m_to_1000m","FIN_004_MZB_LO_165__FIN_004_MZB_LO_166","i","second data call; new data","S168","FIN_004_MZB_LO_165","Hörskönjoki",64.595304,24.428265,2010,2021,12,5
"1342","Finland","Jukka Aroviita","FIN_004_MZB_LO",975.77824650901,"within_100m_to_1000m","FIN_004_MZB_LO_165__FIN_004_MZB_LO_166","j","second data call; new data","S169","FIN_004_MZB_LO_166","Haapajoki",64.59414,24.408026,2010,2021,12,5
"1343","Finland","Jukka Aroviita","FIN_004_MZB_LO",616.445226520067,"within_100m_to_1000m","FIN_004_MZB_LO_169__FIN_004_MZB_LO_170","i","second data call; new data","S172","FIN_004_MZB_LO_169","Konttijoki",66.359311,25.892558,2011,2021,11,5
"1344","Finland","Jukka Aroviita","FIN_004_MZB_LO",616.445226520067,"within_100m_to_1000m","FIN_004_MZB_LO_169__FIN_004_MZB_LO_170","j","second data call; new data","S173","FIN_004_MZB_LO_170","Konttijoki",66.35416,25.897253,2011,2021,11,5
"1345","Finland","Jukka Aroviita","FIN_004_MZB_LO",985.047906972108,"within_100m_to_1000m","FIN_004_MZB_LO_170__FIN_004_MZB_LO_171","i","second data call; new data","S173","FIN_004_MZB_LO_170","Konttijoki",66.35416,25.897253,2011,2021,11,5
"1346","Finland","Jukka Aroviita","FIN_004_MZB_LO",985.047906972108,"within_100m_to_1000m","FIN_004_MZB_LO_170__FIN_004_MZB_LO_171","j","second data call; new data","S174","FIN_004_MZB_LO_171","Konttijoki",66.345727,25.903205,2011,2021,11,5
"1347","Finland","Kaisa-Leena Huttunen","FIN_013_MZB_LO",364.936455080794,"within_100m_to_1000m","FIN_013_MZB_LO_3__FIN_013_MZB_LO_7","i","first call; data Ellen used","3","FIN_013_MZB_LO_3","Kotioja",66.382179,29.426609,2000,2020,21,21
"1348","Finland","Kaisa-Leena Huttunen","FIN_013_MZB_LO",364.936455080794,"within_100m_to_1000m","FIN_013_MZB_LO_3__FIN_013_MZB_LO_7","j","first call; data Ellen used","7","FIN_013_MZB_LO_7","Putaanoja",66.379146,29.423721,2000,2020,21,21
"1349","Finland","Kaisa-Leena Huttunen","FIN_013_MZB_LO",645.811478284994,"within_100m_to_1000m","FIN_013_MZB_LO_10__FIN_013_MZB_LO_6","i","first call; data Ellen used","6","FIN_013_MZB_LO_6","Porontimajoki",66.212673,29.401541,2000,2020,21,21
"1350","Finland","Kaisa-Leena Huttunen","FIN_013_MZB_LO",645.811478284994,"within_100m_to_1000m","FIN_013_MZB_LO_10__FIN_013_MZB_LO_6","j","first call; data Ellen used","10","FIN_013_MZB_LO_10","Vansselinpuro",66.216611,29.391159,2000,2020,21,21
"1351","France","Maxence Forcellini","FRA_014_MZB_LO",489.501520090394,"within_100m_to_1000m","FRA_014_MZB_LO_1__FRA_014_MZB_LO_2","i","first call; data Ellen used","svg","FRA_014_MZB_LO_1","Rhone",45.829523,5.294382,1980,2014,35,35
"1352","France","Maxence Forcellini","FRA_014_MZB_LO",489.501520090394,"within_100m_to_1000m","FRA_014_MZB_LO_1__FRA_014_MZB_LO_2","j","first call; data Ellen used","svd","FRA_014_MZB_LO_2","Rhone",45.8323815,5.299435,1999,2014,16,16
"1353","France","Anthony Maire","FRA_015_MZB_LO",436.38612658628,"within_100m_to_1000m","FRA_015_MZB_LO_1__FRA_015_MZB_LO_2","i","first call; data Ellen used","1","FRA_015_MZB_LO_1","Rhone",45.8319722222222,5.29811388888888,2000,2019,20,20
"1354","France","Anthony Maire","FRA_015_MZB_LO",436.38612658628,"within_100m_to_1000m","FRA_015_MZB_LO_1__FRA_015_MZB_LO_2","j","first call; data Ellen used","2","FRA_015_MZB_LO_2","Rhone",45.8291388888888,5.29397222222222,2000,2019,20,20
"1355","France","French biodiversity agency and other agentcies (via Remi Escaffe)","FRA_046_MZB_LO",984.849176833181,"within_100m_to_1000m","FRA_046_MZB_LO_16__FRA_046_MZB_LO_17","i","second data call; new data","4008000","FRA_046_MZB_LO_16","FURAN à ANDREZIEUX-BOUTHEON",45.5233581690552,4.25518831362801,2006,2019,14,8
"1356","France","French biodiversity agency and other agentcies (via Remi Escaffe)","FRA_046_MZB_LO",984.849176833181,"within_100m_to_1000m","FRA_046_MZB_LO_16__FRA_046_MZB_LO_17","j","second data call; new data","4008500","FRA_046_MZB_LO_17","BONSON à BONSON",45.5267972622848,4.24314289305184,2004,2015,12,9
"1357","France","French biodiversity agency and other agentcies (via Remi Escaffe)","FRA_046_MZB_LO",156.740858526321,"within_100m_to_1000m","FRA_046_MZB_LO_163__FRA_046_MZB_LO_164","i","second data call; new data","4057000","FRA_046_MZB_LO_163","CHER à CHAMBONCHARD",46.1442063086626,2.56628828609168,2005,2017,13,12
"1358","France","French biodiversity agency and other agentcies (via Remi Escaffe)","FRA_046_MZB_LO",156.740858526321,"within_100m_to_1000m","FRA_046_MZB_LO_163__FRA_046_MZB_LO_164","j","second data call; new data","4057040","FRA_046_MZB_LO_164","BORON à SAINT-MARCEL-EN-MARCILLAT",46.1427666883148,2.56659762408531,2007,2017,11,11
"1359","France","French biodiversity agency and other agentcies (via Remi Escaffe)","FRA_046_MZB_LO",231.074468927815,"within_100m_to_1000m","FRA_046_MZB_LO_176__FRA_046_MZB_LO_179","i","second data call; new data","4060900","FRA_046_MZB_LO_176","AUMANCE à COSNE-D'ALLIER",46.4919605942836,2.82531517674803,2007,2017,11,11
"1360","France","French biodiversity agency and other agentcies (via Remi Escaffe)","FRA_046_MZB_LO",231.074468927815,"within_100m_to_1000m","FRA_046_MZB_LO_176__FRA_046_MZB_LO_179","j","second data call; new data","4061600","FRA_046_MZB_LO_179","OEIL à COSNE-D'ALLIER",46.4913123843407,2.82235200239884,2007,2017,11,5
"1361","France","French biodiversity agency and other agentcies (via Remi Escaffe)","FRA_046_MZB_LO",519.254998053577,"within_100m_to_1000m","FRA_046_MZB_LO_351__FRA_046_MZB_LO_352","i","second data call; new data","4115750","FRA_046_MZB_LO_351","CLOCHE à BRUNELLES",48.3450084576737,0.87432584902615,2006,2018,13,13
"1362","France","French biodiversity agency and other agentcies (via Remi Escaffe)","FRA_046_MZB_LO",519.254998053577,"within_100m_to_1000m","FRA_046_MZB_LO_351__FRA_046_MZB_LO_352","j","second data call; new data","4115760","FRA_046_MZB_LO_352","ARCISSES à BRUNELLES",48.340315398229,0.872603787914926,2007,2018,12,12
"1363","France","French biodiversity agency and other agentcies (via Remi Escaffe)","FRA_046_MZB_LO",950.462378485565,"within_100m_to_1000m","FRA_046_MZB_LO_487__FRA_046_MZB_LO_490","i","second data call; new data","4172580","FRA_046_MZB_LO_487","LEGUER à BELLE-ISLE-EN-TERRE",48.5410239365789,-3.3874908374775,2002,2018,17,12
"1364","France","French biodiversity agency and other agentcies (via Remi Escaffe)","FRA_046_MZB_LO",950.462378485565,"within_100m_to_1000m","FRA_046_MZB_LO_487__FRA_046_MZB_LO_490","j","second data call; new data","4172890","FRA_046_MZB_LO_490","GUIC à BELLE-ISLE-EN-TERRE",48.5460548434292,-3.3984461123698,2005,2018,14,7
"1365","France","French biodiversity agency and other agentcies (via Remi Escaffe)","FRA_046_MZB_LO",535.061346203838,"within_100m_to_1000m","FRA_046_MZB_LO_528__FRA_046_MZB_LO_529","i","second data call; new data","4190650","FRA_046_MZB_LO_528","BLAVET à KERIEN",48.3915790753781,-3.2510611552401,2002,2017,16,15
"1366","France","French biodiversity agency and other agentcies (via Remi Escaffe)","FRA_046_MZB_LO",535.061346203838,"within_100m_to_1000m","FRA_046_MZB_LO_528__FRA_046_MZB_LO_529","j","second data call; new data","4190655","FRA_046_MZB_LO_529","LESTOLET A KERIEN",48.3874467451661,-3.2468920063313,2002,2018,17,9
"1367","France","French biodiversity agency and other agentcies (via Remi Escaffe)","FRA_046_MZB_LO",258.024883349037,"within_100m_to_1000m","FRA_046_MZB_LO_532__FRA_046_MZB_LO_533","i","second data call; new data","4190690","FRA_046_MZB_LO_532","DOURDU à LANRIVAIN",48.3475394686038,-3.2508376255779,2002,2017,16,9
"1368","France","French biodiversity agency and other agentcies (via Remi Escaffe)","FRA_046_MZB_LO",258.024883349037,"within_100m_to_1000m","FRA_046_MZB_LO_532__FRA_046_MZB_LO_533","j","second data call; new data","4190700","FRA_046_MZB_LO_533","BLAVET à TREMARGAT",48.3452104084111,-3.2517115373557,2002,2014,13,7
"1369","France","French biodiversity agency and other agentcies (via Remi Escaffe)","FRA_046_MZB_LO",223.806041969445,"within_100m_to_1000m","FRA_046_MZB_LO_605__FRA_046_MZB_LO_607","i","second data call; new data","5101000","FRA_046_MZB_LO_605","La Colagne à Marvejols (Pont de la N88 à Moriés)",44.4914266294716,3.24566544694905,2007,2020,14,7
"1370","France","French biodiversity agency and other agentcies (via Remi Escaffe)","FRA_046_MZB_LO",223.806041969445,"within_100m_to_1000m","FRA_046_MZB_LO_605__FRA_046_MZB_LO_607","j","second data call; new data","5101600","FRA_046_MZB_LO_607","Le Lot aux Ajustons",44.4907003802533,3.2483787452396,2007,2020,14,7
"1371","France","French biodiversity agency and other agentcies (via Remi Escaffe)","FRA_046_MZB_LO",782.212912362102,"within_100m_to_1000m","FRA_046_MZB_LO_745__FRA_046_MZB_LO_746","i","second data call; new data","6049000","FRA_046_MZB_LO_745","VEYLE A GRIEGES",46.2740543673957,4.8590160506851,2008,2021,14,11
"1372","France","French biodiversity agency and other agentcies (via Remi Escaffe)","FRA_046_MZB_LO",782.212912362102,"within_100m_to_1000m","FRA_046_MZB_LO_745__FRA_046_MZB_LO_746","j","second data call; new data","6049010","FRA_046_MZB_LO_746","PETITE VEYLE A GRIEGES 3",46.2668531829663,4.85762863651776,2009,2021,13,10
"1373","France","French biodiversity agency and other agentcies (via Remi Escaffe)","FRA_046_MZB_LO",613.805622576914,"within_100m_to_1000m","FRA_046_MZB_LO_777__FRA_046_MZB_LO_778","i","second data call; new data","6072300","FRA_046_MZB_LO_777","RHONE A CULOZ",45.8488216678048,5.80229462668974,2009,2021,13,10
"1374","France","French biodiversity agency and other agentcies (via Remi Escaffe)","FRA_046_MZB_LO",613.805622576914,"within_100m_to_1000m","FRA_046_MZB_LO_777__FRA_046_MZB_LO_778","j","second data call; new data","6072400","FRA_046_MZB_LO_778","RHONE A RUFFIEUX",45.8539603409812,5.80581815543759,2009,2021,13,10
"1375","France","French biodiversity agency and other agentcies (via Remi Escaffe)","FRA_046_MZB_LO",419.65961337276,"within_100m_to_1000m","FRA_046_MZB_LO_790__FRA_046_MZB_LO_792","i","second data call; new data","6080975","FRA_046_MZB_LO_790","BOURBRE A CESSIEU 1",45.5663557680889,5.37112971933105,2008,2021,14,11
"1376","France","French biodiversity agency and other agentcies (via Remi Escaffe)","FRA_046_MZB_LO",419.65961337276,"within_100m_to_1000m","FRA_046_MZB_LO_790__FRA_046_MZB_LO_792","j","second data call; new data","6080978","FRA_046_MZB_LO_792","HIEN A CESSIEU",45.5627417562591,5.36906425421548,2008,2021,14,10
"1377","France","French biodiversity agency and other agentcies (via Remi Escaffe)","FRA_046_MZB_LO",377.891002485308,"within_100m_to_1000m","FRA_046_MZB_LO_812__FRA_046_MZB_LO_813","i","second data call; new data","6094380","FRA_046_MZB_LO_812","GARON A GRIGNY",45.6040976068274,4.77579392856849,2008,2021,14,6
"1378","France","French biodiversity agency and other agentcies (via Remi Escaffe)","FRA_046_MZB_LO",377.891002485308,"within_100m_to_1000m","FRA_046_MZB_LO_812__FRA_046_MZB_LO_813","j","second data call; new data","6094540","FRA_046_MZB_LO_813","MORNANTET A GIVORS 2",45.6031647532717,4.77097777463676,2008,2021,14,9
"1379","France","French biodiversity agency and other agentcies (via Remi Escaffe)","FRA_046_MZB_LO",722.006196964548,"within_100m_to_1000m","FRA_046_MZB_LO_668__FRA_046_MZB_LO_841","i","second data call; new data","6011000","FRA_046_MZB_LO_668","SAONE A AUXONNE 1",47.1945192803267,5.38257196376693,2009,2021,13,11
"1380","France","French biodiversity agency and other agentcies (via Remi Escaffe)","FRA_046_MZB_LO",722.006196964548,"within_100m_to_1000m","FRA_046_MZB_LO_668__FRA_046_MZB_LO_841","j","second data call; new data","6110110","FRA_046_MZB_LO_841","BRIZOTTE A AUXONNE",47.1882919080711,5.38624671995616,2008,2021,14,12
"1381","France","French biodiversity agency and other agentcies (via Remi Escaffe)","FRA_046_MZB_LO",898.454926749244,"within_100m_to_1000m","FRA_046_MZB_LO_922__FRA_046_MZB_LO_923","i","second data call; new data","6147130","FRA_046_MZB_LO_922","ISERE A TULLINS",45.286127127147,5.52769880626203,2009,2021,13,10
"1382","France","French biodiversity agency and other agentcies (via Remi Escaffe)","FRA_046_MZB_LO",898.454926749244,"within_100m_to_1000m","FRA_046_MZB_LO_922__FRA_046_MZB_LO_923","j","second data call; new data","6147140","FRA_046_MZB_LO_923","FURE A TULLINS - LE VERNEY",45.2933928237037,5.52191458773892,2008,2021,14,11
"1383","France","French biodiversity agency and other agentcies (via Remi Escaffe)","FRA_046_MZB_LO",181.940689748232,"within_100m_to_1000m","FRA_046_MZB_LO_925__FRA_046_MZB_LO_926","i","second data call; new data","6147210","FRA_046_MZB_LO_925","MEAUDRET A VILLARD-DE-LANS 3",45.086178616403,5.52286995366528,2010,2021,12,9
"1384","France","French biodiversity agency and other agentcies (via Remi Escaffe)","FRA_046_MZB_LO",181.940689748232,"within_100m_to_1000m","FRA_046_MZB_LO_925__FRA_046_MZB_LO_926","j","second data call; new data","6147650","FRA_046_MZB_LO_926","BOURNE A VILLARD-DE-LANS - LES JARRANDS",45.0845844552598,5.52365001403013,2010,2021,12,9
"1385","France","French biodiversity agency and other agentcies (via Remi Escaffe)","FRA_046_MZB_LO",828.324890460455,"within_100m_to_1000m","FRA_046_MZB_LO_1069__FRA_046_MZB_LO_1070","i","second data call; new data","6196948","FRA_046_MZB_LO_1069","RAUMARTIN A MARIGNANE",43.4108938766977,5.2121646802426,2010,2021,12,11
"1386","France","French biodiversity agency and other agentcies (via Remi Escaffe)","FRA_046_MZB_LO",828.324890460455,"within_100m_to_1000m","FRA_046_MZB_LO_1069__FRA_046_MZB_LO_1070","j","second data call; new data","6196950","FRA_046_MZB_LO_1070","CADIERE A MARIGNANE 1",43.4113416405684,5.20167611197285,2008,2021,14,12
"1387","France","French biodiversity agency and other agentcies (via Remi Escaffe)","FRA_046_MZB_LO",451.107934002437,"within_100m_to_1000m","FRA_046_MZB_LO_1074__FRA_046_MZB_LO_1075","i","second data call; new data","6202750","FRA_046_MZB_LO_1074","ARGENS A CHATEAUVERT 2",43.5109340318565,6.01129344356825,2008,2021,14,12
"1388","France","French biodiversity agency and other agentcies (via Remi Escaffe)","FRA_046_MZB_LO",451.107934002437,"within_100m_to_1000m","FRA_046_MZB_LO_1074__FRA_046_MZB_LO_1075","j","second data call; new data","6202860","FRA_046_MZB_LO_1075","EAU SALEE A CHATEAUVERT",43.5111350236127,6.01701930675166,2008,2021,14,12
"1389","France","French biodiversity agency and other agentcies (via Remi Escaffe)","FRA_046_MZB_LO",869.231695040524,"within_100m_to_1000m","FRA_046_MZB_LO_1170__FRA_046_MZB_LO_801","i","second data call; new data","6086100","FRA_046_MZB_LO_801","ANGE A BRION",46.1726407782074,5.55477639986593,2008,2021,14,11
"1390","France","French biodiversity agency and other agentcies (via Remi Escaffe)","FRA_046_MZB_LO",869.231695040524,"within_100m_to_1000m","FRA_046_MZB_LO_1170__FRA_046_MZB_LO_801","j","second data call; new data","6580178","FRA_046_MZB_LO_1170","OIGNIN A BRION 4",46.1744355770638,5.54344736927543,2008,2021,14,6
"1391","France","French biodiversity agency and other agentcies (via Remi Escaffe)","FRA_046_MZB_LO",166.046974348567,"within_100m_to_1000m","FRA_046_MZB_LO_1176__FRA_046_MZB_LO_1178","i","second data call; new data","6580316","FRA_046_MZB_LO_1176","ROUBION A MONTELIMAR - ST-JAMES",44.5523214182126,4.74928782859246,2008,2021,14,11
"1392","France","French biodiversity agency and other agentcies (via Remi Escaffe)","FRA_046_MZB_LO",166.046974348567,"within_100m_to_1000m","FRA_046_MZB_LO_1176__FRA_046_MZB_LO_1178","j","second data call; new data","6580330","FRA_046_MZB_LO_1178","JABRON A MONTELIMAR",44.5509120347331,4.75015082617032,2008,2021,14,11
"1393","France","French biodiversity agency and other agentcies (via Remi Escaffe)","FRA_046_MZB_LO",726.333730000883,"within_100m_to_1000m","FRA_046_MZB_LO_1193__FRA_046_MZB_LO_786","i","second data call; new data","6079050","FRA_046_MZB_LO_786","RHONE A BREGNIER-CORDON 1",45.6245871785645,5.6158993398754,2009,2021,13,10
"1394","France","French biodiversity agency and other agentcies (via Remi Escaffe)","FRA_046_MZB_LO",726.333730000883,"within_100m_to_1000m","FRA_046_MZB_LO_1193__FRA_046_MZB_LO_786","j","second data call; new data","6580789","FRA_046_MZB_LO_1193","BIEVRE A LES-AVENIERES 1",45.6189998512103,5.61052544347996,2008,2021,14,11
"1395","France","French biodiversity agency and other agentcies (via Remi Escaffe)","FRA_046_MZB_LO",549.167289235752,"within_100m_to_1000m","FRA_046_MZB_LO_1228__FRA_046_MZB_LO_920","i","second data call; new data","6143950","FRA_046_MZB_LO_920","ROMANCHE A BOURG D'OISANS - LE PONT ROUGE 2",45.1156982672062,6.01313094648784,2008,2022,15,11
"1396","France","French biodiversity agency and other agentcies (via Remi Escaffe)","FRA_046_MZB_LO",549.167289235752,"within_100m_to_1000m","FRA_046_MZB_LO_1228__FRA_046_MZB_LO_920","j","second data call; new data","6820102","FRA_046_MZB_LO_1228","EAU D'OLLE A LE-BOURG-D'OISANS",45.1198562179251,6.00897709886862,2008,2020,13,6
"1397","Germany","Armin Lorenz","GER_017_MZB_LO",119.376255018314,"within_100m_to_1000m","GER_017_MZB_LO_3__GER_017_MZB_LO_4","i","first call; data Ellen used","KS1","GER_017_MZB_LO_3","Kleine Schalmenau",51.435197,8.135747,2010,2019,10,10
"1398","Germany","Armin Lorenz","GER_017_MZB_LO",119.376255018314,"within_100m_to_1000m","GER_017_MZB_LO_3__GER_017_MZB_LO_4","j","first call; data Ellen used","KS2","GER_017_MZB_LO_4","Kleine Schalmenau",51.435804,8.137236,2010,2019,10,10
"1399","Germany","Ralf Schäfer","GER_018_MZB_LO",214.411745733448,"within_100m_to_1000m","GER_018_MZB_LO_17__GER_018_MZB_LO_75","i","first call; data Ellen used","NW_13304","GER_018_MZB_LO_17","Rhein",50.89600237,7.008541933,1969,2012,44,36
"1400","Germany","Ralf Schäfer","GER_018_MZB_LO",214.411745733448,"within_100m_to_1000m","GER_018_MZB_LO_17__GER_018_MZB_LO_75","j","first call; data Ellen used","NW_13043","GER_018_MZB_LO_75","Rhein",50.89400641,7.008555044,1969,2012,44,33
"1401","Germany","Ralf Schäfer","GER_018_MZB_LO",935.535202431045,"within_100m_to_1000m","GER_018_MZB_LO_16__GER_018_MZB_LO_80","i","first call; data Ellen used","NW_13067","GER_018_MZB_LO_16","Rhein",51.02497568,6.971530217,1968,2012,45,32
"1402","Germany","Ralf Schäfer","GER_018_MZB_LO",935.535202431045,"within_100m_to_1000m","GER_018_MZB_LO_16__GER_018_MZB_LO_80","j","first call; data Ellen used","NW_13341","GER_018_MZB_LO_80","Rhein",51.03295198,6.965986633,1968,2012,45,35
"1403","Germany","Ralf Schäfer","GER_018_MZB_LO",370.875796741405,"within_100m_to_1000m","GER_018_MZB_LO_103__GER_018_MZB_LO_15","i","first call; data Ellen used","NW_320912","GER_018_MZB_LO_15","Rhein",51.40806105,6.74295094,1971,1991,21,19
"1404","Germany","Ralf Schäfer","GER_018_MZB_LO",370.875796741405,"within_100m_to_1000m","GER_018_MZB_LO_103__GER_018_MZB_LO_15","j","first call; data Ellen used","NW_90256","GER_018_MZB_LO_103","Rhein",51.41147379,6.74378148,1968,1991,24,22
"1405","Germany","Ralf Schäfer","GER_018_MZB_LO",826.06226433223,"within_100m_to_1000m","GER_018_MZB_LO_122__GER_018_MZB_LO_125","i","first call; data Ellen used","RP_2631811900","GER_018_MZB_LO_122","Moselle",49.70200369,6.559201119,1982,2003,22,20
"1406","Germany","Ralf Schäfer","GER_018_MZB_LO",826.06226433223,"within_100m_to_1000m","GER_018_MZB_LO_122__GER_018_MZB_LO_125","j","first call; data Ellen used","RP_2649825800","GER_018_MZB_LO_125","Saar",49.6989076,6.570053865,1983,2003,21,18
"1407","Germany","Ralf Schäfer","GER_018_MZB_LO",721.534077191679,"within_100m_to_1000m","GER_018_MZB_LO_132__GER_018_MZB_LO_23","i","first call; data Ellen used","RP_2679870600","GER_018_MZB_LO_23","Moselle",49.95007226,7.02542091,1982,1999,18,12
"1408","Germany","Ralf Schäfer","GER_018_MZB_LO",721.534077191679,"within_100m_to_1000m","GER_018_MZB_LO_132__GER_018_MZB_LO_23","j","first call; data Ellen used","RP_2679875000","GER_018_MZB_LO_132","Moselle",49.95185878,7.015385568,1982,1999,18,11
"1409","Germany","Ralf Schäfer","GER_018_MZB_LO",661.636972649218,"within_100m_to_1000m","GER_018_MZB_LO_139__GER_018_MZB_LO_25","i","first call; data Ellen used","RP_2699870500","GER_018_MZB_LO_25","Moselle",50.27888999,7.457784005,1982,2003,22,16
"1410","Germany","Ralf Schäfer","GER_018_MZB_LO",661.636972649218,"within_100m_to_1000m","GER_018_MZB_LO_139__GER_018_MZB_LO_25","j","first call; data Ellen used","RP_2699875000","GER_018_MZB_LO_139","Moselle",50.27283123,7.456051934,1982,2003,22,16
"1411","Germany","Ralf Schäfer","GER_018_MZB_LO",151.876080869596,"within_100m_to_1000m","GER_018_MZB_LO_140__GER_018_MZB_LO_26","i","first call; data Ellen used","RP_2699890900","GER_018_MZB_LO_26","Moselle",50.367757,7.568814625,1982,2003,22,18
"1412","Germany","Ralf Schäfer","GER_018_MZB_LO",151.876080869596,"within_100m_to_1000m","GER_018_MZB_LO_140__GER_018_MZB_LO_26","j","first call; data Ellen used","RP_2699885100","GER_018_MZB_LO_140","Moselle",50.36703542,7.570715654,1982,2008,27,19
"1413","Germany","Stefan Stoll","GER_020_MZB_LO",925.362784913961,"within_100m_to_1000m","GER_020_MZB_LO_1__GER_020_MZB_LO_2","i","first call; data Ellen used","108000153","GER_020_MZB_LO_1","Thranenbach",49.7059166666666,7.10108333333333,1986,2005,20,10
"1414","Germany","Stefan Stoll","GER_020_MZB_LO",925.362784913961,"within_100m_to_1000m","GER_020_MZB_LO_1__GER_020_MZB_LO_2","j","first call; data Ellen used","108000154","GER_020_MZB_LO_2","Thranenbach",49.6993888888888,7.09241666666666,1985,2005,21,13
"1415","Germany","Jacqueline Bernet","GER_050_MZB_LO",687.680889207613,"within_100m_to_1000m","GER_050_MZB_LO_33__GER_050_MZB_LO_37","i","second data call; new data","126191","GER_050_MZB_LO_33","Bandorfsgraben",54.1635712653,10.7643689549,1996,2023,28,13
"1416","Germany","Jacqueline Bernet","GER_050_MZB_LO",687.680889207613,"within_100m_to_1000m","GER_050_MZB_LO_33__GER_050_MZB_LO_37","j","second data call; new data","126350","GER_050_MZB_LO_37","Lachsbach",54.1659668739,10.7744588429,1996,2022,27,8
"1417","Germany","Landesamt für Natur, Umwelt und Klima Nordrhein-Westfalen (LANUK)","GER_070_MZB_LO",390.170492955901,"within_100m_to_1000m","GER_070_MZB_LO_6__GER_070_MZB_LO_8","i","new data call","NRW_100407","GER_070_MZB_LO_6","Rur",50.5485460519601,6.22794219636761,2006,2018,13,5
"1418","Germany","Landesamt für Natur, Umwelt und Klima Nordrhein-Westfalen (LANUK)","GER_070_MZB_LO",390.170492955901,"within_100m_to_1000m","GER_070_MZB_LO_6__GER_070_MZB_LO_8","j","new data call","NRW_100791","GER_070_MZB_LO_8","Perlenbach",50.5458390239925,6.23174322053103,2006,2019,14,5
"1419","Germany","Landesamt für Natur, Umwelt und Klima Nordrhein-Westfalen (LANUK)","GER_070_MZB_LO",246.010333247346,"within_100m_to_1000m","GER_070_MZB_LO_39__GER_070_MZB_LO_40","i","new data call","NRW_114704","GER_070_MZB_LO_39","Saubach",50.7947036357589,6.22484903753172,2006,2017,12,5
"1420","Germany","Landesamt für Natur, Umwelt und Klima Nordrhein-Westfalen (LANUK)","GER_070_MZB_LO",246.010333247346,"within_100m_to_1000m","GER_070_MZB_LO_39__GER_070_MZB_LO_40","j","new data call","NRW_114716","GER_070_MZB_LO_40","Inde",50.7946096308219,6.22845936840582,2007,2017,11,5
"1421","Germany","Landesamt für Natur, Umwelt und Klima Nordrhein-Westfalen (LANUK)","GER_070_MZB_LO",106.828459484147,"within_100m_to_1000m","GER_070_MZB_LO_42__GER_070_MZB_LO_45","i","new data call","NRW_115307","GER_070_MZB_LO_42","Inde",50.8466923345252,6.35481801577134,2007,2017,11,5
"1422","Germany","Landesamt für Natur, Umwelt und Klima Nordrhein-Westfalen (LANUK)","GER_070_MZB_LO",106.828459484147,"within_100m_to_1000m","GER_070_MZB_LO_42__GER_070_MZB_LO_45","j","new data call","NRW_119003","GER_070_MZB_LO_45","Wehebach",50.8469426781497,6.35633826572061,2007,2017,11,5
"1423","Germany","Landesamt für Natur, Umwelt und Klima Nordrhein-Westfalen (LANUK)","GER_070_MZB_LO",508.695615545729,"within_100m_to_1000m","GER_070_MZB_LO_23__GER_070_MZB_LO_58","i","new data call","NRW_107300","GER_070_MZB_LO_23","Rur",51.0979596975395,6.10758227312822,2006,2018,13,5
"1424","Germany","Landesamt für Natur, Umwelt und Klima Nordrhein-Westfalen (LANUK)","GER_070_MZB_LO",508.695615545729,"within_100m_to_1000m","GER_070_MZB_LO_23__GER_070_MZB_LO_58","j","new data call","NRW_126809","GER_070_MZB_LO_58","Wurm",51.0942432115242,6.11224235731428,2007,2018,12,5
"1425","Germany","Landesamt für Natur, Umwelt und Klima Nordrhein-Westfalen (LANUK)","GER_070_MZB_LO",345.812800219946,"within_100m_to_1000m","GER_070_MZB_LO_67__GER_070_MZB_LO_68","i","new data call","NRW_132299","GER_070_MZB_LO_67","Ahr",50.4056296976742,6.69157031310124,2007,2019,13,5
"1426","Germany","Landesamt für Natur, Umwelt und Klima Nordrhein-Westfalen (LANUK)","GER_070_MZB_LO",345.812800219946,"within_100m_to_1000m","GER_070_MZB_LO_67__GER_070_MZB_LO_68","j","new data call","NRW_132305","GER_070_MZB_LO_68","Schaafbach",50.4056015465009,6.68653308429344,2007,2019,13,5
"1427","Germany","Landesamt für Natur, Umwelt und Klima Nordrhein-Westfalen (LANUK)","GER_070_MZB_LO",593.337207021308,"within_100m_to_1000m","GER_070_MZB_LO_69__GER_070_MZB_LO_70","i","new data call","NRW_132500","GER_070_MZB_LO_69","Lampertsbach",50.3908581779912,6.71880972979076,2008,2019,12,5
"1428","Germany","Landesamt für Natur, Umwelt und Klima Nordrhein-Westfalen (LANUK)","GER_070_MZB_LO",593.337207021308,"within_100m_to_1000m","GER_070_MZB_LO_69__GER_070_MZB_LO_70","j","new data call","NRW_132603","GER_070_MZB_LO_70","Ahr",50.3908294910838,6.72744999593031,2008,2019,12,5
"1429","Germany","Landesamt für Natur, Umwelt und Klima Nordrhein-Westfalen (LANUK)","GER_070_MZB_LO",130.604674662154,"within_100m_to_1000m","GER_070_MZB_LO_72__GER_070_MZB_LO_73","i","new data call","NRW_132901","GER_070_MZB_LO_72","Ahr",50.3702956541145,6.78908819244158,2007,2019,13,5
"1430","Germany","Landesamt für Natur, Umwelt und Klima Nordrhein-Westfalen (LANUK)","GER_070_MZB_LO",130.604674662154,"within_100m_to_1000m","GER_070_MZB_LO_72__GER_070_MZB_LO_73","j","new data call","NRW_133000","GER_070_MZB_LO_73","Ahbach",50.3690803016689,6.78903218716091,2007,2019,13,5
"1431","Germany","Landesamt für Natur, Umwelt und Klima Nordrhein-Westfalen (LANUK)","GER_070_MZB_LO",789.988842729601,"within_100m_to_1000m","GER_070_MZB_LO_84__GER_070_MZB_LO_85","i","new data call","NRW_137315","GER_070_MZB_LO_84","Erft",50.8313007215906,6.77612065923067,2006,2018,13,7
"1432","Germany","Landesamt für Natur, Umwelt und Klima Nordrhein-Westfalen (LANUK)","GER_070_MZB_LO",789.988842729601,"within_100m_to_1000m","GER_070_MZB_LO_84__GER_070_MZB_LO_85","j","new data call","NRW_137406","GER_070_MZB_LO_85","Liblarer Muehlengraben",50.8384490674457,6.77884883884239,2006,2018,13,5
"1433","Germany","Landesamt für Natur, Umwelt und Klima Nordrhein-Westfalen (LANUK)","GER_070_MZB_LO",905.090813541718,"within_100m_to_1000m","GER_070_MZB_LO_92__GER_070_MZB_LO_94","i","new data call","NRW_143029","GER_070_MZB_LO_92","Bergbach",50.654130178174,6.6358144884364,2007,2018,12,5
"1434","Germany","Landesamt für Natur, Umwelt und Klima Nordrhein-Westfalen (LANUK)","GER_070_MZB_LO",905.090813541718,"within_100m_to_1000m","GER_070_MZB_LO_92__GER_070_MZB_LO_94","j","new data call","NRW_143509","GER_070_MZB_LO_94","Vlattener Bach",50.6584773848005,6.62446012026445,2007,2018,12,5
"1435","Germany","Landesamt für Natur, Umwelt und Klima Nordrhein-Westfalen (LANUK)","GER_070_MZB_LO",885.572081292404,"within_100m_to_1000m","GER_070_MZB_LO_95__GER_070_MZB_LO_97","i","new data call","NRW_143704","GER_070_MZB_LO_95","Rotbach",50.7147594355714,6.73623850494729,2007,2018,12,5
"1436","Germany","Landesamt für Natur, Umwelt und Klima Nordrhein-Westfalen (LANUK)","GER_070_MZB_LO",885.572081292404,"within_100m_to_1000m","GER_070_MZB_LO_95__GER_070_MZB_LO_97","j","new data call","NRW_144400","GER_070_MZB_LO_97","Bleibach",50.7066244764749,6.73834432955215,2007,2018,12,5
"1437","Germany","Landesamt für Natur, Umwelt und Klima Nordrhein-Westfalen (LANUK)","GER_070_MZB_LO",937.725273985647,"within_100m_to_1000m","GER_070_MZB_LO_84__GER_070_MZB_LO_98","i","new data call","NRW_137315","GER_070_MZB_LO_84","Erft",50.8313007215906,6.77612065923067,2006,2018,13,7
"1438","Germany","Landesamt für Natur, Umwelt und Klima Nordrhein-Westfalen (LANUK)","GER_070_MZB_LO",937.725273985647,"within_100m_to_1000m","GER_070_MZB_LO_84__GER_070_MZB_LO_98","j","new data call","NRW_144800","GER_070_MZB_LO_98","Rotbach",50.8226204842029,6.77465891106506,2007,2018,12,5
"1439","Germany","Landesamt für Natur, Umwelt und Klima Nordrhein-Westfalen (LANUK)","GER_070_MZB_LO",325.475725727965,"within_100m_to_1000m","GER_070_MZB_LO_105__GER_070_MZB_LO_76","i","new data call","NRW_133206","GER_070_MZB_LO_76","Kyll",50.3699026535857,6.44846589676705,2008,2019,12,5
"1440","Germany","Landesamt für Natur, Umwelt und Klima Nordrhein-Westfalen (LANUK)","GER_070_MZB_LO",325.475725727965,"within_100m_to_1000m","GER_070_MZB_LO_105__GER_070_MZB_LO_76","j","new data call","NRW_150204","GER_070_MZB_LO_105","Berke",50.3729285961035,6.44821911489655,2008,2019,12,5
"1441","Germany","Landesamt für Natur, Umwelt und Klima Nordrhein-Westfalen (LANUK)","GER_070_MZB_LO",662.91992391551,"within_100m_to_1000m","GER_070_MZB_LO_110__GER_070_MZB_LO_71","i","new data call","NRW_132809","GER_070_MZB_LO_71","Muehlenbach",50.387260435331,6.74139399289679,2007,2019,13,5
"1442","Germany","Landesamt für Natur, Umwelt und Klima Nordrhein-Westfalen (LANUK)","GER_070_MZB_LO",662.91992391551,"within_100m_to_1000m","GER_070_MZB_LO_110__GER_070_MZB_LO_71","j","new data call","NRW_152201","GER_070_MZB_LO_110","Michelsbach",50.3822330537831,6.7469925074097,2008,2019,12,5
"1443","Germany","Landesamt für Natur, Umwelt und Klima Nordrhein-Westfalen (LANUK)","GER_070_MZB_LO",264.71208726162,"within_100m_to_1000m","GER_070_MZB_LO_117__GER_070_MZB_LO_118","i","new data call","NRW_201443","GER_070_MZB_LO_117","Steinagger",50.9796698758788,7.67956765786975,2006,2019,14,5
"1444","Germany","Landesamt für Natur, Umwelt und Klima Nordrhein-Westfalen (LANUK)","GER_070_MZB_LO",264.71208726162,"within_100m_to_1000m","GER_070_MZB_LO_117__GER_070_MZB_LO_118","j","new data call","NRW_201467","GER_070_MZB_LO_118","Steinagger",50.9808996019762,7.67618493349936,2006,2019,14,5
"1445","Germany","Landesamt für Natur, Umwelt und Klima Nordrhein-Westfalen (LANUK)","GER_070_MZB_LO",276.004984065561,"within_100m_to_1000m","GER_070_MZB_LO_116__GER_070_MZB_LO_119","i","new data call","NRW_201108","GER_070_MZB_LO_116","Doerspe",51.0082408115738,7.62654215911969,2006,2019,14,5
"1446","Germany","Landesamt für Natur, Umwelt und Klima Nordrhein-Westfalen (LANUK)","GER_070_MZB_LO",276.004984065561,"within_100m_to_1000m","GER_070_MZB_LO_116__GER_070_MZB_LO_119","j","new data call","NRW_201509","GER_070_MZB_LO_119","Steinagger",51.0061646232544,7.62894112459582,2006,2019,14,5
"1447","Germany","Landesamt für Natur, Umwelt und Klima Nordrhein-Westfalen (LANUK)","GER_070_MZB_LO",204.157891297191,"within_100m_to_1000m","GER_070_MZB_LO_133__GER_070_MZB_LO_134","i","new data call","NRW_207202","GER_070_MZB_LO_133","Wiehl",50.9465240147783,7.58310664331772,2007,2019,13,5
"1448","Germany","Landesamt für Natur, Umwelt und Klima Nordrhein-Westfalen (LANUK)","GER_070_MZB_LO",204.157891297191,"within_100m_to_1000m","GER_070_MZB_LO_133__GER_070_MZB_LO_134","j","new data call","NRW_207305","GER_070_MZB_LO_134","Dreisbach",50.9484160228443,7.58339078488181,2007,2019,13,5
"1449","Germany","Landesamt für Natur, Umwelt und Klima Nordrhein-Westfalen (LANUK)","GER_070_MZB_LO",477.959092130142,"within_100m_to_1000m","GER_070_MZB_LO_139__GER_070_MZB_LO_141","i","new data call","NRW_212234","GER_070_MZB_LO_139","Suelz",50.8723892034374,7.19633577935349,2008,2019,12,7
"1450","Germany","Landesamt für Natur, Umwelt und Klima Nordrhein-Westfalen (LANUK)","GER_070_MZB_LO",477.959092130142,"within_100m_to_1000m","GER_070_MZB_LO_139__GER_070_MZB_LO_141","j","new data call","NRW_212260","GER_070_MZB_LO_141","Suelz",50.868848512812,7.20059411035689,2008,2019,12,7
"1451","Germany","Landesamt für Natur, Umwelt und Klima Nordrhein-Westfalen (LANUK)","GER_070_MZB_LO",299.511937642622,"within_100m_to_1000m","GER_070_MZB_LO_140__GER_070_MZB_LO_142","i","new data call","NRW_212246","GER_070_MZB_LO_140","Suelz",50.8615086644642,7.21281339887088,2008,2019,12,7
"1452","Germany","Landesamt für Natur, Umwelt und Klima Nordrhein-Westfalen (LANUK)","GER_070_MZB_LO",299.511937642622,"within_100m_to_1000m","GER_070_MZB_LO_140__GER_070_MZB_LO_142","j","new data call","NRW_212271","GER_070_MZB_LO_142","Suelz",50.8632547249736,7.20937865331699,2008,2019,12,7
"1453","Germany","Landesamt für Natur, Umwelt und Klima Nordrhein-Westfalen (LANUK)","GER_070_MZB_LO",847.160924232933,"within_100m_to_1000m","GER_070_MZB_LO_141__GER_070_MZB_LO_142","i","new data call","NRW_212260","GER_070_MZB_LO_141","Suelz",50.868848512812,7.20059411035689,2008,2019,12,7
"1454","Germany","Landesamt für Natur, Umwelt und Klima Nordrhein-Westfalen (LANUK)","GER_070_MZB_LO",847.160924232933,"within_100m_to_1000m","GER_070_MZB_LO_141__GER_070_MZB_LO_142","j","new data call","NRW_212271","GER_070_MZB_LO_142","Suelz",50.8632547249736,7.20937865331699,2008,2019,12,7
"1455","Germany","Landesamt für Natur, Umwelt und Klima Nordrhein-Westfalen (LANUK)","GER_070_MZB_LO",396.276456039066,"within_100m_to_1000m","GER_070_MZB_LO_140__GER_070_MZB_LO_143","i","new data call","NRW_212246","GER_070_MZB_LO_140","Suelz",50.8615086644642,7.21281339887088,2008,2019,12,7
"1456","Germany","Landesamt für Natur, Umwelt und Klima Nordrhein-Westfalen (LANUK)","GER_070_MZB_LO",396.276456039066,"within_100m_to_1000m","GER_070_MZB_LO_140__GER_070_MZB_LO_143","j","new data call","NRW_212301","GER_070_MZB_LO_143","Suelz",50.8583062548336,7.21570666891367,2008,2019,12,5
"1457","Germany","Landesamt für Natur, Umwelt und Klima Nordrhein-Westfalen (LANUK)","GER_070_MZB_LO",683.856622437211,"within_100m_to_1000m","GER_070_MZB_LO_142__GER_070_MZB_LO_143","i","new data call","NRW_212271","GER_070_MZB_LO_142","Suelz",50.8632547249736,7.20937865331699,2008,2019,12,7
"1458","Germany","Landesamt für Natur, Umwelt und Klima Nordrhein-Westfalen (LANUK)","GER_070_MZB_LO",683.856622437211,"within_100m_to_1000m","GER_070_MZB_LO_142__GER_070_MZB_LO_143","j","new data call","NRW_212301","GER_070_MZB_LO_143","Suelz",50.8583062548336,7.21570666891367,2008,2019,12,5
"1459","Germany","Landesamt für Natur, Umwelt und Klima Nordrhein-Westfalen (LANUK)","GER_070_MZB_LO",207.044668962292,"within_100m_to_1000m","GER_070_MZB_LO_195__GER_070_MZB_LO_203","i","new data call","NRW_282601","GER_070_MZB_LO_195","Kerspe",51.1152076329921,7.48426924038129,2007,2019,13,5
"1460","Germany","Landesamt für Natur, Umwelt und Klima Nordrhein-Westfalen (LANUK)","GER_070_MZB_LO",207.044668962292,"within_100m_to_1000m","GER_070_MZB_LO_195__GER_070_MZB_LO_203","j","new data call","NRW_289206","GER_070_MZB_LO_203","Wupper",51.1133119438446,7.48371692769916,2007,2019,13,5
"1461","Germany","Landesamt für Natur, Umwelt und Klima Nordrhein-Westfalen (LANUK)","GER_070_MZB_LO",841.748898294735,"within_100m_to_1000m","GER_070_MZB_LO_202__GER_070_MZB_LO_204","i","new data call","NRW_288202","GER_070_MZB_LO_202","Uelfe",51.2137724470409,7.31109099173721,2007,2019,13,5
"1462","Germany","Landesamt für Natur, Umwelt und Klima Nordrhein-Westfalen (LANUK)","GER_070_MZB_LO",841.748898294735,"within_100m_to_1000m","GER_070_MZB_LO_202__GER_070_MZB_LO_204","j","new data call","NRW_290701","GER_070_MZB_LO_204","Wupper",51.2215903629116,7.31192186409679,2006,2019,14,7
"1463","Germany","Landesamt für Natur, Umwelt und Klima Nordrhein-Westfalen (LANUK)","GER_070_MZB_LO",192.439977283171,"within_100m_to_1000m","GER_070_MZB_LO_214__GER_070_MZB_LO_215","i","new data call","NRW_300342","GER_070_MZB_LO_214","Wupper",51.1339845601987,7.12119425700592,2006,2019,14,5
"1464","Germany","Landesamt für Natur, Umwelt und Klima Nordrhein-Westfalen (LANUK)","GER_070_MZB_LO",192.439977283171,"within_100m_to_1000m","GER_070_MZB_LO_214__GER_070_MZB_LO_215","j","new data call","NRW_300378","GER_070_MZB_LO_215","Sengbach",51.1323048905901,7.12020472112807,2006,2016,11,5
"1465","Germany","Landesamt für Natur, Umwelt und Klima Nordrhein-Westfalen (LANUK)","GER_070_MZB_LO",639.203808543953,"within_100m_to_1000m","GER_070_MZB_LO_270__GER_070_MZB_LO_271","i","new data call","NRW_316271","GER_070_MZB_LO_270","Nette",51.3081862833576,6.26023473267501,2006,2019,14,5
"1466","Germany","Landesamt für Natur, Umwelt und Klima Nordrhein-Westfalen (LANUK)","GER_070_MZB_LO",639.203808543953,"within_100m_to_1000m","GER_070_MZB_LO_270__GER_070_MZB_LO_271","j","new data call","NRW_316283","GER_070_MZB_LO_271","Muehlenbach",51.302728183765,6.25645632760356,2006,2019,14,5
"1467","Germany","Landesamt für Natur, Umwelt und Klima Nordrhein-Westfalen (LANUK)","GER_070_MZB_LO",924.863665184164,"within_100m_to_1000m","GER_070_MZB_LO_216__GER_070_MZB_LO_290","i","new data call","NRW_300512","GER_070_MZB_LO_216","Morsbach",51.1937515147939,7.21228132021938,2006,2019,14,6
"1468","Germany","Landesamt für Natur, Umwelt und Klima Nordrhein-Westfalen (LANUK)","GER_070_MZB_LO",924.863665184164,"within_100m_to_1000m","GER_070_MZB_LO_216__GER_070_MZB_LO_290","j","new data call","NRW_320286","GER_070_MZB_LO_290","Leyerbach",51.1995773454079,7.20219330711238,2007,2019,13,5
"1469","Germany","Landesamt für Natur, Umwelt und Klima Nordrhein-Westfalen (LANUK)","GER_070_MZB_LO",790.596994992917,"within_100m_to_1000m","GER_070_MZB_LO_293__GER_070_MZB_LO_302","i","new data call","NRW_451058","GER_070_MZB_LO_293","Sieg",50.8792611388729,8.02414848540777,2006,2018,13,5
"1470","Germany","Landesamt für Natur, Umwelt und Klima Nordrhein-Westfalen (LANUK)","GER_070_MZB_LO",790.596994992917,"within_100m_to_1000m","GER_070_MZB_LO_293__GER_070_MZB_LO_302","j","new data call","NRW_455052","GER_070_MZB_LO_302","Weiss",50.8765090685935,8.03493746303412,2008,2018,11,5
"1471","Germany","Landesamt für Natur, Umwelt und Klima Nordrhein-Westfalen (LANUK)","GER_070_MZB_LO",913.349738777672,"within_100m_to_1000m","GER_070_MZB_LO_293__GER_070_MZB_LO_304","i","new data call","NRW_451058","GER_070_MZB_LO_293","Sieg",50.8792611388729,8.02414848540777,2006,2018,13,5
"1472","Germany","Landesamt für Natur, Umwelt und Klima Nordrhein-Westfalen (LANUK)","GER_070_MZB_LO",913.349738777672,"within_100m_to_1000m","GER_070_MZB_LO_293__GER_070_MZB_LO_304","j","new data call","NRW_455404","GER_070_MZB_LO_304","Alche",50.8803540056957,8.01082033902667,2008,2018,11,5
"1473","Germany","Landesamt für Natur, Umwelt und Klima Nordrhein-Westfalen (LANUK)","GER_070_MZB_LO",199.278076898802,"within_100m_to_1000m","GER_070_MZB_LO_305__GER_070_MZB_LO_306","i","new data call","NRW_456408","GER_070_MZB_LO_305","Asdorfer Bach",50.8666969997612,7.88734589395029,2006,2018,13,5
"1474","Germany","Landesamt für Natur, Umwelt und Klima Nordrhein-Westfalen (LANUK)","GER_070_MZB_LO",199.278076898802,"within_100m_to_1000m","GER_070_MZB_LO_305__GER_070_MZB_LO_306","j","new data call","NRW_456706","GER_070_MZB_LO_306","Fischbach",50.8655589437952,7.88966090889971,2009,2019,11,5
"1475","Germany","Landesamt für Natur, Umwelt und Klima Nordrhein-Westfalen (LANUK)","GER_070_MZB_LO",452.716372351829,"within_100m_to_1000m","GER_070_MZB_LO_326__GER_070_MZB_LO_331","i","new data call","NRW_601007","GER_070_MZB_LO_326","Afte",51.5533652798656,8.56207490752293,2008,2019,12,5
"1476","Germany","Landesamt für Natur, Umwelt und Klima Nordrhein-Westfalen (LANUK)","GER_070_MZB_LO",452.716372351829,"within_100m_to_1000m","GER_070_MZB_LO_326__GER_070_MZB_LO_331","j","new data call","NRW_601901","GER_070_MZB_LO_331","Alme",51.5560432005713,8.55685641723482,2008,2019,12,5
"1477","Germany","Landesamt für Natur, Umwelt und Klima Nordrhein-Westfalen (LANUK)","GER_070_MZB_LO",952.448911639178,"within_100m_to_1000m","GER_070_MZB_LO_374__GER_070_MZB_LO_375","i","new data call","NRW_717204","GER_070_MZB_LO_374","Eusternbach",51.8262125936864,8.32623473803849,2008,2018,11,5
"1478","Germany","Landesamt für Natur, Umwelt und Klima Nordrhein-Westfalen (LANUK)","GER_070_MZB_LO",952.448911639178,"within_100m_to_1000m","GER_070_MZB_LO_374__GER_070_MZB_LO_375","j","new data call","NRW_717708","GER_070_MZB_LO_375","Hamelbach",51.8292729092716,8.31280935274546,2008,2018,11,5
"1479","Germany","Landesamt für Natur, Umwelt und Klima Nordrhein-Westfalen (LANUK)","GER_070_MZB_LO",931.597287836064,"within_100m_to_1000m","GER_070_MZB_LO_392__GER_070_MZB_LO_410","i","new data call","NRW_745704","GER_070_MZB_LO_392","Diemel",51.4901328728176,9.10461239453539,2007,2019,13,5
"1480","Germany","Landesamt für Natur, Umwelt und Klima Nordrhein-Westfalen (LANUK)","GER_070_MZB_LO",931.597287836064,"within_100m_to_1000m","GER_070_MZB_LO_392__GER_070_MZB_LO_410","j","new data call","NRW_791325","GER_070_MZB_LO_410","Diemel",51.4868926368137,9.11749517439491,2007,2019,13,5
"1481","Germany","Landesamt für Natur, Umwelt und Klima Nordrhein-Westfalen (LANUK)","GER_070_MZB_LO",266.767425019761,"within_100m_to_1000m","GER_070_MZB_LO_417__GER_070_MZB_LO_418","i","new data call","NRW_800016","GER_070_MZB_LO_417","Vechte",52.2486038467483,7.29358475448922,2007,2019,13,6
"1482","Germany","Landesamt für Natur, Umwelt und Klima Nordrhein-Westfalen (LANUK)","GER_070_MZB_LO",266.767425019761,"within_100m_to_1000m","GER_070_MZB_LO_417__GER_070_MZB_LO_418","j","new data call","NRW_800132","GER_070_MZB_LO_418","Steinfurter Aa",52.2501952228426,7.29668806824242,2007,2019,13,7
"1483","Germany","Landesamt für Natur, Umwelt und Klima Nordrhein-Westfalen (LANUK)","GER_070_MZB_LO",498.356446123186,"within_100m_to_1000m","GER_070_MZB_LO_438__GER_070_MZB_LO_450","i","new data call","NRW_803029","GER_070_MZB_LO_438","Ems",52.2684856314486,7.45495882229068,2007,2018,12,5
"1484","Germany","Landesamt für Natur, Umwelt und Klima Nordrhein-Westfalen (LANUK)","GER_070_MZB_LO",498.356446123186,"within_100m_to_1000m","GER_070_MZB_LO_438__GER_070_MZB_LO_450","j","new data call","NRW_805002","GER_070_MZB_LO_450","Hemelter Bach",52.2713417316668,7.46091269206525,2006,2019,14,5
"1485","Germany","Landesamt für Umwelt (Schleswig-Holstein) (LfU)","GER_071_MZB_LO",378.547434243624,"within_100m_to_1000m","GER_071_MZB_LO_3__GER_071_MZB_LO_4","i","new data call","SH_121534","GER_071_MZB_LO_3","Stoer",54.0334868443,9.8453163554,2009,2020,12,5
"1486","Germany","Landesamt für Umwelt (Schleswig-Holstein) (LfU)","GER_071_MZB_LO",378.547434243624,"within_100m_to_1000m","GER_071_MZB_LO_3__GER_071_MZB_LO_4","j","new data call","SH_121535","GER_071_MZB_LO_4","Stoer",54.0311179562,9.8409017888,2009,2020,12,5
"1487","Germany","Landesamt für Umwelt (Schleswig-Holstein) (LfU)","GER_071_MZB_LO",610.097278449853,"within_100m_to_1000m","GER_071_MZB_LO_3__GER_071_MZB_LO_5","i","new data call","SH_121534","GER_071_MZB_LO_3","Stoer",54.0334868443,9.8453163554,2009,2020,12,5
"1488","Germany","Landesamt für Umwelt (Schleswig-Holstein) (LfU)","GER_071_MZB_LO",610.097278449853,"within_100m_to_1000m","GER_071_MZB_LO_3__GER_071_MZB_LO_5","j","new data call","SH_121536","GER_071_MZB_LO_5","Stoer",54.0310489159,9.8366254942,2009,2020,12,5
"1489","Germany","Landesamt für Umwelt (Schleswig-Holstein) (LfU)","GER_071_MZB_LO",271.110621307037,"within_100m_to_1000m","GER_071_MZB_LO_4__GER_071_MZB_LO_5","i","new data call","SH_121535","GER_071_MZB_LO_4","Stoer",54.0311179562,9.8409017888,2009,2020,12,5
"1490","Germany","Landesamt für Umwelt (Schleswig-Holstein) (LfU)","GER_071_MZB_LO",271.110621307037,"within_100m_to_1000m","GER_071_MZB_LO_4__GER_071_MZB_LO_5","j","new data call","SH_121536","GER_071_MZB_LO_5","Stoer",54.0310489159,9.8366254942,2009,2020,12,5
"1491","Germany","Landesamt für Umwelt (Schleswig-Holstein) (LfU)","GER_071_MZB_LO",753.254840965269,"within_100m_to_1000m","GER_071_MZB_LO_4__GER_071_MZB_LO_6","i","new data call","SH_121535","GER_071_MZB_LO_4","Stoer",54.0311179562,9.8409017888,2009,2020,12,5
"1492","Germany","Landesamt für Umwelt (Schleswig-Holstein) (LfU)","GER_071_MZB_LO",753.254840965269,"within_100m_to_1000m","GER_071_MZB_LO_4__GER_071_MZB_LO_6","j","new data call","SH_121537","GER_071_MZB_LO_6","Stoer",54.0289945222,9.8295768175,2009,2020,12,5
"1493","Germany","Landesamt für Umwelt (Schleswig-Holstein) (LfU)","GER_071_MZB_LO",498.464354462369,"within_100m_to_1000m","GER_071_MZB_LO_5__GER_071_MZB_LO_6","i","new data call","SH_121536","GER_071_MZB_LO_5","Stoer",54.0310489159,9.8366254942,2009,2020,12,5
"1494","Germany","Landesamt für Umwelt (Schleswig-Holstein) (LfU)","GER_071_MZB_LO",498.464354462369,"within_100m_to_1000m","GER_071_MZB_LO_5__GER_071_MZB_LO_6","j","new data call","SH_121537","GER_071_MZB_LO_6","Stoer",54.0289945222,9.8295768175,2009,2020,12,5
"1495","Germany","Landesamt für Umwelt (Schleswig-Holstein) (LfU)","GER_071_MZB_LO",911.088946300615,"within_100m_to_1000m","GER_071_MZB_LO_7__GER_071_MZB_LO_8","i","new data call","SH_121541","GER_071_MZB_LO_7","Radesforder Au",53.9736931704,10.1358365318,2009,2020,12,5
"1496","Germany","Landesamt für Umwelt (Schleswig-Holstein) (LfU)","GER_071_MZB_LO",911.088946300615,"within_100m_to_1000m","GER_071_MZB_LO_7__GER_071_MZB_LO_8","j","new data call","SH_121543","GER_071_MZB_LO_8","Radesforder Au",53.9758997395,10.1219753652,2009,2020,12,5
"1497","Germany","Landesamt für Umwelt (Schleswig-Holstein) (LfU)","GER_071_MZB_LO",873.103577437294,"within_100m_to_1000m","GER_071_MZB_LO_10__GER_071_MZB_LO_11","i","new data call","SH_123276","GER_071_MZB_LO_10","Schafflunder Muehlenstrom",54.7529731354,9.1394479883,2009,2020,12,5
"1498","Germany","Landesamt für Umwelt (Schleswig-Holstein) (LfU)","GER_071_MZB_LO",873.103577437294,"within_100m_to_1000m","GER_071_MZB_LO_10__GER_071_MZB_LO_11","j","new data call","SH_123702","GER_071_MZB_LO_11","Schafflunder Muehlenstrom",54.749266282,9.1269909393,2009,2020,12,6
"1499","Germany","Landesamt für Umwelt (Schleswig-Holstein) (LfU)","GER_071_MZB_LO",871.191540916648,"within_100m_to_1000m","GER_071_MZB_LO_12__GER_071_MZB_LO_9","i","new data call","SH_123224","GER_071_MZB_LO_9","Schafflunder Muehlenstrom",54.7444882564,9.1051194589,2009,2020,12,7
"1500","Germany","Landesamt für Umwelt (Schleswig-Holstein) (LfU)","GER_071_MZB_LO",871.191540916648,"within_100m_to_1000m","GER_071_MZB_LO_12__GER_071_MZB_LO_9","j","new data call","SH_123704","GER_071_MZB_LO_12","Schafflunder Muehlenstrom",54.747486892,9.1180991878,2009,2020,12,6
"1501","Germany","Landesamt für Umwelt (Schleswig-Holstein) (LfU)","GER_071_MZB_LO",586.442796581233,"within_100m_to_1000m","GER_071_MZB_LO_11__GER_071_MZB_LO_12","i","new data call","SH_123702","GER_071_MZB_LO_11","Schafflunder Muehlenstrom",54.749266282,9.1269909393,2009,2020,12,6
"1502","Germany","Landesamt für Umwelt (Schleswig-Holstein) (LfU)","GER_071_MZB_LO",586.442796581233,"within_100m_to_1000m","GER_071_MZB_LO_11__GER_071_MZB_LO_12","j","new data call","SH_123704","GER_071_MZB_LO_12","Schafflunder Muehlenstrom",54.747486892,9.1180991878,2009,2020,12,6
"1503","Germany","Landesamt für Umwelt (Schleswig-Holstein) (LfU)","GER_071_MZB_LO",904.232034753489,"within_100m_to_1000m","GER_071_MZB_LO_13__GER_071_MZB_LO_14","i","new data call","SH_126559","GER_071_MZB_LO_13","Schwartau",53.9302620724,10.6979531303,2009,2021,13,12
"1504","Germany","Landesamt für Umwelt (Schleswig-Holstein) (LfU)","GER_071_MZB_LO",904.232034753489,"within_100m_to_1000m","GER_071_MZB_LO_13__GER_071_MZB_LO_14","j","new data call","SH_126616","GER_071_MZB_LO_14","Schwartau",53.9351497467,10.7095314323,2010,2020,11,5
"1505","Germany","Landesamt für Umwelt (Schleswig-Holstein) (LfU)","GER_071_MZB_LO",909.551060040909,"within_100m_to_1000m","GER_071_MZB_LO_13__GER_071_MZB_LO_16","i","new data call","SH_126559","GER_071_MZB_LO_13","Schwartau",53.9302620724,10.6979531303,2009,2021,13,12
"1506","Germany","Landesamt für Umwelt (Schleswig-Holstein) (LfU)","GER_071_MZB_LO",909.551060040909,"within_100m_to_1000m","GER_071_MZB_LO_13__GER_071_MZB_LO_16","j","new data call","SH_127134","GER_071_MZB_LO_16","Schwartau",53.9376329016,10.7049558373,2010,2020,11,6
"1507","Germany","Landesamt für Umwelt (Schleswig-Holstein) (LfU)","GER_071_MZB_LO",394.832169632574,"within_100m_to_1000m","GER_071_MZB_LO_14__GER_071_MZB_LO_16","i","new data call","SH_126616","GER_071_MZB_LO_14","Schwartau",53.9351497467,10.7095314323,2010,2020,11,5
"1508","Germany","Landesamt für Umwelt (Schleswig-Holstein) (LfU)","GER_071_MZB_LO",394.832169632574,"within_100m_to_1000m","GER_071_MZB_LO_14__GER_071_MZB_LO_16","j","new data call","SH_127134","GER_071_MZB_LO_16","Schwartau",53.9376329016,10.7049558373,2010,2020,11,6
"1509","Germany","Landesamt für Umwelt, Landwirtschaft und Geologie (LfULG), Sachsen","GER_072_MZB_LO",319.89613242192,"within_100m_to_1000m","GER_072_MZB_LO_1__GER_072_MZB_LO_2","i","new data call","SN_OBF00080","GER_072_MZB_LO_1","Elbe",50.8633533404438,14.2262837583507,2009,2019,11,11
"1510","Germany","Landesamt für Umwelt, Landwirtschaft und Geologie (LfULG), Sachsen","GER_072_MZB_LO",319.89613242192,"within_100m_to_1000m","GER_072_MZB_LO_1__GER_072_MZB_LO_2","j","new data call","SN_OBF00090","GER_072_MZB_LO_2","Elbe",50.8606541995165,14.2282716762327,2009,2019,11,11
"1511","Germany","Landesamt für Umwelt, Landwirtschaft und Geologie (LfULG), Sachsen","GER_072_MZB_LO",110.085320039214,"within_100m_to_1000m","GER_072_MZB_LO_3__GER_072_MZB_LO_4","i","new data call","SN_OBF00100","GER_072_MZB_LO_3","Elbe-0 (Labe od toku Jílovský potok po tok Kirnitzsch)",50.8904852802073,14.2291699590732,2009,2019,11,11
"1512","Germany","Landesamt für Umwelt, Landwirtschaft und Geologie (LfULG), Sachsen","GER_072_MZB_LO",110.085320039214,"within_100m_to_1000m","GER_072_MZB_LO_3__GER_072_MZB_LO_4","j","new data call","SN_OBF00200","GER_072_MZB_LO_4","Elbe-0 (Labe od toku Jílovský potok po tok Kirnitzsch)",50.8913027093774,14.2301471625146,2009,2019,11,11
"1513","Germany","Landesamt für Umwelt, Landwirtschaft und Geologie (LfULG), Sachsen","GER_072_MZB_LO",880.677565242663,"within_100m_to_1000m","GER_072_MZB_LO_5__GER_072_MZB_LO_6","i","new data call","SN_OBF00250","GER_072_MZB_LO_5","Elbe",50.9066355240453,14.1948491761461,2009,2019,11,11
"1514","Germany","Landesamt für Umwelt, Landwirtschaft und Geologie (LfULG), Sachsen","GER_072_MZB_LO",880.677565242663,"within_100m_to_1000m","GER_072_MZB_LO_5__GER_072_MZB_LO_6","j","new data call","SN_OBF00300","GER_072_MZB_LO_6","Elbe",50.9046361490932,14.2074237139258,2009,2019,11,11
"1515","Germany","Landesamt für Umwelt, Landwirtschaft und Geologie (LfULG), Sachsen","GER_072_MZB_LO",123.024590287568,"within_100m_to_1000m","GER_072_MZB_LO_10__GER_072_MZB_LO_9","i","new data call","SN_OBF01200","GER_072_MZB_LO_9","Elbe-1",51.0958106153903,13.6429752056482,2009,2019,11,11
"1516","Germany","Landesamt für Umwelt, Landwirtschaft und Geologie (LfULG), Sachsen","GER_072_MZB_LO",123.024590287568,"within_100m_to_1000m","GER_072_MZB_LO_10__GER_072_MZB_LO_9","j","new data call","SN_OBF01300","GER_072_MZB_LO_10","Elbe-1",51.0969389137351,13.6432864747065,2009,2019,11,11
"1517","Germany","Landesamt für Umwelt, Landwirtschaft und Geologie (LfULG), Sachsen","GER_072_MZB_LO",157.175886577574,"within_100m_to_1000m","GER_072_MZB_LO_12__GER_072_MZB_LO_13","i","new data call","SN_OBF01800","GER_072_MZB_LO_12","Elbe",51.209331557957,13.4040423209241,2009,2019,11,11
"1518","Germany","Landesamt für Umwelt, Landwirtschaft und Geologie (LfULG), Sachsen","GER_072_MZB_LO",157.175886577574,"within_100m_to_1000m","GER_072_MZB_LO_12__GER_072_MZB_LO_13","j","new data call","SN_OBF01900","GER_072_MZB_LO_13","Elbe",51.2095736278104,13.4063394325166,2009,2019,11,11
"1519","Germany","Landesamt für Umwelt, Landwirtschaft und Geologie (LfULG), Sachsen","GER_072_MZB_LO",124.806340308947,"within_100m_to_1000m","GER_072_MZB_LO_18__GER_072_MZB_LO_19","i","new data call","SN_OBF02600","GER_072_MZB_LO_18","Elbe",51.5577384255562,13.0104521292251,2009,2019,11,11
"1520","Germany","Landesamt für Umwelt, Landwirtschaft und Geologie (LfULG), Sachsen","GER_072_MZB_LO",124.806340308947,"within_100m_to_1000m","GER_072_MZB_LO_18__GER_072_MZB_LO_19","j","new data call","SN_OBF02700","GER_072_MZB_LO_19","Elbe",51.5582362374623,13.0121358492304,2009,2019,11,11
"1521","Germany","Landesamt für Umwelt, Landwirtschaft und Geologie (LfULG), Sachsen","GER_072_MZB_LO",735.866873928346,"within_100m_to_1000m","GER_072_MZB_LO_76__GER_072_MZB_LO_78","i","new data call","SN_OBF50006","GER_072_MZB_LO_76","Kroestaubach",50.4701625274093,12.0723128798177,2010,2020,11,5
"1522","Germany","Landesamt für Umwelt, Landwirtschaft und Geologie (LfULG), Sachsen","GER_072_MZB_LO",735.866873928346,"within_100m_to_1000m","GER_072_MZB_LO_76__GER_072_MZB_LO_78","j","new data call","SN_OBF51100","GER_072_MZB_LO_78","Rosenbach",50.4742021157016,12.0809824951363,2010,2020,11,6
"1523","Germany","Landesamt für Umweltschutz (Sachsen-Anhalt) (LAU)","GER_073_MZB_LO",213.931683335862,"within_100m_to_1000m","GER_073_MZB_LO_55__GER_073_MZB_LO_56","i","new data call","ST_410001","GER_073_MZB_LO_55","Elbe",51.9298058696411,11.9524835101686,2008,2019,12,8
"1524","Germany","Landesamt für Umweltschutz (Sachsen-Anhalt) (LAU)","GER_073_MZB_LO",213.931683335862,"within_100m_to_1000m","GER_073_MZB_LO_55__GER_073_MZB_LO_56","j","new data call","ST_410002","GER_073_MZB_LO_56","Elbe",51.9317717950605,11.9529909147918,2008,2019,12,8
"1525","Germany","Landesamt für Umweltschutz (Sachsen-Anhalt) (LAU)","GER_073_MZB_LO",195.386770748043,"within_100m_to_1000m","GER_073_MZB_LO_57__GER_073_MZB_LO_58","i","new data call","ST_410020","GER_073_MZB_LO_57","Elbe",52.0645570828003,11.6803593278983,2006,2019,14,10
"1526","Germany","Landesamt für Umweltschutz (Sachsen-Anhalt) (LAU)","GER_073_MZB_LO",195.386770748043,"within_100m_to_1000m","GER_073_MZB_LO_57__GER_073_MZB_LO_58","j","new data call","ST_410021","GER_073_MZB_LO_58","Elbe",52.0649048463425,11.6832546930507,2008,2019,12,8
"1527","Germany","Landesamt für Umweltschutz (Sachsen-Anhalt) (LAU)","GER_073_MZB_LO",298.44391705856,"within_100m_to_1000m","GER_073_MZB_LO_59__GER_073_MZB_LO_60","i","new data call","ST_410060","GER_073_MZB_LO_59","Elbe",52.7835352371614,12.0301862221152,2006,2019,14,8
"1528","Germany","Landesamt für Umweltschutz (Sachsen-Anhalt) (LAU)","GER_073_MZB_LO",298.44391705856,"within_100m_to_1000m","GER_073_MZB_LO_59__GER_073_MZB_LO_60","j","new data call","ST_410061","GER_073_MZB_LO_60","Elbe",52.7841858153452,12.0346367302095,2006,2019,14,8
"1529","Germany","Landesamt für Umweltschutz (Sachsen-Anhalt) (LAU)","GER_073_MZB_LO",451.733515742226,"within_100m_to_1000m","GER_073_MZB_LO_62__GER_073_MZB_LO_89","i","new data call","ST_410100","GER_073_MZB_LO_62","Bode",51.7175808982985,10.9703942353041,2006,2018,13,9
"1530","Germany","Landesamt für Umweltschutz (Sachsen-Anhalt) (LAU)","GER_073_MZB_LO",451.733515742226,"within_100m_to_1000m","GER_073_MZB_LO_62__GER_073_MZB_LO_89","j","new data call","ST_411371","GER_073_MZB_LO_89","Luppbode",51.7137059677574,10.9730197195473,2008,2018,11,8
"1531","Germany","Landesamt für Umweltschutz (Sachsen-Anhalt) (LAU)","GER_073_MZB_LO",976.57663133945,"within_100m_to_1000m","GER_073_MZB_LO_117__GER_073_MZB_LO_119","i","new data call","ST_417520","GER_073_MZB_LO_117","Kuhgraben",52.6327657217864,11.8780308367892,2008,2019,12,5
"1532","Germany","Landesamt für Umweltschutz (Sachsen-Anhalt) (LAU)","GER_073_MZB_LO",976.57663133945,"within_100m_to_1000m","GER_073_MZB_LO_117__GER_073_MZB_LO_119","j","new data call","ST_417540","GER_073_MZB_LO_119","Neuer Flottgraben",52.6237609164849,11.8799961788261,2008,2018,11,5
"1533","Germany","Landesamt für Umweltschutz (Sachsen-Anhalt) (LAU)","GER_073_MZB_LO",956.966097130875,"within_100m_to_1000m","GER_073_MZB_LO_131__GER_073_MZB_LO_134","i","new data call","ST_418022","GER_073_MZB_LO_131","Milde",52.53239696608,11.3833931145495,2006,2018,13,5
"1534","Germany","Landesamt für Umweltschutz (Sachsen-Anhalt) (LAU)","GER_073_MZB_LO",956.966097130875,"within_100m_to_1000m","GER_073_MZB_LO_131__GER_073_MZB_LO_134","j","new data call","ST_418080","GER_073_MZB_LO_134","Rottgraben (Milde)",52.5238285358924,11.3873518155872,2006,2019,14,6
"1535","Germany","Landesamt für Umweltschutz (Sachsen-Anhalt) (LAU)","GER_073_MZB_LO",708.495949817821,"within_100m_to_1000m","GER_073_MZB_LO_132__GER_073_MZB_LO_136","i","new data call","ST_418025","GER_073_MZB_LO_132","Milde",52.664868904618,11.456428110031,2006,2018,13,5
"1536","Germany","Landesamt für Umweltschutz (Sachsen-Anhalt) (LAU)","GER_073_MZB_LO",708.495949817821,"within_100m_to_1000m","GER_073_MZB_LO_132__GER_073_MZB_LO_136","j","new data call","ST_418110","GER_073_MZB_LO_136","Secantsgraben (Milde)",52.6583571885174,11.4547615153713,2008,2018,11,5
"1537","Greece","Ioannis Karaouzas","GRC_048_MZB_LO",971.602759245058,"within_100m_to_1000m","GRC_048_MZB_LO_120__GRC_048_MZB_LO_36","i","second data call; new data","90","GRC_048_MZB_LO_36","Enipeas",39.563521,22.087928,2012,2023,12,10
"1538","Greece","Ioannis Karaouzas","GRC_048_MZB_LO",971.602759245058,"within_100m_to_1000m","GRC_048_MZB_LO_120__GRC_048_MZB_LO_36","j","second data call; new data","320","GRC_048_MZB_LO_120","Pinios Thess.",39.568569,22.078457,2012,2023,12,10
"1539","Greece","Ioannis Karaouzas","GRC_048_MZB_LO",799.499149384158,"within_100m_to_1000m","GRC_048_MZB_LO_117__GRC_048_MZB_LO_160","i","second data call; new data","315","GRC_048_MZB_LO_117","Pinios Thess.",39.78782222,22.38941667,2012,2023,12,10
"1540","Greece","Ioannis Karaouzas","GRC_048_MZB_LO",799.499149384158,"within_100m_to_1000m","GRC_048_MZB_LO_117__GRC_048_MZB_LO_160","j","second data call; new data","435","GRC_048_MZB_LO_160","Titarisios",39.786852,22.380001,2012,2023,12,10
"1541","Hungary","Zoltan Csabai","HUN_022_MZB_LO",770.050401281352,"within_100m_to_1000m","HUN_022_MZB_LO_10__HUN_022_MZB_LO_12","i","first call; data Ellen used","101178324","HUN_022_MZB_LO_10","Rába (határtól)",46.9536748860002,16.2672528629999,2007,2017,11,11
"1542","Hungary","Zoltan Csabai","HUN_022_MZB_LO",770.050401281352,"within_100m_to_1000m","HUN_022_MZB_LO_10__HUN_022_MZB_LO_12","j","first call; data Ellen used","101178368","HUN_022_MZB_LO_12","Lapincs",46.9596821960003,16.27293582,2007,2017,11,11
"1543","Hungary","Zoltan Csabai","HUN_022_MZB_LO",962.414432742743,"within_100m_to_1000m","HUN_022_MZB_LO_14__HUN_022_MZB_LO_61","i","first call; data Ellen used","101178416","HUN_022_MZB_LO_14","Marcal",47.518291382001,17.4114575940002,2000,2017,18,18
"1544","Hungary","Zoltan Csabai","HUN_022_MZB_LO",962.414432742743,"within_100m_to_1000m","HUN_022_MZB_LO_14__HUN_022_MZB_LO_61","j","first call; data Ellen used","101845378","HUN_022_MZB_LO_61","Rába",47.5127722990001,17.4010579189999,2000,2017,18,17
"1545","Ireland","Elvira de Eyto","IRL_023_MZB_LO",367.337188292927,"within_100m_to_1000m","IRL_023_MZB_LO_3__IRL_023_MZB_LO_4","i","first call; data Ellen used","3","IRL_023_MZB_LO_3","Cottage",53.950406,-9.56435,2003,2019,17,17
"1546","Ireland","Elvira de Eyto","IRL_023_MZB_LO",367.337188292927,"within_100m_to_1000m","IRL_023_MZB_LO_3__IRL_023_MZB_LO_4","j","first call; data Ellen used","4","IRL_023_MZB_LO_4","Cottage",53.951784,-9.559057,2003,2019,17,17
"1547","Ireland","Elvira de Eyto","IRL_023_MZB_LO",215.521783790612,"within_100m_to_1000m","IRL_023_MZB_LO_11__IRL_023_MZB_LO_12","i","first call; data Ellen used","11","IRL_023_MZB_LO_11","Lodge",53.978363,-9.56309,2003,2018,16,16
"1548","Ireland","Elvira de Eyto","IRL_023_MZB_LO",215.521783790612,"within_100m_to_1000m","IRL_023_MZB_LO_11__IRL_023_MZB_LO_12","j","first call; data Ellen used","12","IRL_023_MZB_LO_12","Lodge",53.97774,-9.559862,2003,2018,16,16
"1549","Ireland","Elvira de Eyto","IRL_023_MZB_LO",522.428237981615,"within_100m_to_1000m","IRL_023_MZB_LO_11__IRL_023_MZB_LO_15","i","first call; data Ellen used","11","IRL_023_MZB_LO_11","Lodge",53.978363,-9.56309,2003,2018,16,16
"1550","Ireland","Elvira de Eyto","IRL_023_MZB_LO",522.428237981615,"within_100m_to_1000m","IRL_023_MZB_LO_11__IRL_023_MZB_LO_15","j","first call; data Ellen used","15","IRL_023_MZB_LO_15","Rough",53.982908,-9.560202,2003,2019,17,17
"1551","Ireland","Elvira de Eyto","IRL_023_MZB_LO",556.718954865996,"within_100m_to_1000m","IRL_023_MZB_LO_12__IRL_023_MZB_LO_15","i","first call; data Ellen used","12","IRL_023_MZB_LO_12","Lodge",53.97774,-9.559862,2003,2018,16,16
"1552","Ireland","Elvira de Eyto","IRL_023_MZB_LO",556.718954865996,"within_100m_to_1000m","IRL_023_MZB_LO_12__IRL_023_MZB_LO_15","j","first call; data Ellen used","15","IRL_023_MZB_LO_15","Rough",53.982908,-9.560202,2003,2019,17,17
"1553","Ireland","Hugh B. Feeley","IRL_051_MZB_LO",474.086561484802,"within_100m_to_1000m","IRL_051_MZB_LO_12__IRL_051_MZB_LO_20","i","second data call; new data","IR0012","IRL_051_MZB_LO_12","FINN (DONEGAL)",54.8676859,-8.0573825,2007,2019,13,5
"1554","Ireland","Hugh B. Feeley","IRL_051_MZB_LO",474.086561484802,"within_100m_to_1000m","IRL_051_MZB_LO_12__IRL_051_MZB_LO_20","j","second data call; new data","IR0020","IRL_051_MZB_LO_20","STRANAGOPPOGE",54.8663236,-8.0646349,2011,2022,12,6
"1555","Ireland","Hugh B. Feeley","IRL_051_MZB_LO",712.859584982911,"within_100m_to_1000m","IRL_051_MZB_LO_71__IRL_051_MZB_LO_72","i","second data call; new data","IR0071","IRL_051_MZB_LO_71","MATTOCK",53.7322575,-6.4775743,2009,2020,12,5
"1556","Ireland","Hugh B. Feeley","IRL_051_MZB_LO",712.859584982911,"within_100m_to_1000m","IRL_051_MZB_LO_71__IRL_051_MZB_LO_72","j","second data call; new data","IR0072","IRL_051_MZB_LO_72","MATTOCK",53.726514,-6.4831401,2009,2020,12,5
"1557","Ireland","Hugh B. Feeley","IRL_051_MZB_LO",739.94095486041,"within_100m_to_1000m","IRL_051_MZB_LO_102__IRL_051_MZB_LO_88","i","second data call; new data","IR0088","IRL_051_MZB_LO_88","BROADMEADOW",53.4713889,-6.2202645,2008,2020,13,5
"1558","Ireland","Hugh B. Feeley","IRL_051_MZB_LO",739.94095486041,"within_100m_to_1000m","IRL_051_MZB_LO_102__IRL_051_MZB_LO_88","j","second data call; new data","IR0102","IRL_051_MZB_LO_102","WARD",53.4647354,-6.2173449,2008,2020,13,5
"1559","Ireland","Hugh B. Feeley","IRL_051_MZB_LO",446.140234074355,"within_100m_to_1000m","IRL_051_MZB_LO_105__IRL_051_MZB_LO_115","i","second data call; new data","IR0105","IRL_051_MZB_LO_105","BALLINAGEE",53.0620491,-6.4541395,2010,2022,13,5
"1560","Ireland","Hugh B. Feeley","IRL_051_MZB_LO",446.140234074355,"within_100m_to_1000m","IRL_051_MZB_LO_105__IRL_051_MZB_LO_115","j","second data call; new data","IR0115","IRL_051_MZB_LO_115","KING'S (LIFFEY)",53.0589182,-6.4586572,2010,2022,13,5
"1561","Ireland","Hugh B. Feeley","IRL_051_MZB_LO",339.610946329127,"within_100m_to_1000m","IRL_051_MZB_LO_113__IRL_051_MZB_LO_116","i","second data call; new data","IR0113","IRL_051_MZB_LO_113","DOUGLAS (LIFFEY)",53.0696166,-6.5411474,2010,2022,13,5
"1562","Ireland","Hugh B. Feeley","IRL_051_MZB_LO",339.610946329127,"within_100m_to_1000m","IRL_051_MZB_LO_113__IRL_051_MZB_LO_116","j","second data call; new data","IR0116","IRL_051_MZB_LO_116","KING'S (LIFFEY)",53.072554,-6.5392227,2010,2022,13,5
"1563","Ireland","Hugh B. Feeley","IRL_051_MZB_LO",770.307361580958,"within_100m_to_1000m","IRL_051_MZB_LO_119__IRL_051_MZB_LO_120","i","second data call; new data","IR0119","IRL_051_MZB_LO_119","LIFFEY",53.1300231,-6.6154993,2010,2022,13,6
"1564","Ireland","Hugh B. Feeley","IRL_051_MZB_LO",770.307361580958,"within_100m_to_1000m","IRL_051_MZB_LO_119__IRL_051_MZB_LO_120","j","second data call; new data","IR0120","IRL_051_MZB_LO_120","LIFFEY",53.1356112,-6.6229486,2010,2022,13,5
"1565","Ireland","Hugh B. Feeley","IRL_051_MZB_LO",738.167352170521,"within_100m_to_1000m","IRL_051_MZB_LO_118__IRL_051_MZB_LO_122","i","second data call; new data","IR0118","IRL_051_MZB_LO_118","KILCULLEN STREAM",53.1264513,-6.7351916,2010,2022,13,5
"1566","Ireland","Hugh B. Feeley","IRL_051_MZB_LO",738.167352170521,"within_100m_to_1000m","IRL_051_MZB_LO_118__IRL_051_MZB_LO_122","j","second data call; new data","IR0122","IRL_051_MZB_LO_122","LIFFEY",53.1314937,-6.7429332,2010,2022,13,5
"1567","Ireland","Hugh B. Feeley","IRL_051_MZB_LO",690.429727350354,"within_100m_to_1000m","IRL_051_MZB_LO_128__IRL_051_MZB_LO_141","i","second data call; new data","IR0128","IRL_051_MZB_LO_128","MORELL",53.2368306,-6.6234149,2010,2022,13,6
"1568","Ireland","Hugh B. Feeley","IRL_051_MZB_LO",690.429727350354,"within_100m_to_1000m","IRL_051_MZB_LO_128__IRL_051_MZB_LO_141","j","second data call; new data","IR0141","IRL_051_MZB_LO_141","RATHMORE STREAM",53.2394887,-6.6136759,2010,2022,13,5
"1569","Ireland","Hugh B. Feeley","IRL_051_MZB_LO",236.875996667178,"within_100m_to_1000m","IRL_051_MZB_LO_148__IRL_051_MZB_LO_153","i","second data call; new data","IR0148","IRL_051_MZB_LO_148","AVONMORE",53.0935413,-6.266795,2009,2022,14,7
"1570","Ireland","Hugh B. Feeley","IRL_051_MZB_LO",236.875996667178,"within_100m_to_1000m","IRL_051_MZB_LO_148__IRL_051_MZB_LO_153","j","second data call; new data","IR0153","IRL_051_MZB_LO_153","CLOGHOGE BROOK",53.0921757,-6.2696657,2009,2020,12,5
"1571","Ireland","Hugh B. Feeley","IRL_051_MZB_LO",199.412126379225,"within_100m_to_1000m","IRL_051_MZB_LO_156__IRL_051_MZB_LO_162","i","second data call; new data","IR0156","IRL_051_MZB_LO_156","DARGLE",53.1696207,-6.1987819,2012,2021,10,5
"1572","Ireland","Hugh B. Feeley","IRL_051_MZB_LO",199.412126379225,"within_100m_to_1000m","IRL_051_MZB_LO_156__IRL_051_MZB_LO_162","j","second data call; new data","IR0162","IRL_051_MZB_LO_162","GLENCREE",53.1706943,-6.2012975,2012,2021,10,5
"1573","Ireland","Hugh B. Feeley","IRL_051_MZB_LO",546.976285446616,"within_100m_to_1000m","IRL_051_MZB_LO_165__IRL_051_MZB_LO_173","i","second data call; new data","IR0165","IRL_051_MZB_LO_165","KILL OF THE GRANGE STREAM",53.247177,-6.1198504,2009,2020,12,5
"1574","Ireland","Hugh B. Feeley","IRL_051_MZB_LO",546.976285446616,"within_100m_to_1000m","IRL_051_MZB_LO_165__IRL_051_MZB_LO_173","j","second data call; new data","IR0173","IRL_051_MZB_LO_173","SHANGANAGH",53.2422091,-6.1216612,2009,2020,12,5
"1575","Ireland","Hugh B. Feeley","IRL_051_MZB_LO",256.310621465406,"within_100m_to_1000m","IRL_051_MZB_LO_178__IRL_051_MZB_LO_179","i","second data call; new data","IR0178","IRL_051_MZB_LO_178","AUGHBOY (WEXFORD)",52.6361881,-6.2330362,2007,2022,16,6
"1576","Ireland","Hugh B. Feeley","IRL_051_MZB_LO",256.310621465406,"within_100m_to_1000m","IRL_051_MZB_LO_178__IRL_051_MZB_LO_179","j","second data call; new data","IR0179","IRL_051_MZB_LO_179","AUGHBOY (WEXFORD)",52.6383929,-6.2345273,2007,2018,12,6
"1577","Ireland","Hugh B. Feeley","IRL_051_MZB_LO",454.586940723954,"within_100m_to_1000m","IRL_051_MZB_LO_180__IRL_051_MZB_LO_184","i","second data call; new data","IR0180","IRL_051_MZB_LO_180","ASKINCH UPPER STREAM",52.7593157,-6.2179388,2007,2022,16,5
"1578","Ireland","Hugh B. Feeley","IRL_051_MZB_LO",454.586940723954,"within_100m_to_1000m","IRL_051_MZB_LO_180__IRL_051_MZB_LO_184","j","second data call; new data","IR0184","IRL_051_MZB_LO_184","CLONOUGH",52.7560004,-6.2222639,2007,2022,16,5
"1579","Ireland","Hugh B. Feeley","IRL_051_MZB_LO",211.170539152007,"within_100m_to_1000m","IRL_051_MZB_LO_183__IRL_051_MZB_LO_187","i","second data call; new data","IR0183","IRL_051_MZB_LO_183","BRACKAN",52.6277088,-6.3051855,2007,2022,16,5
"1580","Ireland","Hugh B. Feeley","IRL_051_MZB_LO",211.170539152007,"within_100m_to_1000m","IRL_051_MZB_LO_183__IRL_051_MZB_LO_187","j","second data call; new data","IR0187","IRL_051_MZB_LO_187","OWENAVORRAGH",52.626807,-6.3023178,2007,2022,16,5
"1581","Ireland","Hugh B. Feeley","IRL_051_MZB_LO",835.392862185243,"within_100m_to_1000m","IRL_051_MZB_LO_205__IRL_051_MZB_LO_207","i","second data call; new data","IR0205","IRL_051_MZB_LO_205","BALLINGALE STREAM",52.5910476,-6.5720528,2007,2022,16,6
"1582","Ireland","Hugh B. Feeley","IRL_051_MZB_LO",835.392862185243,"within_100m_to_1000m","IRL_051_MZB_LO_205__IRL_051_MZB_LO_207","j","second data call; new data","IR0207","IRL_051_MZB_LO_207","BALLYCARNEY STREAM",52.5833249,-6.5706348,2007,2022,16,6
"1583","Ireland","Hugh B. Feeley","IRL_051_MZB_LO",939.998802466205,"within_100m_to_1000m","IRL_051_MZB_LO_215__IRL_051_MZB_LO_216","i","second data call; new data","IR0215","IRL_051_MZB_LO_215","COOLBOY",52.7569138,-6.4523044,2007,2023,17,5
"1584","Ireland","Hugh B. Feeley","IRL_051_MZB_LO",939.998802466205,"within_100m_to_1000m","IRL_051_MZB_LO_215__IRL_051_MZB_LO_216","j","second data call; new data","IR0216","IRL_051_MZB_LO_216","COOLBOY",52.7635854,-6.4616184,2010,2023,14,5
"1585","Ireland","Hugh B. Feeley","IRL_051_MZB_LO",474.61696143206,"within_100m_to_1000m","IRL_051_MZB_LO_194__IRL_051_MZB_LO_218","i","second data call; new data","IR0194","IRL_051_MZB_LO_194","BANN",52.6110092,-6.4293965,2007,2022,16,6
"1586","Ireland","Hugh B. Feeley","IRL_051_MZB_LO",474.61696143206,"within_100m_to_1000m","IRL_051_MZB_LO_194__IRL_051_MZB_LO_218","j","second data call; new data","IR0218","IRL_051_MZB_LO_218","CAMOLIN STREAM",52.6150232,-6.4324161,2007,2022,16,6
"1587","Ireland","Hugh B. Feeley","IRL_051_MZB_LO",852.570854950432,"within_100m_to_1000m","IRL_051_MZB_LO_202__IRL_051_MZB_LO_237","i","second data call; new data","IR0202","IRL_051_MZB_LO_202","BORRIS STREAM (SLANEY)",52.6244751,-6.6045639,2007,2022,16,6
"1588","Ireland","Hugh B. Feeley","IRL_051_MZB_LO",852.570854950432,"within_100m_to_1000m","IRL_051_MZB_LO_202__IRL_051_MZB_LO_237","j","second data call; new data","IR0237","IRL_051_MZB_LO_237","GLASHA (SLANEY)",52.6167125,-6.6072306,2007,2022,16,6
"1589","Ireland","Hugh B. Feeley","IRL_051_MZB_LO",873.837142136148,"within_100m_to_1000m","IRL_051_MZB_LO_238__IRL_051_MZB_LO_239","i","second data call; new data","IR0238","IRL_051_MZB_LO_238","KNICKEEN",53.0026079,-6.5240909,2010,2023,14,5
"1590","Ireland","Hugh B. Feeley","IRL_051_MZB_LO",873.837142136148,"within_100m_to_1000m","IRL_051_MZB_LO_238__IRL_051_MZB_LO_239","j","second data call; new data","IR0239","IRL_051_MZB_LO_239","KNICKEEN",52.9954303,-6.5304052,2010,2023,14,5
"1591","Ireland","Hugh B. Feeley","IRL_051_MZB_LO",847.857863172721,"within_100m_to_1000m","IRL_051_MZB_LO_241__IRL_051_MZB_LO_242","i","second data call; new data","IR0241","IRL_051_MZB_LO_241","KILDAVIN STREAM",52.6820401,-6.6858192,2010,2022,13,5
"1592","Ireland","Hugh B. Feeley","IRL_051_MZB_LO",847.857863172721,"within_100m_to_1000m","IRL_051_MZB_LO_241__IRL_051_MZB_LO_242","j","second data call; new data","IR0242","IRL_051_MZB_LO_242","KILDAVIN STREAM",52.6744349,-6.682386,2010,2022,13,5
"1593","Ireland","Hugh B. Feeley","IRL_051_MZB_LO",541.142792785516,"within_100m_to_1000m","IRL_051_MZB_LO_230__IRL_051_MZB_LO_249","i","second data call; new data","IR0230","IRL_051_MZB_LO_230","DERRY",52.7231235,-6.5530748,2007,2023,17,5
"1594","Ireland","Hugh B. Feeley","IRL_051_MZB_LO",541.142792785516,"within_100m_to_1000m","IRL_051_MZB_LO_230__IRL_051_MZB_LO_249","j","second data call; new data","IR0249","IRL_051_MZB_LO_249","MINE",52.7181423,-6.551886,2007,2022,16,5
"1595","Ireland","Hugh B. Feeley","IRL_051_MZB_LO",681.315930528116,"within_100m_to_1000m","IRL_051_MZB_LO_250__IRL_051_MZB_LO_251","i","second data call; new data","IR0250","IRL_051_MZB_LO_250","ROSNASTRAW STREAM",52.7779036,-6.4279946,2010,2022,13,5
"1596","Ireland","Hugh B. Feeley","IRL_051_MZB_LO",681.315930528116,"within_100m_to_1000m","IRL_051_MZB_LO_250__IRL_051_MZB_LO_251","j","second data call; new data","IR0251","IRL_051_MZB_LO_251","ROSNASTRAW STREAM",52.7802294,-6.4377153,2007,2023,17,5
"1597","Ireland","Hugh B. Feeley","IRL_051_MZB_LO",116.786148685567,"within_100m_to_1000m","IRL_051_MZB_LO_229__IRL_051_MZB_LO_253","i","second data call; new data","IR0229","IRL_051_MZB_LO_229","DERRY",52.7541783,-6.5319294,2007,2023,17,5
"1598","Ireland","Hugh B. Feeley","IRL_051_MZB_LO",116.786148685567,"within_100m_to_1000m","IRL_051_MZB_LO_229__IRL_051_MZB_LO_253","j","second data call; new data","IR0253","IRL_051_MZB_LO_253","SHILLELAGH",52.7546767,-6.5335201,2007,2022,16,5
"1599","Ireland","Hugh B. Feeley","IRL_051_MZB_LO",385.634026471848,"within_100m_to_1000m","IRL_051_MZB_LO_211__IRL_051_MZB_LO_256","i","second data call; new data","IR0211","IRL_051_MZB_LO_211","CLODY",52.6557768,-6.6552751,2010,2022,13,5
"1600","Ireland","Hugh B. Feeley","IRL_051_MZB_LO",385.634026471848,"within_100m_to_1000m","IRL_051_MZB_LO_211__IRL_051_MZB_LO_256","j","second data call; new data","IR0256","IRL_051_MZB_LO_256","SLANEY",52.6560874,-6.6493986,2007,2022,16,6
"1601","Ireland","Hugh B. Feeley","IRL_051_MZB_LO",932.402742906974,"within_100m_to_1000m","IRL_051_MZB_LO_205__IRL_051_MZB_LO_258","i","second data call; new data","IR0205","IRL_051_MZB_LO_205","BALLINGALE STREAM",52.5910476,-6.5720528,2007,2022,16,6
"1602","Ireland","Hugh B. Feeley","IRL_051_MZB_LO",932.402742906974,"within_100m_to_1000m","IRL_051_MZB_LO_205__IRL_051_MZB_LO_258","j","second data call; new data","IR0258","IRL_051_MZB_LO_258","SLANEY",52.5823745,-6.5719738,2007,2022,16,6
"1603","Ireland","Hugh B. Feeley","IRL_051_MZB_LO",134.636499798888,"within_100m_to_1000m","IRL_051_MZB_LO_207__IRL_051_MZB_LO_258","i","second data call; new data","IR0207","IRL_051_MZB_LO_207","BALLYCARNEY STREAM",52.5833249,-6.5706348,2007,2022,16,6
"1604","Ireland","Hugh B. Feeley","IRL_051_MZB_LO",134.636499798888,"within_100m_to_1000m","IRL_051_MZB_LO_207__IRL_051_MZB_LO_258","j","second data call; new data","IR0258","IRL_051_MZB_LO_258","SLANEY",52.5823745,-6.5719738,2007,2022,16,6
"1605","Ireland","Hugh B. Feeley","IRL_051_MZB_LO",457.663940331644,"within_100m_to_1000m","IRL_051_MZB_LO_197__IRL_051_MZB_LO_259","i","second data call; new data","IR0197","IRL_051_MZB_LO_197","BANN",52.5459204,-6.5436856,2007,2022,16,6
"1606","Ireland","Hugh B. Feeley","IRL_051_MZB_LO",457.663940331644,"within_100m_to_1000m","IRL_051_MZB_LO_197__IRL_051_MZB_LO_259","j","second data call; new data","IR0259","IRL_051_MZB_LO_259","SLANEY",52.5481125,-6.5496722,2007,2022,16,5
"1607","Ireland","Hugh B. Feeley","IRL_051_MZB_LO",332.55552218375,"within_100m_to_1000m","IRL_051_MZB_LO_294__IRL_051_MZB_LO_296","i","second data call; new data","IR0294","IRL_051_MZB_LO_294","GRANEY (LERR)",52.910456,-6.8321052,2011,2023,13,5
"1608","Ireland","Hugh B. Feeley","IRL_051_MZB_LO",332.55552218375,"within_100m_to_1000m","IRL_051_MZB_LO_294__IRL_051_MZB_LO_296","j","second data call; new data","IR0296","IRL_051_MZB_LO_296","LERR",52.9135483,-6.8320258,2009,2023,15,6
"1609","Ireland","Hugh B. Feeley","IRL_051_MZB_LO",195.962546270888,"within_100m_to_1000m","IRL_051_MZB_LO_334__IRL_051_MZB_LO_336","i","second data call; new data","IR0334","IRL_051_MZB_LO_334","DININ (NORTH)",52.7787514,-7.2124675,2007,2022,16,6
"1610","Ireland","Hugh B. Feeley","IRL_051_MZB_LO",195.962546270888,"within_100m_to_1000m","IRL_051_MZB_LO_334__IRL_051_MZB_LO_336","j","second data call; new data","IR0336","IRL_051_MZB_LO_336","DININ (SOUTH)",52.7769814,-7.2131843,2007,2022,16,6
"1611","Ireland","Hugh B. Feeley","IRL_051_MZB_LO",145.051803853761,"within_100m_to_1000m","IRL_051_MZB_LO_337__IRL_051_MZB_LO_353","i","second data call; new data","IR0337","IRL_051_MZB_LO_337","ENNISNAG STREAM",52.5454078,-7.2269138,2007,2022,16,6
"1612","Ireland","Hugh B. Feeley","IRL_051_MZB_LO",145.051803853761,"within_100m_to_1000m","IRL_051_MZB_LO_337__IRL_051_MZB_LO_353","j","second data call; new data","IR0353","IRL_051_MZB_LO_353","KING'S (KILKENNY)",52.5441381,-7.2261648,2007,2022,16,6
"1613","Ireland","Hugh B. Feeley","IRL_051_MZB_LO",598.733953263439,"within_100m_to_1000m","IRL_051_MZB_LO_369__IRL_051_MZB_LO_371","i","second data call; new data","IR0369","IRL_051_MZB_LO_369","NORE",52.5238554,-7.1370224,2007,2022,16,5
"1614","Ireland","Hugh B. Feeley","IRL_051_MZB_LO",598.733953263439,"within_100m_to_1000m","IRL_051_MZB_LO_369__IRL_051_MZB_LO_371","j","second data call; new data","IR0371","IRL_051_MZB_LO_371","NORE",52.5239291,-7.1278918,2007,2022,16,5
"1615","Ireland","Hugh B. Feeley","IRL_051_MZB_LO",598.733953263439,"within_100m_to_1000m","IRL_051_MZB_LO_370__IRL_051_MZB_LO_371","i","second data call; new data","IR0370","IRL_051_MZB_LO_370","NORE",52.5238554,-7.1370224,2007,2022,16,5
"1616","Ireland","Hugh B. Feeley","IRL_051_MZB_LO",598.733953263439,"within_100m_to_1000m","IRL_051_MZB_LO_370__IRL_051_MZB_LO_371","j","second data call; new data","IR0371","IRL_051_MZB_LO_371","NORE",52.5239291,-7.1278918,2007,2022,16,5
"1617","Ireland","Hugh B. Feeley","IRL_051_MZB_LO",117.254869955841,"within_100m_to_1000m","IRL_051_MZB_LO_328__IRL_051_MZB_LO_383","i","second data call; new data","IR0328","IRL_051_MZB_LO_328","DELOUR",52.9820299,-7.5610651,2007,2022,16,5
"1618","Ireland","Hugh B. Feeley","IRL_051_MZB_LO",117.254869955841,"within_100m_to_1000m","IRL_051_MZB_LO_328__IRL_051_MZB_LO_383","j","second data call; new data","IR0383","IRL_051_MZB_LO_383","TONET",52.9812469,-7.5623224,2007,2022,16,5
"1619","Ireland","Hugh B. Feeley","IRL_051_MZB_LO",355.651159514128,"within_100m_to_1000m","IRL_051_MZB_LO_397__IRL_051_MZB_LO_459","i","second data call; new data","IR0397","IRL_051_MZB_LO_397","ANNER",52.4036072,-7.6359574,2008,2023,16,5
"1620","Ireland","Hugh B. Feeley","IRL_051_MZB_LO",355.651159514128,"within_100m_to_1000m","IRL_051_MZB_LO_397__IRL_051_MZB_LO_459","j","second data call; new data","IR0459","IRL_051_MZB_LO_459","MOYLE",52.4032186,-7.6413296,2008,2023,16,6
"1621","Ireland","Hugh B. Feeley","IRL_051_MZB_LO",678.232656872375,"within_100m_to_1000m","IRL_051_MZB_LO_462__IRL_051_MZB_LO_468","i","second data call; new data","IR0462","IRL_051_MZB_LO_462","MULTEEN",52.5192411,-8.0215494,2008,2023,16,6
"1622","Ireland","Hugh B. Feeley","IRL_051_MZB_LO",678.232656872375,"within_100m_to_1000m","IRL_051_MZB_LO_462__IRL_051_MZB_LO_468","j","second data call; new data","IR0468","IRL_051_MZB_LO_468","MULTEEN (EAST)",52.5231543,-8.013436,2008,2023,16,6
"1623","Ireland","Hugh B. Feeley","IRL_051_MZB_LO",346.438178886944,"within_100m_to_1000m","IRL_051_MZB_LO_408__IRL_051_MZB_LO_476","i","second data call; new data","IR0408","IRL_051_MZB_LO_408","BLACKWATER (KILMACOW)",52.3670676,-7.1739546,2008,2023,16,5
"1624","Ireland","Hugh B. Feeley","IRL_051_MZB_LO",346.438178886944,"within_100m_to_1000m","IRL_051_MZB_LO_408__IRL_051_MZB_LO_476","j","second data call; new data","IR0476","IRL_051_MZB_LO_476","POLLANASSA",52.3658747,-7.1788459,2012,2023,12,5
"1625","Ireland","Hugh B. Feeley","IRL_051_MZB_LO",656.173101393403,"within_100m_to_1000m","IRL_051_MZB_LO_477__IRL_051_MZB_LO_478","i","second data call; new data","IR0477","IRL_051_MZB_LO_477","ROSSESTOWN",52.7736554,-7.6907135,2008,2020,13,5
"1626","Ireland","Hugh B. Feeley","IRL_051_MZB_LO",656.173101393403,"within_100m_to_1000m","IRL_051_MZB_LO_477__IRL_051_MZB_LO_478","j","second data call; new data","IR0478","IRL_051_MZB_LO_478","ROSSESTOWN",52.7740018,-7.7007605,2008,2020,13,5
"1627","Ireland","Hugh B. Feeley","IRL_051_MZB_LO",664.710302822773,"within_100m_to_1000m","IRL_051_MZB_LO_398__IRL_051_MZB_LO_499","i","second data call; new data","IR0398","IRL_051_MZB_LO_398","ANNER",52.3597653,-7.6409683,2008,2023,16,6
"1628","Ireland","Hugh B. Feeley","IRL_051_MZB_LO",664.710302822773,"within_100m_to_1000m","IRL_051_MZB_LO_398__IRL_051_MZB_LO_499","j","second data call; new data","IR0499","IRL_051_MZB_LO_499","SUIR",52.356879,-7.6499012,2008,2023,16,6
"1629","Ireland","Hugh B. Feeley","IRL_051_MZB_LO",409.854842877339,"within_100m_to_1000m","IRL_051_MZB_LO_439__IRL_051_MZB_LO_507","i","second data call; new data","IR0439","IRL_051_MZB_LO_439","DUAG",52.2743522,-7.9944506,2008,2023,16,6
"1630","Ireland","Hugh B. Feeley","IRL_051_MZB_LO",409.854842877339,"within_100m_to_1000m","IRL_051_MZB_LO_439__IRL_051_MZB_LO_507","j","second data call; new data","IR0507","IRL_051_MZB_LO_507","TAR",52.2781643,-7.9946042,2008,2023,16,6
"1631","Ireland","Hugh B. Feeley","IRL_051_MZB_LO",277.607606553644,"within_100m_to_1000m","IRL_051_MZB_LO_518__IRL_051_MZB_LO_539","i","second data call; new data","IR0518","IRL_051_MZB_LO_518","ALLOW",52.1385956,-8.8984489,2009,2020,12,5
"1632","Ireland","Hugh B. Feeley","IRL_051_MZB_LO",277.607606553644,"within_100m_to_1000m","IRL_051_MZB_LO_518__IRL_051_MZB_LO_539","j","second data call; new data","IR0539","IRL_051_MZB_LO_539","BLACKWATER (MUNSTER)",52.1374226,-8.902189,2009,2020,12,5
"1633","Ireland","Hugh B. Feeley","IRL_051_MZB_LO",285.911954668846,"within_100m_to_1000m","IRL_051_MZB_LO_550__IRL_051_MZB_LO_560","i","second data call; new data","IR0550","IRL_051_MZB_LO_550","BRIDE (BLACKWATER)",52.0620877,-8.4597082,2009,2021,13,5
"1634","Ireland","Hugh B. Feeley","IRL_051_MZB_LO",285.911954668846,"within_100m_to_1000m","IRL_051_MZB_LO_550__IRL_051_MZB_LO_560","j","second data call; new data","IR0560","IRL_051_MZB_LO_560","COOM",52.0599874,-8.4623575,2009,2021,13,5
"1635","Ireland","Hugh B. Feeley","IRL_051_MZB_LO",907.572780273076,"within_100m_to_1000m","IRL_051_MZB_LO_514__IRL_051_MZB_LO_587","i","second data call; new data","IR0514","IRL_051_MZB_LO_514","ALLOW",52.295334,-9.0069099,2009,2020,12,5
"1636","Ireland","Hugh B. Feeley","IRL_051_MZB_LO",907.572780273076,"within_100m_to_1000m","IRL_051_MZB_LO_514__IRL_051_MZB_LO_587","j","second data call; new data","IR0587","IRL_051_MZB_LO_587","GLASHAWEE (ALLOW)",52.2983636,-8.9940547,2009,2020,12,5
"1637","Ireland","Hugh B. Feeley","IRL_051_MZB_LO",353.773810826809,"within_100m_to_1000m","IRL_051_MZB_LO_553__IRL_051_MZB_LO_590","i","second data call; new data","IR0553","IRL_051_MZB_LO_553","BRIDE (BLACKWATER)",52.1009645,-8.0016362,2009,2021,13,5
"1638","Ireland","Hugh B. Feeley","IRL_051_MZB_LO",353.773810826809,"within_100m_to_1000m","IRL_051_MZB_LO_553__IRL_051_MZB_LO_590","j","second data call; new data","IR0590","IRL_051_MZB_LO_590","GLENABOY",52.0990244,-8.0059544,2009,2021,13,5
"1639","Ireland","Hugh B. Feeley","IRL_051_MZB_LO",738.532298309063,"within_100m_to_1000m","IRL_051_MZB_LO_599__IRL_051_MZB_LO_607","i","second data call; new data","IR0599","IRL_051_MZB_LO_599","KNOPPOGE",52.0543007,-8.2530595,2009,2021,13,5
"1640","Ireland","Hugh B. Feeley","IRL_051_MZB_LO",738.532298309063,"within_100m_to_1000m","IRL_051_MZB_LO_599__IRL_051_MZB_LO_607","j","second data call; new data","IR0607","IRL_051_MZB_LO_607","OWENAGEERAGH",52.0541134,-8.2419163,2009,2021,13,5
"1641","Ireland","Hugh B. Feeley","IRL_051_MZB_LO",531.501261169998,"within_100m_to_1000m","IRL_051_MZB_LO_566__IRL_051_MZB_LO_609","i","second data call; new data","IR0566","IRL_051_MZB_LO_566","DALUA",52.1882173,-8.9263519,2009,2020,12,5
"1642","Ireland","Hugh B. Feeley","IRL_051_MZB_LO",531.501261169998,"within_100m_to_1000m","IRL_051_MZB_LO_566__IRL_051_MZB_LO_609","j","second data call; new data","IR0609","IRL_051_MZB_LO_609","OWENANARE",52.1915955,-8.9322283,2009,2019,11,5
"1643","Ireland","Hugh B. Feeley","IRL_051_MZB_LO",402.732420629558,"within_100m_to_1000m","IRL_051_MZB_LO_591__IRL_051_MZB_LO_617","i","second data call; new data","IR0591","IRL_051_MZB_LO_591","GLENAKEEFE",52.1671784,-7.9243264,2009,2021,13,5
"1644","Ireland","Hugh B. Feeley","IRL_051_MZB_LO",402.732420629558,"within_100m_to_1000m","IRL_051_MZB_LO_591__IRL_051_MZB_LO_617","j","second data call; new data","IR0617","IRL_051_MZB_LO_617","OWENNASHAD",52.1667568,-7.9303816,2012,2021,10,5
"1645","Ireland","Hugh B. Feeley","IRL_051_MZB_LO",710.14276788054,"within_100m_to_1000m","IRL_051_MZB_LO_612__IRL_051_MZB_LO_623","i","second data call; new data","IR0612","IRL_051_MZB_LO_612","OWENBAUN (RATHCOOL)",52.0872192,-8.9700455,2009,2021,13,6
"1646","Ireland","Hugh B. Feeley","IRL_051_MZB_LO",710.14276788054,"within_100m_to_1000m","IRL_051_MZB_LO_612__IRL_051_MZB_LO_623","j","second data call; new data","IR0623","IRL_051_MZB_LO_623","RATHCOOL",52.0938056,-8.970909,2009,2020,12,5
"1647","Ireland","Hugh B. Feeley","IRL_051_MZB_LO",429.907274405677,"within_100m_to_1000m","IRL_051_MZB_LO_544__IRL_051_MZB_LO_624","i","second data call; new data","IR0544","IRL_051_MZB_LO_544","BLACKWATER (MUNSTER)",52.1490394,-8.5152593,2007,2018,12,5
"1648","Ireland","Hugh B. Feeley","IRL_051_MZB_LO",429.907274405677,"within_100m_to_1000m","IRL_051_MZB_LO_544__IRL_051_MZB_LO_624","j","second data call; new data","IR0624","IRL_051_MZB_LO_624","ROSS (KILLAVULLEN)",52.146774,-8.5099002,2009,2022,14,6
"1649","Ireland","Hugh B. Feeley","IRL_051_MZB_LO",671.665136194929,"within_100m_to_1000m","IRL_051_MZB_LO_642__IRL_051_MZB_LO_648","i","second data call; new data","IR0642","IRL_051_MZB_LO_642","FOHERISH",51.9760396,-9.0711713,2008,2023,16,7
"1650","Ireland","Hugh B. Feeley","IRL_051_MZB_LO",671.665136194929,"within_100m_to_1000m","IRL_051_MZB_LO_642__IRL_051_MZB_LO_648","j","second data call; new data","IR0648","IRL_051_MZB_LO_648","GARRANE (LEE)",51.9787142,-9.0620238,2008,2023,16,7
"1651","Ireland","Hugh B. Feeley","IRL_051_MZB_LO",903.63997803565,"within_100m_to_1000m","IRL_051_MZB_LO_643__IRL_051_MZB_LO_648","i","second data call; new data","IR0643","IRL_051_MZB_LO_643","FOHERISH",51.9809181,-9.0488826,2011,2023,13,7
"1652","Ireland","Hugh B. Feeley","IRL_051_MZB_LO",903.63997803565,"within_100m_to_1000m","IRL_051_MZB_LO_643__IRL_051_MZB_LO_648","j","second data call; new data","IR0648","IRL_051_MZB_LO_648","GARRANE (LEE)",51.9787142,-9.0620238,2008,2023,16,7
"1653","Ireland","Hugh B. Feeley","IRL_051_MZB_LO",273.703979990692,"within_100m_to_1000m","IRL_051_MZB_LO_643__IRL_051_MZB_LO_649","i","second data call; new data","IR0643","IRL_051_MZB_LO_643","FOHERISH",51.9809181,-9.0488826,2011,2023,13,7
"1654","Ireland","Hugh B. Feeley","IRL_051_MZB_LO",273.703979990692,"within_100m_to_1000m","IRL_051_MZB_LO_643__IRL_051_MZB_LO_649","j","second data call; new data","IR0649","IRL_051_MZB_LO_649","KEEL",51.9804091,-9.0448412,2008,2023,16,6
"1655","Ireland","Hugh B. Feeley","IRL_051_MZB_LO",579.489042100817,"within_100m_to_1000m","IRL_051_MZB_LO_640__IRL_051_MZB_LO_659","i","second data call; new data","IR0640","IRL_051_MZB_LO_640","DUNGOURNEY",51.9117822,-8.1698527,2008,2023,16,5
"1656","Ireland","Hugh B. Feeley","IRL_051_MZB_LO",579.489042100817,"within_100m_to_1000m","IRL_051_MZB_LO_640__IRL_051_MZB_LO_659","j","second data call; new data","IR0659","IRL_051_MZB_LO_659","OWENNACURRA",51.9158634,-8.1755523,2008,2023,16,5
"1657","Ireland","Hugh B. Feeley","IRL_051_MZB_LO",260.000589650152,"within_100m_to_1000m","IRL_051_MZB_LO_651__IRL_051_MZB_LO_669","i","second data call; new data","IR0651","IRL_051_MZB_LO_651","LANEY",51.9031433,-8.9399189,2014,2023,10,7
"1658","Ireland","Hugh B. Feeley","IRL_051_MZB_LO",260.000589650152,"within_100m_to_1000m","IRL_051_MZB_LO_651__IRL_051_MZB_LO_669","j","second data call; new data","IR0669","IRL_051_MZB_LO_669","SULLANE",51.9028839,-8.9438078,2008,2023,16,5
"1659","Ireland","Hugh B. Feeley","IRL_051_MZB_LO",433.187665865281,"within_100m_to_1000m","IRL_051_MZB_LO_686__IRL_051_MZB_LO_698","i","second data call; new data","IR0686","IRL_051_MZB_LO_686","BEHY (KERRY)",52.0264254,-9.9751369,2012,2022,11,6
"1660","Ireland","Hugh B. Feeley","IRL_051_MZB_LO",433.187665865281,"within_100m_to_1000m","IRL_051_MZB_LO_686__IRL_051_MZB_LO_698","j","second data call; new data","IR0698","IRL_051_MZB_LO_698","COOMNACRONIA LOUGH STREAM",52.025861,-9.981607,2007,2022,16,5
"1661","Ireland","Hugh B. Feeley","IRL_051_MZB_LO",824.35147880169,"within_100m_to_1000m","IRL_051_MZB_LO_710__IRL_051_MZB_LO_714","i","second data call; new data","IR0710","IRL_051_MZB_LO_710","FLESK (KERRY)",52.0344568,-9.4537691,2007,2022,16,5
"1662","Ireland","Hugh B. Feeley","IRL_051_MZB_LO",824.35147880169,"within_100m_to_1000m","IRL_051_MZB_LO_710__IRL_051_MZB_LO_714","j","second data call; new data","IR0714","IRL_051_MZB_LO_714","FINOW",52.0290945,-9.4448761,2007,2022,16,5
"1663","Ireland","Hugh B. Feeley","IRL_051_MZB_LO",461.09619852218,"within_100m_to_1000m","IRL_051_MZB_LO_717__IRL_051_MZB_LO_726","i","second data call; new data","IR0717","IRL_051_MZB_LO_717","GADDAGH",52.0799394,-9.6963314,2007,2022,16,5
"1664","Ireland","Hugh B. Feeley","IRL_051_MZB_LO",461.09619852218,"within_100m_to_1000m","IRL_051_MZB_LO_717__IRL_051_MZB_LO_726","j","second data call; new data","IR0726","IRL_051_MZB_LO_726","LAUNE",52.0837615,-9.6931674,2007,2022,16,5
"1665","Ireland","Hugh B. Feeley","IRL_051_MZB_LO",874.796259382973,"within_100m_to_1000m","IRL_051_MZB_LO_694__IRL_051_MZB_LO_734","i","second data call; new data","IR0694","IRL_051_MZB_LO_694","CARAGH",52.0148843,-9.880169,2007,2022,16,5
"1666","Ireland","Hugh B. Feeley","IRL_051_MZB_LO",874.796259382973,"within_100m_to_1000m","IRL_051_MZB_LO_694__IRL_051_MZB_LO_734","j","second data call; new data","IR0734","IRL_051_MZB_LO_734","MEELAGH",52.0133936,-9.8931384,2007,2022,16,5
"1667","Ireland","Hugh B. Feeley","IRL_051_MZB_LO",991.437090784093,"within_100m_to_1000m","IRL_051_MZB_LO_693__IRL_051_MZB_LO_740","i","second data call; new data","IR0693","IRL_051_MZB_LO_693","CARAGH",51.9716677,-9.8608878,2007,2022,16,6
"1668","Ireland","Hugh B. Feeley","IRL_051_MZB_LO",991.437090784093,"within_100m_to_1000m","IRL_051_MZB_LO_693__IRL_051_MZB_LO_740","j","second data call; new data","IR0740","IRL_051_MZB_LO_740","OWENROE (CARAGH)",51.965521,-9.8497491,2007,2022,16,6
"1669","Ireland","Hugh B. Feeley","IRL_051_MZB_LO",199.484087901091,"within_100m_to_1000m","IRL_051_MZB_LO_756__IRL_051_MZB_LO_762","i","second data call; new data","IR0756","IRL_051_MZB_LO_756","CAHER (LIMERICK)",52.3156305,-9.2350045,2007,2023,17,6
"1670","Ireland","Hugh B. Feeley","IRL_051_MZB_LO",199.484087901091,"within_100m_to_1000m","IRL_051_MZB_LO_756__IRL_051_MZB_LO_762","j","second data call; new data","IR0762","IRL_051_MZB_LO_762","FEALE",52.3172231,-9.2365595,2007,2020,14,5
"1671","Ireland","Hugh B. Feeley","IRL_051_MZB_LO",101.656180932654,"within_100m_to_1000m","IRL_051_MZB_LO_751__IRL_051_MZB_LO_764","i","second data call; new data","IR0751","IRL_051_MZB_LO_751","ALLAGHAUN",52.3894119,-9.3020164,2007,2020,14,5
"1672","Ireland","Hugh B. Feeley","IRL_051_MZB_LO",101.656180932654,"within_100m_to_1000m","IRL_051_MZB_LO_751__IRL_051_MZB_LO_764","j","second data call; new data","IR0764","IRL_051_MZB_LO_764","FEALE",52.3885444,-9.302632,2007,2020,14,5
"1673","Ireland","Hugh B. Feeley","IRL_051_MZB_LO",990.428538019637,"within_100m_to_1000m","IRL_051_MZB_LO_751__IRL_051_MZB_LO_787","i","second data call; new data","IR0751","IRL_051_MZB_LO_751","ALLAGHAUN",52.3894119,-9.3020164,2007,2020,14,5
"1674","Ireland","Hugh B. Feeley","IRL_051_MZB_LO",990.428538019637,"within_100m_to_1000m","IRL_051_MZB_LO_751__IRL_051_MZB_LO_787","j","second data call; new data","IR0787","IRL_051_MZB_LO_787","OOLAGH",52.3986159,-9.3027249,2007,2020,14,5
"1675","Ireland","Hugh B. Feeley","IRL_051_MZB_LO",745.320809132596,"within_100m_to_1000m","IRL_051_MZB_LO_777__IRL_051_MZB_LO_793","i","second data call; new data","IR0777","IRL_051_MZB_LO_777","GLASHOREAG",52.319027,-9.5047935,2007,2023,17,5
"1676","Ireland","Hugh B. Feeley","IRL_051_MZB_LO",745.320809132596,"within_100m_to_1000m","IRL_051_MZB_LO_777__IRL_051_MZB_LO_793","j","second data call; new data","IR0793","IRL_051_MZB_LO_793","SMEARLAGH",52.3123224,-9.5019057,2011,2023,13,5
"1677","Ireland","Hugh B. Feeley","IRL_051_MZB_LO",260.892490903804,"within_100m_to_1000m","IRL_051_MZB_LO_784__IRL_051_MZB_LO_794","i","second data call; new data","IR0784","IRL_051_MZB_LO_784","LYRACRUMPANE",52.3507903,-9.4956174,2007,2023,17,5
"1678","Ireland","Hugh B. Feeley","IRL_051_MZB_LO",260.892490903804,"within_100m_to_1000m","IRL_051_MZB_LO_784__IRL_051_MZB_LO_794","j","second data call; new data","IR0794","IRL_051_MZB_LO_794","SMEARLAGH",52.351497,-9.4918254,2011,2023,13,8
"1679","Ireland","Hugh B. Feeley","IRL_051_MZB_LO",436.609968657369,"within_100m_to_1000m","IRL_051_MZB_LO_809__IRL_051_MZB_LO_811","i","second data call; new data","IR0809","IRL_051_MZB_LO_809","BUNOKE",52.3654593,-9.003629,2008,2023,16,6
"1680","Ireland","Hugh B. Feeley","IRL_051_MZB_LO",436.609968657369,"within_100m_to_1000m","IRL_051_MZB_LO_809__IRL_051_MZB_LO_811","j","second data call; new data","IR0811","IRL_051_MZB_LO_811","BROADFORD STREAM",52.3622864,-8.9994861,2008,2023,16,6
"1681","Ireland","Hugh B. Feeley","IRL_051_MZB_LO",600.195445260213,"within_100m_to_1000m","IRL_051_MZB_LO_810__IRL_051_MZB_LO_825","i","second data call; new data","IR0810","IRL_051_MZB_LO_810","BUNOKE",52.4040677,-9.0011923,2008,2020,13,5
"1682","Ireland","Hugh B. Feeley","IRL_051_MZB_LO",600.195445260213,"within_100m_to_1000m","IRL_051_MZB_LO_810__IRL_051_MZB_LO_825","j","second data call; new data","IR0825","IRL_051_MZB_LO_825","DEEL (NEWCASTLEWEST)",52.4052532,-8.9922709,2008,2020,13,7
"1683","Ireland","Hugh B. Feeley","IRL_051_MZB_LO",804.179828431527,"within_100m_to_1000m","IRL_051_MZB_LO_817__IRL_051_MZB_LO_836","i","second data call; new data","IR0817","IRL_051_MZB_LO_817","CHARLEVILLE STREAM",52.3963989,-8.6730078,2008,2023,16,5
"1684","Ireland","Hugh B. Feeley","IRL_051_MZB_LO",804.179828431527,"within_100m_to_1000m","IRL_051_MZB_LO_817__IRL_051_MZB_LO_836","j","second data call; new data","IR0836","IRL_051_MZB_LO_836","LOOBAGH",52.3968991,-8.660805,2008,2023,16,6
"1685","Ireland","Hugh B. Feeley","IRL_051_MZB_LO",695.596494349016,"within_100m_to_1000m","IRL_051_MZB_LO_841__IRL_051_MZB_LO_850","i","second data call; new data","IR0841","IRL_051_MZB_LO_841","MAIGUE",52.4455459,-8.6755157,2008,2023,16,6
"1686","Ireland","Hugh B. Feeley","IRL_051_MZB_LO",695.596494349016,"within_100m_to_1000m","IRL_051_MZB_LO_841__IRL_051_MZB_LO_850","j","second data call; new data","IR0850","IRL_051_MZB_LO_850","MORNINGSTAR",52.4515187,-8.6714403,2012,2023,12,5
"1687","Ireland","Hugh B. Feeley","IRL_051_MZB_LO",481.789783049425,"within_100m_to_1000m","IRL_051_MZB_LO_853__IRL_051_MZB_LO_854","i","second data call; new data","IR0853","IRL_051_MZB_LO_853","OWVANE (LIMERICK)",52.534464,-9.1464908,2008,2020,13,5
"1688","Ireland","Hugh B. Feeley","IRL_051_MZB_LO",481.789783049425,"within_100m_to_1000m","IRL_051_MZB_LO_853__IRL_051_MZB_LO_854","j","second data call; new data","IR0854","IRL_051_MZB_LO_854","OWVANE (LIMERICK)",52.5345102,-9.15384,2011,2023,13,5
"1689","Ireland","Hugh B. Feeley","IRL_051_MZB_LO",347.785972096228,"within_100m_to_1000m","IRL_051_MZB_LO_873__IRL_051_MZB_LO_874","i","second data call; new data","IR0873","IRL_051_MZB_LO_873","BLEACH",53.0121496,-8.636186,2012,2023,12,7
"1690","Ireland","Hugh B. Feeley","IRL_051_MZB_LO",347.785972096228,"within_100m_to_1000m","IRL_051_MZB_LO_873__IRL_051_MZB_LO_874","j","second data call; new data","IR0874","IRL_051_MZB_LO_874","BLEACH",53.0106656,-8.6409503,2012,2023,12,7
"1691","Ireland","Hugh B. Feeley","IRL_051_MZB_LO",531.655943025298,"within_100m_to_1000m","IRL_051_MZB_LO_905__IRL_051_MZB_LO_945","i","second data call; new data","IR0905","IRL_051_MZB_LO_905","CLODIAGH (TULLAMORE)",53.1477008,-7.5260983,2011,2023,13,5
"1692","Ireland","Hugh B. Feeley","IRL_051_MZB_LO",531.655943025298,"within_100m_to_1000m","IRL_051_MZB_LO_905__IRL_051_MZB_LO_945","j","second data call; new data","IR0945","IRL_051_MZB_LO_945","GORRAGH",53.1466352,-7.5180695,2011,2023,13,7
"1693","Ireland","Hugh B. Feeley","IRL_051_MZB_LO",179.099167672963,"within_100m_to_1000m","IRL_051_MZB_LO_906__IRL_051_MZB_LO_946","i","second data call; new data","IR0906","IRL_051_MZB_LO_906","CLODIAGH (TULLAMORE)",53.1582957,-7.5175576,2011,2023,13,5
"1694","Ireland","Hugh B. Feeley","IRL_051_MZB_LO",179.099167672963,"within_100m_to_1000m","IRL_051_MZB_LO_906__IRL_051_MZB_LO_946","j","second data call; new data","IR0946","IRL_051_MZB_LO_946","GORRAGH",53.1576025,-7.5150386,2011,2023,13,5
"1695","Ireland","Hugh B. Feeley","IRL_051_MZB_LO",691.980839578029,"within_100m_to_1000m","IRL_051_MZB_LO_870__IRL_051_MZB_LO_947","i","second data call; new data","IR0870","IRL_051_MZB_LO_870","BLACKWATER (CLARE)",52.7395479,-8.6015817,2009,2023,15,8
"1696","Ireland","Hugh B. Feeley","IRL_051_MZB_LO",691.980839578029,"within_100m_to_1000m","IRL_051_MZB_LO_870__IRL_051_MZB_LO_947","j","second data call; new data","IR0947","IRL_051_MZB_LO_947","GLENOMRA WOOD STREAM",52.7422592,-8.591964,2012,2023,12,5
"1697","Ireland","Hugh B. Feeley","IRL_051_MZB_LO",672.886713615307,"within_100m_to_1000m","IRL_051_MZB_LO_901__IRL_051_MZB_LO_950","i","second data call; new data","IR0901","IRL_051_MZB_LO_901","CAMCOR",53.1056412,-7.7349134,2008,2023,16,6
"1698","Ireland","Hugh B. Feeley","IRL_051_MZB_LO",672.886713615307,"within_100m_to_1000m","IRL_051_MZB_LO_901__IRL_051_MZB_LO_950","j","second data call; new data","IR0950","IRL_051_MZB_LO_950","GLENFELLY STREAM",53.1050599,-7.7452649,2008,2023,16,6
"1699","Ireland","Hugh B. Feeley","IRL_051_MZB_LO",305.8749494099,"within_100m_to_1000m","IRL_051_MZB_LO_896__IRL_051_MZB_LO_962","i","second data call; new data","IR0896","IRL_051_MZB_LO_896","BUNOW",52.9624173,-7.836571,2008,2023,16,5
"1700","Ireland","Hugh B. Feeley","IRL_051_MZB_LO",305.8749494099,"within_100m_to_1000m","IRL_051_MZB_LO_896__IRL_051_MZB_LO_962","j","second data call; new data","IR0962","IRL_051_MZB_LO_962","LITTLE BROSNA",52.9651071,-7.8381031,2008,2023,16,5
"1701","Ireland","Hugh B. Feeley","IRL_051_MZB_LO",638.770323597697,"within_100m_to_1000m","IRL_051_MZB_LO_899__IRL_051_MZB_LO_973","i","second data call; new data","IR0899","IRL_051_MZB_LO_899","BALLYQUIVEEN STREAM",52.8124611,-8.132616,2008,2021,14,5
"1702","Ireland","Hugh B. Feeley","IRL_051_MZB_LO",638.770323597697,"within_100m_to_1000m","IRL_051_MZB_LO_899__IRL_051_MZB_LO_973","j","second data call; new data","IR0973","IRL_051_MZB_LO_973","NENAGH",52.8168292,-8.1259702,2008,2021,14,5
"1703","Ireland","Hugh B. Feeley","IRL_051_MZB_LO",850.602595962292,"within_100m_to_1000m","IRL_051_MZB_LO_861__IRL_051_MZB_LO_979","i","second data call; new data","IR0861","IRL_051_MZB_LO_861","ARDGREGANE STREAM",52.8822991,-8.2800052,2008,2021,14,5
"1704","Ireland","Hugh B. Feeley","IRL_051_MZB_LO",850.602595962292,"within_100m_to_1000m","IRL_051_MZB_LO_861__IRL_051_MZB_LO_979","j","second data call; new data","IR0979","IRL_051_MZB_LO_979","NEWTOWN",52.8777391,-8.2906901,2008,2021,14,5
"1705","Ireland","Hugh B. Feeley","IRL_051_MZB_LO",749.727491133425,"within_100m_to_1000m","IRL_051_MZB_LO_933__IRL_051_MZB_LO_984","i","second data call; new data","IR0933","IRL_051_MZB_LO_933","EYRECOURT STREAM",53.1851631,-8.0782183,2009,2023,15,5
"1706","Ireland","Hugh B. Feeley","IRL_051_MZB_LO",749.727491133425,"within_100m_to_1000m","IRL_051_MZB_LO_933__IRL_051_MZB_LO_984","j","second data call; new data","IR0984","IRL_051_MZB_LO_984","SHANNON (LOWER)",53.1794883,-8.0714797,2008,2023,16,5
"1707","Ireland","Hugh B. Feeley","IRL_051_MZB_LO",910.131158074635,"within_100m_to_1000m","IRL_051_MZB_LO_977__IRL_051_MZB_LO_995","i","second data call; new data","IR0977","IRL_051_MZB_LO_977","NEWPORT (TIPPERARY)",52.7208854,-8.387518,2008,2021,14,5
"1708","Ireland","Hugh B. Feeley","IRL_051_MZB_LO",910.131158074635,"within_100m_to_1000m","IRL_051_MZB_LO_977__IRL_051_MZB_LO_995","j","second data call; new data","IR0995","IRL_051_MZB_LO_995","SMALL (TIPPERARY)",52.7134495,-8.3808556,2008,2021,14,5
"1709","Ireland","Hugh B. Feeley","IRL_051_MZB_LO",774.533530072355,"within_100m_to_1000m","IRL_051_MZB_LO_942__IRL_051_MZB_LO_996","i","second data call; new data","IR0942","IRL_051_MZB_LO_942","GRANEY (SHANNON)",52.9087221,-8.545599,2012,2023,12,5
"1710","Ireland","Hugh B. Feeley","IRL_051_MZB_LO",774.533530072355,"within_100m_to_1000m","IRL_051_MZB_LO_942__IRL_051_MZB_LO_996","j","second data call; new data","IR0996","IRL_051_MZB_LO_996","SCARRIFF STREAM",52.9109282,-8.534257,2009,2023,15,6
"1711","Ireland","Hugh B. Feeley","IRL_051_MZB_LO",661.081346941216,"within_100m_to_1000m","IRL_051_MZB_LO_943__IRL_051_MZB_LO_996","i","second data call; new data","IR0943","IRL_051_MZB_LO_943","GRANEY (SHANNON)",52.9062512,-8.5276568,2009,2023,15,6
"1712","Ireland","Hugh B. Feeley","IRL_051_MZB_LO",661.081346941216,"within_100m_to_1000m","IRL_051_MZB_LO_943__IRL_051_MZB_LO_996","j","second data call; new data","IR0996","IRL_051_MZB_LO_996","SCARRIFF STREAM",52.9109282,-8.534257,2009,2023,15,6
"1713","Ireland","Hugh B. Feeley","IRL_051_MZB_LO",755.096243725595,"within_100m_to_1000m","IRL_051_MZB_LO_1000__IRL_051_MZB_LO_909","i","second data call; new data","IR0909","IRL_051_MZB_LO_909","CLODIAGH (TULLAMORE)",53.2690135,-7.5638282,2011,2023,13,5
"1714","Ireland","Hugh B. Feeley","IRL_051_MZB_LO",755.096243725595,"within_100m_to_1000m","IRL_051_MZB_LO_1000__IRL_051_MZB_LO_909","j","second data call; new data","IR1000","IRL_051_MZB_LO_1000","TULLAMORE",53.2752125,-7.5583327,2011,2023,13,6
"1715","Ireland","Hugh B. Feeley","IRL_051_MZB_LO",652.736468583244,"within_100m_to_1000m","IRL_051_MZB_LO_1026__IRL_051_MZB_LO_1027","i","second data call; new data","IR1026","IRL_051_MZB_LO_1026","Bursan Stream",54.1826469,-7.8721275,2008,2020,13,5
"1716","Ireland","Hugh B. Feeley","IRL_051_MZB_LO",652.736468583244,"within_100m_to_1000m","IRL_051_MZB_LO_1026__IRL_051_MZB_LO_1027","j","second data call; new data","IR1027","IRL_051_MZB_LO_1027","BELLAVALLY STREAM",54.179095,-7.8637519,2008,2020,13,5
"1717","Ireland","Hugh B. Feeley","IRL_051_MZB_LO",974.941028150374,"within_100m_to_1000m","IRL_051_MZB_LO_1032__IRL_051_MZB_LO_1033","i","second data call; new data","IR1032","IRL_051_MZB_LO_1032","CASTLEGAR",53.4700229,-8.5013018,2008,2023,16,6
"1718","Ireland","Hugh B. Feeley","IRL_051_MZB_LO",974.941028150374,"within_100m_to_1000m","IRL_051_MZB_LO_1032__IRL_051_MZB_LO_1033","j","second data call; new data","IR1033","IRL_051_MZB_LO_1033","CASTLEGAR",53.4775944,-8.4929558,2008,2023,16,6
"1719","Ireland","Hugh B. Feeley","IRL_051_MZB_LO",728.332875574223,"within_100m_to_1000m","IRL_051_MZB_LO_1027__IRL_051_MZB_LO_1051","i","second data call; new data","IR1027","IRL_051_MZB_LO_1027","BELLAVALLY STREAM",54.179095,-7.8637519,2008,2020,13,5
"1720","Ireland","Hugh B. Feeley","IRL_051_MZB_LO",728.332875574223,"within_100m_to_1000m","IRL_051_MZB_LO_1027__IRL_051_MZB_LO_1051","j","second data call; new data","IR1051","IRL_051_MZB_LO_1051","DERRYNANANTA STREAM",54.1728053,-7.8679961,2008,2020,13,5
"1721","Ireland","Hugh B. Feeley","IRL_051_MZB_LO",463.882043907857,"within_100m_to_1000m","IRL_051_MZB_LO_1046__IRL_051_MZB_LO_1088","i","second data call; new data","IR1046","IRL_051_MZB_LO_1046","DIFFAGHER",54.171966,-8.1028694,2008,2020,13,5
"1722","Ireland","Hugh B. Feeley","IRL_051_MZB_LO",463.882043907857,"within_100m_to_1000m","IRL_051_MZB_LO_1046__IRL_051_MZB_LO_1088","j","second data call; new data","IR1088","IRL_051_MZB_LO_1088","KILLADISKERT STREAM",54.1762731,-8.1026861,2008,2020,13,5
"1723","Ireland","Hugh B. Feeley","IRL_051_MZB_LO",542.418683942611,"within_100m_to_1000m","IRL_051_MZB_LO_1038__IRL_051_MZB_LO_1096","i","second data call; new data","IR1038","IRL_051_MZB_LO_1038","CROSS (ROSCOMMON)",53.4293729,-8.0199222,2011,2023,13,5
"1724","Ireland","Hugh B. Feeley","IRL_051_MZB_LO",542.418683942611,"within_100m_to_1000m","IRL_051_MZB_LO_1038__IRL_051_MZB_LO_1096","j","second data call; new data","IR1096","IRL_051_MZB_LO_1096","MIHANBOY",53.4256004,-8.0143214,2011,2023,13,5
"1725","Ireland","Hugh B. Feeley","IRL_051_MZB_LO",731.722423251327,"within_100m_to_1000m","IRL_051_MZB_LO_1082__IRL_051_MZB_LO_1130","i","second data call; new data","IR1082","IRL_051_MZB_LO_1082","KILLIAN",53.4910058,-8.3903326,2008,2023,16,6
"1726","Ireland","Hugh B. Feeley","IRL_051_MZB_LO",731.722423251327,"within_100m_to_1000m","IRL_051_MZB_LO_1082__IRL_051_MZB_LO_1130","j","second data call; new data","IR1130","IRL_051_MZB_LO_1130","SHIVEN (SOUTH)",53.4894593,-8.4014381,2008,2023,16,6
"1727","Ireland","Hugh B. Feeley","IRL_051_MZB_LO",346.413865291674,"within_100m_to_1000m","IRL_051_MZB_LO_1078__IRL_051_MZB_LO_1142","i","second data call; new data","IR1078","IRL_051_MZB_LO_1078","ISLAND",53.6956742,-8.4618642,2008,2023,16,8
"1728","Ireland","Hugh B. Feeley","IRL_051_MZB_LO",346.413865291674,"within_100m_to_1000m","IRL_051_MZB_LO_1078__IRL_051_MZB_LO_1142","j","second data call; new data","IR1142","IRL_051_MZB_LO_1142","SUCK",53.6963237,-8.4565514,2008,2020,13,5
"1729","Ireland","Hugh B. Feeley","IRL_051_MZB_LO",885.135833916831,"within_100m_to_1000m","IRL_051_MZB_LO_1167__IRL_051_MZB_LO_1179","i","second data call; new data","IR1167","IRL_051_MZB_LO_1167","CRAGGAUNBOY",52.9385835,-9.0990988,2007,2022,16,5
"1730","Ireland","Hugh B. Feeley","IRL_051_MZB_LO",885.135833916831,"within_100m_to_1000m","IRL_051_MZB_LO_1167__IRL_051_MZB_LO_1179","j","second data call; new data","IR1179","IRL_051_MZB_LO_1179","FERGUS",52.9450644,-9.0906984,2010,2022,13,5
"1731","Ireland","Hugh B. Feeley","IRL_051_MZB_LO",625.804563639103,"within_100m_to_1000m","IRL_051_MZB_LO_1183__IRL_051_MZB_LO_1184","i","second data call; new data","IR1183","IRL_051_MZB_LO_1183","FERGUS",52.8482575,-8.9725536,2007,2022,16,5
"1732","Ireland","Hugh B. Feeley","IRL_051_MZB_LO",625.804563639103,"within_100m_to_1000m","IRL_051_MZB_LO_1183__IRL_051_MZB_LO_1184","j","second data call; new data","IR1184","IRL_051_MZB_LO_1184","FORTFERGUS",52.8539978,-8.9709671,2007,2022,16,5
"1733","Ireland","Hugh B. Feeley","IRL_051_MZB_LO",602.115920448933,"within_100m_to_1000m","IRL_051_MZB_LO_1182__IRL_051_MZB_LO_1190","i","second data call; new data","IR1182","IRL_051_MZB_LO_1182","FERGUS",52.8551465,-8.9946818,2007,2022,16,5
"1734","Ireland","Hugh B. Feeley","IRL_051_MZB_LO",602.115920448933,"within_100m_to_1000m","IRL_051_MZB_LO_1182__IRL_051_MZB_LO_1190","j","second data call; new data","IR1190","IRL_051_MZB_LO_1190","INCH (CLARE)",52.8497529,-8.9971688,2007,2022,16,5
"1735","Ireland","Hugh B. Feeley","IRL_051_MZB_LO",138.704623330194,"within_100m_to_1000m","IRL_051_MZB_LO_1158__IRL_051_MZB_LO_1192","i","second data call; new data","IR1158","IRL_051_MZB_LO_1158","BROADFORD",52.7983081,-8.577639,2007,2022,16,5
"1736","Ireland","Hugh B. Feeley","IRL_051_MZB_LO",138.704623330194,"within_100m_to_1000m","IRL_051_MZB_LO_1158__IRL_051_MZB_LO_1192","j","second data call; new data","IR1192","IRL_051_MZB_LO_1192","Kilbane Stream",52.7995454,-8.5770367,2007,2022,16,8
"1737","Ireland","Hugh B. Feeley","IRL_051_MZB_LO",340.548702467717,"within_100m_to_1000m","IRL_051_MZB_LO_1186__IRL_051_MZB_LO_1208","i","second data call; new data","IR1186","IRL_051_MZB_LO_1186","GOURNA",52.7262585,-8.7687568,2007,2022,16,5
"1738","Ireland","Hugh B. Feeley","IRL_051_MZB_LO",340.548702467717,"within_100m_to_1000m","IRL_051_MZB_LO_1186__IRL_051_MZB_LO_1208","j","second data call; new data","IR1208","IRL_051_MZB_LO_1208","OWENOGARNEY",52.7293855,-8.7695881,2007,2022,16,5
"1739","Ireland","Hugh B. Feeley","IRL_051_MZB_LO",499.439580426429,"within_100m_to_1000m","IRL_051_MZB_LO_1174__IRL_051_MZB_LO_1212","i","second data call; new data","IR1174","IRL_051_MZB_LO_1174","CLOONDANAGH LOUGH STREAM",52.8858862,-8.7775505,2007,2022,16,6
"1740","Ireland","Hugh B. Feeley","IRL_051_MZB_LO",499.439580426429,"within_100m_to_1000m","IRL_051_MZB_LO_1174__IRL_051_MZB_LO_1212","j","second data call; new data","IR1212","IRL_051_MZB_LO_1212","RINE",52.8839232,-8.7845096,2010,2022,13,5
"1741","Ireland","Hugh B. Feeley","IRL_051_MZB_LO",763.88467232381,"within_100m_to_1000m","IRL_051_MZB_LO_1235__IRL_051_MZB_LO_1243","i","second data call; new data","IR1235","IRL_051_MZB_LO_1235","BEALANABRACK",53.5149616,-9.5601054,2009,2021,13,5
"1742","Ireland","Hugh B. Feeley","IRL_051_MZB_LO",763.88467232381,"within_100m_to_1000m","IRL_051_MZB_LO_1235__IRL_051_MZB_LO_1243","j","second data call; new data","IR1243","IRL_051_MZB_LO_1243","FAILMORE",53.508444,-9.5648301,2009,2023,15,6
"1743","Ireland","Hugh B. Feeley","IRL_051_MZB_LO",985.831754178902,"within_100m_to_1000m","IRL_051_MZB_LO_1241__IRL_051_MZB_LO_1264","i","second data call; new data","IR1241","IRL_051_MZB_LO_1241","DALGAN",53.7214555,-8.7867336,2009,2021,13,5
"1744","Ireland","Hugh B. Feeley","IRL_051_MZB_LO",985.831754178902,"within_100m_to_1000m","IRL_051_MZB_LO_1241__IRL_051_MZB_LO_1264","j","second data call; new data","IR1264","IRL_051_MZB_LO_1264","TULLAGHAUN",53.7143353,-8.7770157,2009,2021,13,5
"1745","Ireland","Hugh B. Feeley","IRL_051_MZB_LO",624.909046224594,"within_100m_to_1000m","IRL_051_MZB_LO_1267__IRL_051_MZB_LO_1271","i","second data call; new data","IR1267","IRL_051_MZB_LO_1267","GOWLABEG",53.3895194,-9.7804994,2009,2021,13,5
"1746","Ireland","Hugh B. Feeley","IRL_051_MZB_LO",624.909046224594,"within_100m_to_1000m","IRL_051_MZB_LO_1267__IRL_051_MZB_LO_1271","j","second data call; new data","IR1271","IRL_051_MZB_LO_1271","OWENGOWLA",53.3948578,-9.7766678,2009,2021,13,7
"1747","Ireland","Hugh B. Feeley","IRL_051_MZB_LO",721.772675153347,"within_100m_to_1000m","IRL_051_MZB_LO_1335__IRL_051_MZB_LO_1342","i","second data call; new data","IR1335","IRL_051_MZB_LO_1335","GLENCULLIN (WEST MAYO)",54.1823453,-9.7410047,2008,2023,16,6
"1748","Ireland","Hugh B. Feeley","IRL_051_MZB_LO",721.772675153347,"within_100m_to_1000m","IRL_051_MZB_LO_1335__IRL_051_MZB_LO_1342","j","second data call; new data","IR1342","IRL_051_MZB_LO_1342","MUINGNAKEE",54.1779544,-9.7323693,2011,2023,13,5
"1749","Ireland","Hugh B. Feeley","IRL_051_MZB_LO",901.213329719805,"within_100m_to_1000m","IRL_051_MZB_LO_1349__IRL_051_MZB_LO_1350","i","second data call; new data","IR1349","IRL_051_MZB_LO_1349","OWENMORE (MAYO)",54.1423233,-9.7404342,2008,2020,13,5
"1750","Ireland","Hugh B. Feeley","IRL_051_MZB_LO",901.213329719805,"within_100m_to_1000m","IRL_051_MZB_LO_1349__IRL_051_MZB_LO_1350","j","second data call; new data","IR1350","IRL_051_MZB_LO_1350","OWENMORE (MAYO)",54.1404202,-9.7543174,2008,2020,13,5
"1751","Ireland","Hugh B. Feeley","IRL_051_MZB_LO",238.569062698071,"within_100m_to_1000m","IRL_051_MZB_LO_1343__IRL_051_MZB_LO_1353","i","second data call; new data","IR1343","IRL_051_MZB_LO_1343","OWENDUFF (BLACKSOD)",54.0026198,-9.7291432,2008,2020,13,5
"1752","Ireland","Hugh B. Feeley","IRL_051_MZB_LO",238.569062698071,"within_100m_to_1000m","IRL_051_MZB_LO_1343__IRL_051_MZB_LO_1353","j","second data call; new data","IR1353","IRL_051_MZB_LO_1353","SRAHDUGGAN STREAM",54.000574,-9.7276965,2008,2020,13,5
"1753","Ireland","Hugh B. Feeley","IRL_051_MZB_LO",123.587705576977,"within_100m_to_1000m","IRL_051_MZB_LO_1345__IRL_051_MZB_LO_1354","i","second data call; new data","IR1345","IRL_051_MZB_LO_1345","OWENDUFF (BLACKSOD)",54.063843,-9.7821649,2008,2020,13,5
"1754","Ireland","Hugh B. Feeley","IRL_051_MZB_LO",123.587705576977,"within_100m_to_1000m","IRL_051_MZB_LO_1345__IRL_051_MZB_LO_1354","j","second data call; new data","IR1354","IRL_051_MZB_LO_1354","TARSAGHAUNMORE",54.0649595,-9.782619,2008,2020,13,5
"1755","Ireland","Hugh B. Feeley","IRL_051_MZB_LO",224.184373879851,"within_100m_to_1000m","IRL_051_MZB_LO_1371__IRL_051_MZB_LO_1389","i","second data call; new data","IR1371","IRL_051_MZB_LO_1371","CLOONAGHMORE",54.1762166,-9.3117474,2007,2022,16,6
"1756","Ireland","Hugh B. Feeley","IRL_051_MZB_LO",224.184373879851,"within_100m_to_1000m","IRL_051_MZB_LO_1371__IRL_051_MZB_LO_1389","j","second data call; new data","IR1389","IRL_051_MZB_LO_1389","DUVOWEN",54.1762632,-9.3152958,2007,2022,16,6
"1757","Ireland","Hugh B. Feeley","IRL_051_MZB_LO",429.820844246556,"within_100m_to_1000m","IRL_051_MZB_LO_1363__IRL_051_MZB_LO_1396","i","second data call; new data","IR1363","IRL_051_MZB_LO_1363","BRUSNA (NORTH MAYO)",54.1153546,-9.0909708,2007,2022,16,5
"1758","Ireland","Hugh B. Feeley","IRL_051_MZB_LO",429.820844246556,"within_100m_to_1000m","IRL_051_MZB_LO_1363__IRL_051_MZB_LO_1396","j","second data call; new data","IR1396","IRL_051_MZB_LO_1396","GLENREE",54.117669,-9.0854336,2007,2022,16,6
"1759","Ireland","Hugh B. Feeley","IRL_051_MZB_LO",694.261213316413,"within_100m_to_1000m","IRL_051_MZB_LO_1422__IRL_051_MZB_LO_1423","i","second data call; new data","IR1422","IRL_051_MZB_LO_1422","MOY",53.9804864,-9.1158749,2007,2022,16,6
"1760","Ireland","Hugh B. Feeley","IRL_051_MZB_LO",694.261213316413,"within_100m_to_1000m","IRL_051_MZB_LO_1422__IRL_051_MZB_LO_1423","j","second data call; new data","IR1423","IRL_051_MZB_LO_1423","MOY",53.986619,-9.1124863,2007,2022,16,6
"1761","Ireland","Hugh B. Feeley","IRL_051_MZB_LO",182.863140026601,"within_100m_to_1000m","IRL_051_MZB_LO_1376__IRL_051_MZB_LO_1424","i","second data call; new data","IR1376","IRL_051_MZB_LO_1376","CARROWKERIBLY LOUGH STREAM",54.0382299,-9.1233111,2007,2022,16,5
"1762","Ireland","Hugh B. Feeley","IRL_051_MZB_LO",182.863140026601,"within_100m_to_1000m","IRL_051_MZB_LO_1376__IRL_051_MZB_LO_1424","j","second data call; new data","IR1424","IRL_051_MZB_LO_1424","MOY",54.0369549,-9.125218,2007,2022,16,5
"1763","Ireland","Hugh B. Feeley","IRL_051_MZB_LO",757.375996990785,"within_100m_to_1000m","IRL_051_MZB_LO_1417__IRL_051_MZB_LO_1427","i","second data call; new data","IR1417","IRL_051_MZB_LO_1417","MOY",53.9870399,-8.9086631,2007,2022,16,5
"1764","Ireland","Hugh B. Feeley","IRL_051_MZB_LO",757.375996990785,"within_100m_to_1000m","IRL_051_MZB_LO_1417__IRL_051_MZB_LO_1427","j","second data call; new data","IR1427","IRL_051_MZB_LO_1427","MULLAGHANOE",53.9896652,-8.8975863,2010,2022,13,5
"1765","Ireland","Hugh B. Feeley","IRL_051_MZB_LO",400.199283734661,"within_100m_to_1000m","IRL_051_MZB_LO_1414__IRL_051_MZB_LO_1428","i","second data call; new data","IR1414","IRL_051_MZB_LO_1414","MOY",54.0977344,-8.7744547,2007,2022,16,6
"1766","Ireland","Hugh B. Feeley","IRL_051_MZB_LO",400.199283734661,"within_100m_to_1000m","IRL_051_MZB_LO_1414__IRL_051_MZB_LO_1428","j","second data call; new data","IR1428","IRL_051_MZB_LO_1428","MAD",54.1013815,-8.7756781,2007,2022,16,6
"1767","Ireland","Hugh B. Feeley","IRL_051_MZB_LO",889.76026616613,"within_100m_to_1000m","IRL_051_MZB_LO_1408__IRL_051_MZB_LO_1430","i","second data call; new data","IR1408","IRL_051_MZB_LO_1408","LOUGHANABOLL",54.1034868,-8.856883,2010,2022,13,5
"1768","Ireland","Hugh B. Feeley","IRL_051_MZB_LO",889.76026616613,"within_100m_to_1000m","IRL_051_MZB_LO_1408__IRL_051_MZB_LO_1430","j","second data call; new data","IR1430","IRL_051_MZB_LO_1430","OWENAHER",54.0996154,-8.8693072,2010,2022,13,5
"1769","Ireland","Hugh B. Feeley","IRL_051_MZB_LO",340.696686909971,"within_100m_to_1000m","IRL_051_MZB_LO_1420__IRL_051_MZB_LO_1437","i","second data call; new data","IR1420","IRL_051_MZB_LO_1420","MOY",53.9381997,-9.1022428,2007,2022,16,5
"1770","Ireland","Hugh B. Feeley","IRL_051_MZB_LO",340.696686909971,"within_100m_to_1000m","IRL_051_MZB_LO_1420__IRL_051_MZB_LO_1437","j","second data call; new data","IR1437","IRL_051_MZB_LO_1437","OUGHTAGH",53.9354088,-9.1047733,2007,2022,16,6
"1771","Ireland","Hugh B. Feeley","IRL_051_MZB_LO",889.912364627496,"within_100m_to_1000m","IRL_051_MZB_LO_1427__IRL_051_MZB_LO_1445","i","second data call; new data","IR1427","IRL_051_MZB_LO_1427","MULLAGHANOE",53.9896652,-8.8975863,2010,2022,13,5
"1772","Ireland","Hugh B. Feeley","IRL_051_MZB_LO",889.912364627496,"within_100m_to_1000m","IRL_051_MZB_LO_1427__IRL_051_MZB_LO_1445","j","second data call; new data","IR1445","IRL_051_MZB_LO_1445","SONNAGH (MOY)",53.982065,-8.8920664,2007,2022,16,6
"1773","Ireland","Hugh B. Feeley","IRL_051_MZB_LO",316.946843801731,"within_100m_to_1000m","IRL_051_MZB_LO_1401__IRL_051_MZB_LO_1451","i","second data call; new data","IR1401","IRL_051_MZB_LO_1401","GWEESTION",53.9098897,-9.0216088,2007,2022,16,5
"1774","Ireland","Hugh B. Feeley","IRL_051_MZB_LO",316.946843801731,"within_100m_to_1000m","IRL_051_MZB_LO_1401__IRL_051_MZB_LO_1451","j","second data call; new data","IR1451","IRL_051_MZB_LO_1451","TRIMOGE",53.9125052,-9.0193175,2007,2022,16,5
"1775","Ireland","Hugh B. Feeley","IRL_051_MZB_LO",922.670435615224,"within_100m_to_1000m","IRL_051_MZB_LO_1452__IRL_051_MZB_LO_1454","i","second data call; new data","IR1452","IRL_051_MZB_LO_1452","TUBBERCURRY",54.0521458,-8.7470511,2007,2019,13,7
"1776","Ireland","Hugh B. Feeley","IRL_051_MZB_LO",922.670435615224,"within_100m_to_1000m","IRL_051_MZB_LO_1452__IRL_051_MZB_LO_1454","j","second data call; new data","IR1454","IRL_051_MZB_LO_1454","TUBBERCURRY STREAM",54.0550485,-8.7333454,2007,2019,13,8
"1777","Ireland","Hugh B. Feeley","IRL_051_MZB_LO",408.192056281664,"within_100m_to_1000m","IRL_051_MZB_LO_1476__IRL_051_MZB_LO_1477","i","second data call; new data","IR1476","IRL_051_MZB_LO_1476","DUNNEILL",54.2548923,-8.8623037,2009,2021,13,5
"1778","Ireland","Hugh B. Feeley","IRL_051_MZB_LO",408.192056281664,"within_100m_to_1000m","IRL_051_MZB_LO_1476__IRL_051_MZB_LO_1477","j","second data call; new data","IR1477","IRL_051_MZB_LO_1477","DOONBEAKIN",54.2511794,-8.8609977,2009,2021,13,5
"1779","Ireland","Hugh B. Feeley","IRL_051_MZB_LO",667.661116408619,"within_100m_to_1000m","IRL_051_MZB_LO_1470__IRL_051_MZB_LO_1497","i","second data call; new data","IR1470","IRL_051_MZB_LO_1470","CLOONEEN (SLIGO)",54.0668874,-8.5369543,2009,2021,13,5
"1780","Ireland","Hugh B. Feeley","IRL_051_MZB_LO",667.661116408619,"within_100m_to_1000m","IRL_051_MZB_LO_1470__IRL_051_MZB_LO_1497","j","second data call; new data","IR1497","IRL_051_MZB_LO_1497","OWENMORE (SLIGO)",54.0697425,-8.5275939,2009,2021,13,5
"1781","Ireland","Hugh B. Feeley","IRL_051_MZB_LO",661.289665256862,"within_100m_to_1000m","IRL_051_MZB_LO_1491__IRL_051_MZB_LO_1500","i","second data call; new data","IR1491","IRL_051_MZB_LO_1491","KILLORAN LOUGH STREAM",54.1507656,-8.556497,2009,2021,13,5
"1782","Ireland","Hugh B. Feeley","IRL_051_MZB_LO",661.289665256862,"within_100m_to_1000m","IRL_051_MZB_LO_1491__IRL_051_MZB_LO_1500","j","second data call; new data","IR1500","IRL_051_MZB_LO_1500","OWENMORE (SLIGO)",54.1513325,-8.5460782,2009,2021,13,5
"1783","Ireland","Hugh B. Feeley","IRL_051_MZB_LO",482.440387875032,"within_100m_to_1000m","IRL_051_MZB_LO_1472__IRL_051_MZB_LO_1506","i","second data call; new data","IR1472","IRL_051_MZB_LO_1472","DOUGLAS (SLIGO)",54.1327768,-8.3930134,2009,2021,13,5
"1784","Ireland","Hugh B. Feeley","IRL_051_MZB_LO",482.440387875032,"within_100m_to_1000m","IRL_051_MZB_LO_1472__IRL_051_MZB_LO_1506","j","second data call; new data","IR1506","IRL_051_MZB_LO_1506","UNSHIN",54.1297154,-8.3985852,2009,2021,13,5
"1785","Ireland","Hugh B. Feeley","IRL_051_MZB_LO",283.025147454624,"within_100m_to_1000m","IRL_051_MZB_LO_1502__IRL_051_MZB_LO_1509","i","second data call; new data","IR1502","IRL_051_MZB_LO_1502","OWENMORE (SLIGO)",54.1879548,-8.4838325,2009,2023,15,6
"1786","Ireland","Hugh B. Feeley","IRL_051_MZB_LO",283.025147454624,"within_100m_to_1000m","IRL_051_MZB_LO_1502__IRL_051_MZB_LO_1509","j","second data call; new data","IR1509","IRL_051_MZB_LO_1509","UNSHIN",54.1900853,-8.4812071,2009,2020,12,6
"1787","Ireland","Hugh B. Feeley","IRL_051_MZB_LO",346.397674812557,"within_100m_to_1000m","IRL_051_MZB_LO_1526__IRL_051_MZB_LO_1527","i","second data call; new data","IR1526","IRL_051_MZB_LO_1526","ANNALEE",54.0380309,-7.3851558,2010,2022,13,5
"1788","Ireland","Hugh B. Feeley","IRL_051_MZB_LO",346.397674812557,"within_100m_to_1000m","IRL_051_MZB_LO_1526__IRL_051_MZB_LO_1527","j","second data call; new data","IR1527","IRL_051_MZB_LO_1527","ANNALEE",54.041152,-7.3864859,2010,2023,14,6
"1789","Ireland","Hugh B. Feeley","IRL_051_MZB_LO",152.519127757828,"within_100m_to_1000m","IRL_051_MZB_LO_1526__IRL_051_MZB_LO_1544","i","second data call; new data","IR1526","IRL_051_MZB_LO_1526","ANNALEE",54.0380309,-7.3851558,2010,2022,13,5
"1790","Ireland","Hugh B. Feeley","IRL_051_MZB_LO",152.519127757828,"within_100m_to_1000m","IRL_051_MZB_LO_1526__IRL_051_MZB_LO_1544","j","second data call; new data","IR1544","IRL_051_MZB_LO_1544","CAVAN",54.0385563,-7.3873912,2007,2022,16,6
"1791","Ireland","Hugh B. Feeley","IRL_051_MZB_LO",285.256120739278,"within_100m_to_1000m","IRL_051_MZB_LO_1527__IRL_051_MZB_LO_1544","i","second data call; new data","IR1527","IRL_051_MZB_LO_1527","ANNALEE",54.041152,-7.3864859,2010,2023,14,6
"1792","Ireland","Hugh B. Feeley","IRL_051_MZB_LO",285.256120739278,"within_100m_to_1000m","IRL_051_MZB_LO_1527__IRL_051_MZB_LO_1544","j","second data call; new data","IR1544","IRL_051_MZB_LO_1544","CAVAN",54.0385563,-7.3873912,2007,2022,16,6
"1793","Ireland","Hugh B. Feeley","IRL_051_MZB_LO",795.691168050388,"within_100m_to_1000m","IRL_051_MZB_LO_1536__IRL_051_MZB_LO_1562","i","second data call; new data","IR1536","IRL_051_MZB_LO_1536","BLACKWATER (NEWTOWNGORE)",54.1021165,-7.75038,2007,2019,13,5
"1794","Ireland","Hugh B. Feeley","IRL_051_MZB_LO",795.691168050388,"within_100m_to_1000m","IRL_051_MZB_LO_1536__IRL_051_MZB_LO_1562","j","second data call; new data","IR1562","IRL_051_MZB_LO_1562","DERRADDA STREAM",54.1015144,-7.762914,2007,2019,13,5
"1795","Ireland","Hugh B. Feeley","IRL_051_MZB_LO",513.337133378855,"within_100m_to_1000m","IRL_051_MZB_LO_1522__IRL_051_MZB_LO_1580","i","second data call; new data","IR1522","IRL_051_MZB_LO_1522","ANNALEE",54.0503864,-7.1854775,2007,2022,16,6
"1796","Ireland","Hugh B. Feeley","IRL_051_MZB_LO",513.337133378855,"within_100m_to_1000m","IRL_051_MZB_LO_1522__IRL_051_MZB_LO_1580","j","second data call; new data","IR1580","IRL_051_MZB_LO_1580","LARAGH",54.0475689,-7.1920151,2007,2022,16,6
"1797","Ireland","Hugh B. Feeley","IRL_051_MZB_LO",487.901858212258,"within_100m_to_1000m","IRL_051_MZB_LO_1548__IRL_051_MZB_LO_1582","i","second data call; new data","IR1548","IRL_051_MZB_LO_1548","CULLIES",54.0173498,-7.5885596,2007,2022,16,5
"1798","Ireland","Hugh B. Feeley","IRL_051_MZB_LO",487.901858212258,"within_100m_to_1000m","IRL_051_MZB_LO_1548__IRL_051_MZB_LO_1582","j","second data call; new data","IR1582","IRL_051_MZB_LO_1582","LAHEEN STREAM",54.0179295,-7.5961927,2007,2019,13,5
"1799","Ireland","Hugh B. Feeley","IRL_051_MZB_LO",924.100102493853,"within_100m_to_1000m","IRL_051_MZB_LO_1584__IRL_051_MZB_LO_1589","i","second data call; new data","IR1584","IRL_051_MZB_LO_1584","MAGHERARNEY",54.214262,-7.1129659,2007,2022,16,5
"1800","Ireland","Hugh B. Feeley","IRL_051_MZB_LO",924.100102493853,"within_100m_to_1000m","IRL_051_MZB_LO_1584__IRL_051_MZB_LO_1589","j","second data call; new data","IR1589","IRL_051_MZB_LO_1589","MAGHERY",54.2168327,-7.1269372,2007,2022,16,5
"1801","Ireland","Hugh B. Feeley","IRL_051_MZB_LO",472.072161623448,"within_100m_to_1000m","IRL_051_MZB_LO_1555__IRL_051_MZB_LO_1592","i","second data call; new data","IR1555","IRL_051_MZB_LO_1555","DROMORE",54.1289112,-6.9039382,2007,2022,16,6
"1802","Ireland","Hugh B. Feeley","IRL_051_MZB_LO",472.072161623448,"within_100m_to_1000m","IRL_051_MZB_LO_1555__IRL_051_MZB_LO_1592","j","second data call; new data","IR1592","IRL_051_MZB_LO_1592","Major Lough Stream",54.1254767,-6.8992972,2010,2022,13,5
"1803","Ireland","Hugh B. Feeley","IRL_051_MZB_LO",655.744547282401,"within_100m_to_1000m","IRL_051_MZB_LO_1605__IRL_051_MZB_LO_1606","i","second data call; new data","IR1605","IRL_051_MZB_LO_1605","BALLAGHDOO",54.6621554,-8.5715962,2008,2022,15,6
"1804","Ireland","Hugh B. Feeley","IRL_051_MZB_LO",655.744547282401,"within_100m_to_1000m","IRL_051_MZB_LO_1605__IRL_051_MZB_LO_1606","j","second data call; new data","IR1606","IRL_051_MZB_LO_1606","BALLAGHDOO",54.6581077,-8.5794371,2008,2022,15,5
"1805","Ireland","Hugh B. Feeley","IRL_051_MZB_LO",989.49562554318,"within_100m_to_1000m","IRL_051_MZB_LO_1622__IRL_051_MZB_LO_1623","i","second data call; new data","IR1622","IRL_051_MZB_LO_1622","GLENADDRAGH",54.6306296,-8.5775223,2008,2022,15,5
"1806","Ireland","Hugh B. Feeley","IRL_051_MZB_LO",989.49562554318,"within_100m_to_1000m","IRL_051_MZB_LO_1622__IRL_051_MZB_LO_1623","j","second data call; new data","IR1623","IRL_051_MZB_LO_1623","GLENADDRAGH",54.6315493,-8.5932746,2008,2022,15,6
"1807","Ireland","Hugh B. Feeley","IRL_051_MZB_LO",475.926783895258,"within_100m_to_1000m","IRL_051_MZB_LO_1608__IRL_051_MZB_LO_1624","i","second data call; new data","IR1608","IRL_051_MZB_LO_1608","BALLAGHDOO",54.6324125,-8.5932371,2008,2022,15,6
"1808","Ireland","Hugh B. Feeley","IRL_051_MZB_LO",475.926783895258,"within_100m_to_1000m","IRL_051_MZB_LO_1608__IRL_051_MZB_LO_1624","j","second data call; new data","IR1624","IRL_051_MZB_LO_1624","GLENADDRAGH",54.6291883,-8.5984427,2010,2022,13,5
"1809","Ireland","Hugh B. Feeley","IRL_051_MZB_LO",411.13711774767,"within_100m_to_1000m","IRL_051_MZB_LO_1623__IRL_051_MZB_LO_1624","i","second data call; new data","IR1623","IRL_051_MZB_LO_1623","GLENADDRAGH",54.6315493,-8.5932746,2008,2022,15,6
"1810","Ireland","Hugh B. Feeley","IRL_051_MZB_LO",411.13711774767,"within_100m_to_1000m","IRL_051_MZB_LO_1623__IRL_051_MZB_LO_1624","j","second data call; new data","IR1624","IRL_051_MZB_LO_1624","GLENADDRAGH",54.6291883,-8.5984427,2010,2022,13,5
"1811","Ireland","Hugh B. Feeley","IRL_051_MZB_LO",681.620987579604,"within_100m_to_1000m","IRL_051_MZB_LO_1620__IRL_051_MZB_LO_1630","i","second data call; new data","IR1620","IRL_051_MZB_LO_1620","GLEN (CARRICK)",54.654944,-8.6359767,2008,2021,14,5
"1812","Ireland","Hugh B. Feeley","IRL_051_MZB_LO",681.620987579604,"within_100m_to_1000m","IRL_051_MZB_LO_1620__IRL_051_MZB_LO_1630","j","second data call; new data","IR1630","IRL_051_MZB_LO_1630","OWENWEE (CARRICK)",54.6502425,-8.6432783,2008,2022,15,6
"1813","Ireland","Hugh B. Feeley","IRL_051_MZB_LO",502.787370648379,"within_100m_to_1000m","IRL_051_MZB_LO_1632__IRL_051_MZB_LO_1633","i","second data call; new data","IR1632","IRL_051_MZB_LO_1632","ROECHROW",54.6949255,-8.4077203,2008,2022,15,6
"1814","Ireland","Hugh B. Feeley","IRL_051_MZB_LO",502.787370648379,"within_100m_to_1000m","IRL_051_MZB_LO_1632__IRL_051_MZB_LO_1633","j","second data call; new data","IR1633","IRL_051_MZB_LO_1633","STRAGAR",54.6927956,-8.400552,2010,2022,13,5
"1815","Ireland","Hugh B. Feeley","IRL_051_MZB_LO",944.884284025097,"within_100m_to_1000m","IRL_051_MZB_LO_1616__IRL_051_MZB_LO_1634","i","second data call; new data","IR1616","IRL_051_MZB_LO_1616","CUNLIN LOUGH STREAM",54.6543707,-8.428683,2008,2021,14,5
"1816","Ireland","Hugh B. Feeley","IRL_051_MZB_LO",944.884284025097,"within_100m_to_1000m","IRL_051_MZB_LO_1616__IRL_051_MZB_LO_1634","j","second data call; new data","IR1634","IRL_051_MZB_LO_1634","STRAGAR",54.6618836,-8.420878,2008,2021,14,5
"1817","Ireland","Hugh B. Feeley","IRL_051_MZB_LO",590.90817059484,"within_100m_to_1000m","IRL_051_MZB_LO_1616__IRL_051_MZB_LO_1635","i","second data call; new data","IR1616","IRL_051_MZB_LO_1616","CUNLIN LOUGH STREAM",54.6543707,-8.428683,2008,2021,14,5
"1818","Ireland","Hugh B. Feeley","IRL_051_MZB_LO",590.90817059484,"within_100m_to_1000m","IRL_051_MZB_LO_1616__IRL_051_MZB_LO_1635","j","second data call; new data","IR1635","IRL_051_MZB_LO_1635","STRAGAR",54.6545351,-8.4192276,2008,2021,14,5
"1819","Ireland","Hugh B. Feeley","IRL_051_MZB_LO",798.380714059148,"within_100m_to_1000m","IRL_051_MZB_LO_1634__IRL_051_MZB_LO_1635","i","second data call; new data","IR1634","IRL_051_MZB_LO_1634","STRAGAR",54.6618836,-8.420878,2008,2021,14,5
"1820","Ireland","Hugh B. Feeley","IRL_051_MZB_LO",798.380714059148,"within_100m_to_1000m","IRL_051_MZB_LO_1634__IRL_051_MZB_LO_1635","j","second data call; new data","IR1635","IRL_051_MZB_LO_1635","STRAGAR",54.6545351,-8.4192276,2008,2021,14,5
"1821","Ireland","Hugh B. Feeley","IRL_051_MZB_LO",254.356148238265,"within_100m_to_1000m","IRL_051_MZB_LO_1650__IRL_051_MZB_LO_1651","i","second data call; new data","IR1650","IRL_051_MZB_LO_1650","CRONANIV BURN",55.0152453,-8.1084741,2009,2021,13,6
"1822","Ireland","Hugh B. Feeley","IRL_051_MZB_LO",254.356148238265,"within_100m_to_1000m","IRL_051_MZB_LO_1650__IRL_051_MZB_LO_1651","j","second data call; new data","IR1651","IRL_051_MZB_LO_1651","DEVLIN (DONEGAL)",55.0135798,-8.1113831,2009,2020,12,6
"1823","Ireland","Hugh B. Feeley","IRL_051_MZB_LO",765.098589090955,"within_100m_to_1000m","IRL_051_MZB_LO_1659__IRL_051_MZB_LO_1666","i","second data call; new data","IR1659","IRL_051_MZB_LO_1659","GWEEDORE",55.0187628,-8.26608,2009,2021,13,5
"1824","Ireland","Hugh B. Feeley","IRL_051_MZB_LO",765.098589090955,"within_100m_to_1000m","IRL_051_MZB_LO_1659__IRL_051_MZB_LO_1666","j","second data call; new data","IR1666","IRL_051_MZB_LO_1666","KEEL LOUGH STREAM",55.0151703,-8.2554263,2009,2023,15,6
"1825","Ireland","Hugh B. Feeley","IRL_051_MZB_LO",685.086026876664,"within_100m_to_1000m","IRL_051_MZB_LO_1649__IRL_051_MZB_LO_1679","i","second data call; new data","IR1649","IRL_051_MZB_LO_1649","CORVEEN",55.0938114,-8.2724564,2009,2021,13,5
"1826","Ireland","Hugh B. Feeley","IRL_051_MZB_LO",685.086026876664,"within_100m_to_1000m","IRL_051_MZB_LO_1649__IRL_051_MZB_LO_1679","j","second data call; new data","IR1679","IRL_051_MZB_LO_1679","OWENCRONAHULLA",55.0928964,-8.2834218,2009,2021,13,5
"1827","Ireland","Hugh B. Feeley","IRL_051_MZB_LO",343.145907337881,"within_100m_to_1000m","IRL_051_MZB_LO_1651__IRL_051_MZB_LO_1681","i","second data call; new data","IR1651","IRL_051_MZB_LO_1651","DEVLIN (DONEGAL)",55.0135798,-8.1113831,2009,2020,12,6
"1828","Ireland","Hugh B. Feeley","IRL_051_MZB_LO",343.145907337881,"within_100m_to_1000m","IRL_051_MZB_LO_1651__IRL_051_MZB_LO_1681","j","second data call; new data","IR1681","IRL_051_MZB_LO_1681","OWENWEE (DUNLEWY)",55.0161089,-8.1080186,2009,2021,13,6
"1829","Ireland","Hugh B. Feeley","IRL_051_MZB_LO",634.833286662093,"within_100m_to_1000m","IRL_051_MZB_LO_1664__IRL_051_MZB_LO_1687","i","second data call; new data","IR1664","IRL_051_MZB_LO_1664","GLENTORNAN",55.0196751,-8.1629042,2009,2023,15,6
"1830","Ireland","Hugh B. Feeley","IRL_051_MZB_LO",634.833286662093,"within_100m_to_1000m","IRL_051_MZB_LO_1664__IRL_051_MZB_LO_1687","j","second data call; new data","IR1687","IRL_051_MZB_LO_1687","SRUHANNAMEEL",55.0162696,-8.1545417,2009,2021,13,5
"1831","Ireland","Hugh B. Feeley","IRL_051_MZB_LO",253.794046284558,"within_100m_to_1000m","IRL_051_MZB_LO_1697__IRL_051_MZB_LO_1703","i","second data call; new data","IR1697","IRL_051_MZB_LO_1697","CRANA",55.1489786,-7.2914047,2010,2023,14,6
"1832","Ireland","Hugh B. Feeley","IRL_051_MZB_LO",253.794046284558,"within_100m_to_1000m","IRL_051_MZB_LO_1697__IRL_051_MZB_LO_1703","j","second data call; new data","IR1703","IRL_051_MZB_LO_1703","CAMOWEN (CRANA)",55.1509667,-7.2892037,2007,2023,17,5
"1833","Ireland","Hugh B. Feeley","IRL_051_MZB_LO",673.053820275604,"within_100m_to_1000m","IRL_051_MZB_LO_1708__IRL_051_MZB_LO_1714","i","second data call; new data","IR1708","IRL_051_MZB_LO_1708","GLASHAGH (UPPER)",54.984999,-7.8490207,2007,2019,13,5
"1834","Ireland","Hugh B. Feeley","IRL_051_MZB_LO",673.053820275604,"within_100m_to_1000m","IRL_051_MZB_LO_1708__IRL_051_MZB_LO_1714","j","second data call; new data","IR1714","IRL_051_MZB_LO_1714","LEANNAN",54.991105,-7.8512935,2007,2023,17,5
"1835","Ireland","Hugh B. Feeley","IRL_051_MZB_LO",500.262738265153,"within_100m_to_1000m","IRL_051_MZB_LO_1693__IRL_051_MZB_LO_1730","i","second data call; new data","IR1693","IRL_051_MZB_LO_1693","BULLABA",54.971516,-7.982306,2007,2021,15,7
"1836","Ireland","Hugh B. Feeley","IRL_051_MZB_LO",500.262738265153,"within_100m_to_1000m","IRL_051_MZB_LO_1693__IRL_051_MZB_LO_1730","j","second data call; new data","IR1730","IRL_051_MZB_LO_1730","OWENWEE (LOUGH GARTAN)",54.9686126,-7.9760115,2007,2023,17,5
"1837","Ireland","Hugh B. Feeley","IRL_051_MZB_LO",656.480219277187,"within_100m_to_1000m","IRL_051_MZB_LO_1695__IRL_051_MZB_LO_1734","i","second data call; new data","IR1695","IRL_051_MZB_LO_1695","BURNFOOT",55.0590908,-7.4056999,2007,2023,17,6
"1838","Ireland","Hugh B. Feeley","IRL_051_MZB_LO",656.480219277187,"within_100m_to_1000m","IRL_051_MZB_LO_1695__IRL_051_MZB_LO_1734","j","second data call; new data","IR1734","IRL_051_MZB_LO_1734","SKEOGE",55.0530813,-7.4074182,2007,2023,17,6
"1839","Ireland","Hugh B. Feeley","IRL_051_MZB_LO",192.228383390707,"within_100m_to_1000m","IRL_051_MZB_LO_1721__IRL_051_MZB_LO_1735","i","second data call; new data","IR1721","IRL_051_MZB_LO_1721","LOWNAGH",54.929418,-7.9045664,2007,2023,17,6
"1840","Ireland","Hugh B. Feeley","IRL_051_MZB_LO",192.228383390707,"within_100m_to_1000m","IRL_051_MZB_LO_1721__IRL_051_MZB_LO_1735","j","second data call; new data","IR1735","IRL_051_MZB_LO_1735","SWILLY",54.9298925,-7.907552,2007,2023,17,6
"1841","Ireland","Hugh B. Feeley","IRL_051_MZB_LO",383.126310580106,"within_100m_to_1000m","IRL_051_MZB_LO_1738__IRL_051_MZB_LO_1744","i","second data call; new data","IR1738","IRL_051_MZB_LO_1738","BALLYHALLAN",55.2599537,-7.4201147,2007,2023,17,8
"1842","Ireland","Hugh B. Feeley","IRL_051_MZB_LO",383.126310580106,"within_100m_to_1000m","IRL_051_MZB_LO_1738__IRL_051_MZB_LO_1744","j","second data call; new data","IR1744","IRL_051_MZB_LO_1744","CLONMANY",55.2632039,-7.4176015,2007,2023,17,9
"1843","Ireland","Hugh B. Feeley","IRL_051_MZB_LO",656.911580338085,"within_100m_to_1000m","IRL_051_MZB_LO_1743__IRL_051_MZB_LO_1748","i","second data call; new data","IR1743","IRL_051_MZB_LO_1743","CLONMANY",55.2453287,-7.3859478,2007,2023,17,9
"1844","Ireland","Hugh B. Feeley","IRL_051_MZB_LO",656.911580338085,"within_100m_to_1000m","IRL_051_MZB_LO_1743__IRL_051_MZB_LO_1748","j","second data call; new data","IR1748","IRL_051_MZB_LO_1748","CLOONTAGH",55.2506314,-7.3911978,2007,2023,17,9
"1845","Ireland","Hugh B. Feeley","IRL_051_MZB_LO",593.780828203716,"within_100m_to_1000m","IRL_051_MZB_LO_1752__IRL_051_MZB_LO_1755","i","second data call; new data","IR1752","IRL_051_MZB_LO_1752","DONAGH",55.2713736,-7.254594,2010,2023,14,6
"1846","Ireland","Hugh B. Feeley","IRL_051_MZB_LO",593.780828203716,"within_100m_to_1000m","IRL_051_MZB_LO_1752__IRL_051_MZB_LO_1755","j","second data call; new data","IR1755","IRL_051_MZB_LO_1755","GLENNAGANNON",55.2727446,-7.245253,2010,2023,14,5
"1847","Netherlands","Ralf Verdonschot","NLD_028_MZB_LO",436.777708633403,"within_100m_to_1000m","NLD_028_MZB_LO_15__NLD_028_MZB_LO_16","i","first call; data Ellen used","40-003","NLD_028_MZB_LO_15","Dinkel",52.23175,7.00601,1980,2012,33,32
"1848","Netherlands","Ralf Verdonschot","NLD_028_MZB_LO",436.777708633403,"within_100m_to_1000m","NLD_028_MZB_LO_15__NLD_028_MZB_LO_16","j","first call; data Ellen used","40-004","NLD_028_MZB_LO_16","Glanerbeek",52.23561,7.00394,1982,2019,38,17
"1849","Norway","Gaute Velle","NOR_054_MZB_LO",655.702631445942,"within_100m_to_1000m","NOR_054_MZB_LO_41__NOR_054_MZB_LO_5","i","second data call; new data","038-58744","NOR_054_MZB_LO_5","Fjellgardsvatnet",59.55499,5.99818,1982,2023,42,40
"1850","Norway","Gaute Velle","NOR_054_MZB_LO",655.702631445942,"within_100m_to_1000m","NOR_054_MZB_LO_41__NOR_054_MZB_LO_5","j","first call; data Ellen used","Station 11","NOR_054_MZB_LO_41","Vikedal",59.54897,5.99821,2004,2020,17,16
"1851","Norway","Gaute Velle","NOR_054_MZB_LO",654.151274412736,"within_100m_to_1000m","NOR_054_MZB_LO_15__NOR_054_MZB_LO_41","i","second data call; new data","038-58746","NOR_054_MZB_LO_15","Røyravatnet",59.54302,5.99982,1997,2023,27,27
"1852","Norway","Gaute Velle","NOR_054_MZB_LO",654.151274412736,"within_100m_to_1000m","NOR_054_MZB_LO_15__NOR_054_MZB_LO_41","j","first call; data Ellen used","Station 11","NOR_054_MZB_LO_41","Vikedal",59.54897,5.99821,2004,2020,17,16
"1853","Norway","Gaute Velle","NOR_054_MZB_LO",859.675415442183,"within_100m_to_1000m","NOR_054_MZB_LO_16__NOR_054_MZB_LO_46","i","second data call; new data","024-58723","NOR_054_MZB_LO_16","Saudlandsvatnet",58.1995,6.76881,1997,2023,27,27
"1854","Norway","Gaute Velle","NOR_054_MZB_LO",859.675415442183,"within_100m_to_1000m","NOR_054_MZB_LO_16__NOR_054_MZB_LO_46","j","first call; data Ellen used","St. 5 Innløp Saudlandsvatn","NOR_054_MZB_LO_46","Farsund",58.20615991,6.7606787,2003,2020,18,18
"1855","Norway","Gaute Velle","NOR_054_MZB_LO",858.36218961215,"within_100m_to_1000m","NOR_054_MZB_LO_45__NOR_054_MZB_LO_46","i","first call; data Ellen used","St. 4 utløp Saudlandsvatn","NOR_054_MZB_LO_45","Farsund",58.1994906,6.76873976,2003,2020,18,13
"1856","Norway","Gaute Velle","NOR_054_MZB_LO",858.36218961215,"within_100m_to_1000m","NOR_054_MZB_LO_45__NOR_054_MZB_LO_46","j","first call; data Ellen used","St. 5 Innløp Saudlandsvatn","NOR_054_MZB_LO_46","Farsund",58.20615991,6.7606787,2003,2020,18,18
"1857","Norway","Gaute Velle","NOR_054_MZB_LO",904.958187880162,"within_100m_to_1000m","NOR_054_MZB_LO_16__NOR_054_MZB_LO_47","i","second data call; new data","024-58723","NOR_054_MZB_LO_16","Saudlandsvatnet",58.1995,6.76881,1997,2023,27,27
"1858","Norway","Gaute Velle","NOR_054_MZB_LO",904.958187880162,"within_100m_to_1000m","NOR_054_MZB_LO_16__NOR_054_MZB_LO_47","j","first call; data Ellen used","St. 6 innløp Saudlandsvatn v/ eplehage","NOR_054_MZB_LO_47","Farsund",58.20641722,6.75998163,2003,2020,18,18
"1859","Norway","Gaute Velle","NOR_054_MZB_LO",903.564543227543,"within_100m_to_1000m","NOR_054_MZB_LO_45__NOR_054_MZB_LO_47","i","first call; data Ellen used","St. 4 utløp Saudlandsvatn","NOR_054_MZB_LO_45","Farsund",58.1994906,6.76873976,2003,2020,18,13
"1860","Norway","Gaute Velle","NOR_054_MZB_LO",903.564543227543,"within_100m_to_1000m","NOR_054_MZB_LO_45__NOR_054_MZB_LO_47","j","first call; data Ellen used","St. 6 innløp Saudlandsvatn v/ eplehage","NOR_054_MZB_LO_47","Farsund",58.20641722,6.75998163,2003,2020,18,18
"1861","Norway","Gaute Velle","NOR_054_MZB_LO",922.805834450673,"within_100m_to_1000m","NOR_054_MZB_LO_16__NOR_054_MZB_LO_48","i","second data call; new data","024-58723","NOR_054_MZB_LO_16","Saudlandsvatnet",58.1995,6.76881,1997,2023,27,27
"1862","Norway","Gaute Velle","NOR_054_MZB_LO",922.805834450673,"within_100m_to_1000m","NOR_054_MZB_LO_16__NOR_054_MZB_LO_48","j","first call; data Ellen used","St. 7 Innløp Saudlandsvatn v/ kanal","NOR_054_MZB_LO_48","Farsund",58.20634127,6.75923746,2003,2020,18,18
"1863","Norway","Gaute Velle","NOR_054_MZB_LO",921.243947627468,"within_100m_to_1000m","NOR_054_MZB_LO_45__NOR_054_MZB_LO_48","i","first call; data Ellen used","St. 4 utløp Saudlandsvatn","NOR_054_MZB_LO_45","Farsund",58.1994906,6.76873976,2003,2020,18,13
"1864","Norway","Gaute Velle","NOR_054_MZB_LO",921.243947627468,"within_100m_to_1000m","NOR_054_MZB_LO_45__NOR_054_MZB_LO_48","j","first call; data Ellen used","St. 7 Innløp Saudlandsvatn v/ kanal","NOR_054_MZB_LO_48","Farsund",58.20634127,6.75923746,2003,2020,18,18
"1865","Norway","Gaute Velle","NOR_054_MZB_LO",655.702631445942,"within_100m_to_1000m","NOR_054_MZB_LO_41__NOR_054_MZB_LO_50","i","first call; data Ellen used","Station 11","NOR_054_MZB_LO_41","Vikedal",59.54897,5.99821,2004,2020,17,16
"1866","Norway","Gaute Velle","NOR_054_MZB_LO",655.702631445942,"within_100m_to_1000m","NOR_054_MZB_LO_41__NOR_054_MZB_LO_50","j","first call; data Ellen used","St. 10 Vikedalselv utløp Fjellgardssvatn","NOR_054_MZB_LO_50","Vikedal",59.55499,5.99818,2003,2020,18,13
"1867","Norway","Gaute Velle","NOR_054_MZB_LO",654.151274412736,"within_100m_to_1000m","NOR_054_MZB_LO_41__NOR_054_MZB_LO_51","i","first call; data Ellen used","Station 11","NOR_054_MZB_LO_41","Vikedal",59.54897,5.99821,2004,2020,17,16
"1868","Norway","Gaute Velle","NOR_054_MZB_LO",654.151274412736,"within_100m_to_1000m","NOR_054_MZB_LO_41__NOR_054_MZB_LO_51","j","first call; data Ellen used","St. 12 Elv fra Røyravatn","NOR_054_MZB_LO_51","Vikedal",59.54302,5.99982,2003,2014,12,8
"1869","Norway","Gaute Velle","NOR_054_MZB_LO",964.078342200443,"within_100m_to_1000m","NOR_054_MZB_LO_53__NOR_054_MZB_LO_54","i","first call; data Ellen used","St. 2 Botnavatnet ved Prestbotnseter","NOR_054_MZB_LO_53","Vikedal",59.59206,6.11552,2003,2020,18,15
"1870","Norway","Gaute Velle","NOR_054_MZB_LO",964.078342200443,"within_100m_to_1000m","NOR_054_MZB_LO_53__NOR_054_MZB_LO_54","j","first call; data Ellen used","St. 3 Elv fra Flotvatn","NOR_054_MZB_LO_54","Vikedal",59.58547,6.10387,2003,2020,18,15
"1871","Norway","Gaute Velle","NOR_054_MZB_LO",167.776732989323,"within_100m_to_1000m","NOR_054_MZB_LO_55__NOR_054_MZB_LO_56","i","first call; data Ellen used","St. 4 Bekk ved Roaldkvam","NOR_054_MZB_LO_55","Vikedal",59.5717,6.05277,2011,2020,10,10
"1872","Norway","Gaute Velle","NOR_054_MZB_LO",167.776732989323,"within_100m_to_1000m","NOR_054_MZB_LO_55__NOR_054_MZB_LO_56","j","first call; data Ellen used","St. 5 Vikedalselv ved Fjellgardsvatn","NOR_054_MZB_LO_56","Vikedal",59.57017,6.05242,2003,2020,18,15
"1873","Norway","Gaute Velle","NOR_054_MZB_LO",161.623732310325,"within_100m_to_1000m","NOR_054_MZB_LO_55__NOR_054_MZB_LO_57","i","first call; data Ellen used","St. 4 Bekk ved Roaldkvam","NOR_054_MZB_LO_55","Vikedal",59.5717,6.05277,2011,2020,10,10
"1874","Norway","Gaute Velle","NOR_054_MZB_LO",161.623732310325,"within_100m_to_1000m","NOR_054_MZB_LO_55__NOR_054_MZB_LO_57","j","first call; data Ellen used","St. 6 Fjellgardsvatn ved Roaldskvam","NOR_054_MZB_LO_57","Vikedal",59.57074,6.05054,2003,2020,18,15
"1875","Norway","Gaute Velle","NOR_054_MZB_LO",121.03529339845,"within_100m_to_1000m","NOR_054_MZB_LO_56__NOR_054_MZB_LO_57","i","first call; data Ellen used","St. 5 Vikedalselv ved Fjellgardsvatn","NOR_054_MZB_LO_56","Vikedal",59.57017,6.05242,2003,2020,18,15
"1876","Norway","Gaute Velle","NOR_054_MZB_LO",121.03529339845,"within_100m_to_1000m","NOR_054_MZB_LO_56__NOR_054_MZB_LO_57","j","first call; data Ellen used","St. 6 Fjellgardsvatn ved Roaldskvam","NOR_054_MZB_LO_57","Vikedal",59.57074,6.05054,2003,2020,18,15
"1877","Norway","Gaute Velle","NOR_054_MZB_LO",206.855154287328,"within_100m_to_1000m","NOR_054_MZB_LO_5__NOR_054_MZB_LO_60","i","second data call; new data","038-58744","NOR_054_MZB_LO_5","Fjellgardsvatnet",59.55499,5.99818,1982,2023,42,40
"1878","Norway","Gaute Velle","NOR_054_MZB_LO",206.855154287328,"within_100m_to_1000m","NOR_054_MZB_LO_5__NOR_054_MZB_LO_60","j","first call; data Ellen used","St. 9 Bekk ved Vassenden","NOR_054_MZB_LO_60","Vikedal",59.55678,5.99693,2003,2020,18,15
"1879","Norway","Gaute Velle","NOR_054_MZB_LO",853.60920249381,"within_100m_to_1000m","NOR_054_MZB_LO_41__NOR_054_MZB_LO_60","i","first call; data Ellen used","Station 11","NOR_054_MZB_LO_41","Vikedal",59.54897,5.99821,2004,2020,17,16
"1880","Norway","Gaute Velle","NOR_054_MZB_LO",853.60920249381,"within_100m_to_1000m","NOR_054_MZB_LO_41__NOR_054_MZB_LO_60","j","first call; data Ellen used","St. 9 Bekk ved Vassenden","NOR_054_MZB_LO_60","Vikedal",59.55678,5.99693,2003,2020,18,15
"1881","Norway","Gaute Velle","NOR_054_MZB_LO",206.855154287328,"within_100m_to_1000m","NOR_054_MZB_LO_50__NOR_054_MZB_LO_60","i","first call; data Ellen used","St. 10 Vikedalselv utløp Fjellgardssvatn","NOR_054_MZB_LO_50","Vikedal",59.55499,5.99818,2003,2020,18,13
"1882","Norway","Gaute Velle","NOR_054_MZB_LO",206.855154287328,"within_100m_to_1000m","NOR_054_MZB_LO_50__NOR_054_MZB_LO_60","j","first call; data Ellen used","St. 9 Bekk ved Vassenden","NOR_054_MZB_LO_60","Vikedal",59.55678,5.99693,2003,2020,18,15
"1883","Norway","Gaute Velle","NOR_054_MZB_LO",477.949589726682,"within_100m_to_1000m","NOR_054_MZB_LO_63__NOR_054_MZB_LO_67","i","first call; data Ellen used","St. 14 Bekk fra Brynnesvatn","NOR_054_MZB_LO_63","Ogna",58.5776409,6.00185056,2004,2020,17,9
"1884","Norway","Gaute Velle","NOR_054_MZB_LO",477.949589726682,"within_100m_to_1000m","NOR_054_MZB_LO_63__NOR_054_MZB_LO_67","j","first call; data Ellen used","St. 3 Bekk ved Gåsland","NOR_054_MZB_LO_67","Ogna",58.57984293,5.99455542,2004,2020,17,9
"1885","Norway","Gaute Velle","NOR_054_MZB_LO",317.285282319142,"within_100m_to_1000m","NOR_054_MZB_LO_65__NOR_054_MZB_LO_68","i","first call; data Ellen used","St. 16 Ogna innløp Baklitjørn","NOR_054_MZB_LO_65","Ogna",58.565593,5.9380173,2004,2020,17,9
"1886","Norway","Gaute Velle","NOR_054_MZB_LO",317.285282319142,"within_100m_to_1000m","NOR_054_MZB_LO_65__NOR_054_MZB_LO_68","j","first call; data Ellen used","St. 5 Bekk ved Gravdal","NOR_054_MZB_LO_68","Ogna",58.56743108,5.94236359,2004,2020,17,9
"1887","Norway","Gaute Velle","NOR_054_MZB_LO",584.955168234497,"within_100m_to_1000m","NOR_054_MZB_LO_71__NOR_054_MZB_LO_72","i","first call; data Ellen used","St. 10 Bekk ved Byrkjeland","NOR_054_MZB_LO_71","Nausta",61.57684768,5.84296789,2003,2019,17,9
"1888","Norway","Gaute Velle","NOR_054_MZB_LO",584.955168234497,"within_100m_to_1000m","NOR_054_MZB_LO_71__NOR_054_MZB_LO_72","j","first call; data Ellen used","St. 11 Nausta ved Hamre","NOR_054_MZB_LO_72","Nausta",61.57715023,5.83180053,2003,2019,17,9
"1889","Norway","Gaute Velle","NOR_054_MZB_LO",531.788677734013,"within_100m_to_1000m","NOR_054_MZB_LO_73__NOR_054_MZB_LO_74","i","first call; data Ellen used","St. 12 Nausta ved Ullaland","NOR_054_MZB_LO_73","Nausta",61.56965019,5.79279755,2005,2019,15,8
"1890","Norway","Gaute Velle","NOR_054_MZB_LO",531.788677734013,"within_100m_to_1000m","NOR_054_MZB_LO_73__NOR_054_MZB_LO_74","j","first call; data Ellen used","St. 13 Hyelva","NOR_054_MZB_LO_74","Nausta",61.56813454,5.78314083,2003,2019,17,9
"1891","Norway","Gaute Velle","NOR_054_MZB_LO",498.920274663988,"within_100m_to_1000m","NOR_054_MZB_LO_75__NOR_054_MZB_LO_76","i","first call; data Ellen used","St. 16 Træla","NOR_054_MZB_LO_75","Nausta",61.54505916,5.78735976,2003,2019,17,9
"1892","Norway","Gaute Velle","NOR_054_MZB_LO",498.920274663988,"within_100m_to_1000m","NOR_054_MZB_LO_75__NOR_054_MZB_LO_76","j","first call; data Ellen used","St. 17 Nausta ved Hovstad","NOR_054_MZB_LO_76","Nausta",61.54057473,5.78576585,2003,2019,17,9
"1893","Norway","Gaute Velle","NOR_054_MZB_LO",504.851198250172,"within_100m_to_1000m","NOR_054_MZB_LO_82__NOR_054_MZB_LO_83","i","first call; data Ellen used","St. 8 Bekk ved Espeland","NOR_054_MZB_LO_82","Nausta",61.57484032,5.90456691,2003,2019,17,9
"1894","Norway","Gaute Velle","NOR_054_MZB_LO",504.851198250172,"within_100m_to_1000m","NOR_054_MZB_LO_82__NOR_054_MZB_LO_83","j","first call; data Ellen used","St. 9 Nausta ved Espeland","NOR_054_MZB_LO_83","Nausta",61.57720393,5.89628408,2003,2019,17,9
"1895","Scotland","Cathy Bennett","SCO_061_MZB_LO",862.65460158608,"within_100m_to_1000m","SCO_061_MZB_LO_19__SCO_061_MZB_LO_24","i","second data call; new data","457","SCO_061_MZB_LO_19","River Almond",55.8748505,-3.5840164,2005,2017,13,12
"1896","Scotland","Cathy Bennett","SCO_061_MZB_LO",862.65460158608,"within_100m_to_1000m","SCO_061_MZB_LO_19__SCO_061_MZB_LO_24","j","second data call; new data","474","SCO_061_MZB_LO_24","Foulshiels Burn",55.8685202,-3.5926925,2005,2017,13,9
"1897","Scotland","Cathy Bennett","SCO_061_MZB_LO",278.902581325241,"within_100m_to_1000m","SCO_061_MZB_LO_64__SCO_061_MZB_LO_68","i","second data call; new data","1416","SCO_061_MZB_LO_64","River Ore",56.1453494,-3.2612265,2005,2018,14,9
"1898","Scotland","Cathy Bennett","SCO_061_MZB_LO",278.902581325241,"within_100m_to_1000m","SCO_061_MZB_LO_64__SCO_061_MZB_LO_68","j","second data call; new data","1426","SCO_061_MZB_LO_68","Den Burn",56.1438778,-3.2574251,2005,2018,14,14
"1899","Scotland","Cathy Bennett","SCO_061_MZB_LO",922.510898689432,"within_100m_to_1000m","SCO_061_MZB_LO_87__SCO_061_MZB_LO_89","i","second data call; new data","1505","SCO_061_MZB_LO_87","Bluther Burn",56.0718436,-3.6080739,2005,2018,14,7
"1900","Scotland","Cathy Bennett","SCO_061_MZB_LO",922.510898689432,"within_100m_to_1000m","SCO_061_MZB_LO_87__SCO_061_MZB_LO_89","j","second data call; new data","1508","SCO_061_MZB_LO_89","Grange Burn",56.0803853,-3.6078004,2005,2018,14,7
"1901","Scotland","Cathy Bennett","SCO_061_MZB_LO",564.729135850538,"within_100m_to_1000m","SCO_061_MZB_LO_90__SCO_061_MZB_LO_92","i","second data call; new data","1512","SCO_061_MZB_LO_90","Black Devon",56.1261857,-3.6295996,2005,2016,12,12
"1902","Scotland","Cathy Bennett","SCO_061_MZB_LO",564.729135850538,"within_100m_to_1000m","SCO_061_MZB_LO_90__SCO_061_MZB_LO_92","j","second data call; new data","1517","SCO_061_MZB_LO_92","Foulbutts Burn",56.1306407,-3.6345025,2005,2016,12,8
"1903","Scotland","Cathy Bennett","SCO_061_MZB_LO",674.068194666341,"within_100m_to_1000m","SCO_061_MZB_LO_139__SCO_061_MZB_LO_150","i","second data call; new data","2760","SCO_061_MZB_LO_139","Murray Burn",55.9260973,-3.2660543,2005,2016,12,7
"1904","Scotland","Cathy Bennett","SCO_061_MZB_LO",674.068194666341,"within_100m_to_1000m","SCO_061_MZB_LO_139__SCO_061_MZB_LO_150","j","second data call; new data","3214","SCO_061_MZB_LO_150","Water of Leith",55.9259906,-3.2549346,2005,2018,14,8
"1905","Scotland","Cathy Bennett","SCO_061_MZB_LO",794.318665657966,"within_100m_to_1000m","SCO_061_MZB_LO_169__SCO_061_MZB_LO_174","i","second data call; new data","3318","SCO_061_MZB_LO_169","Balmonth Burn",56.2242642,-2.7224823,2005,2019,15,15
"1906","Scotland","Cathy Bennett","SCO_061_MZB_LO",794.318665657966,"within_100m_to_1000m","SCO_061_MZB_LO_169__SCO_061_MZB_LO_174","j","second data call; new data","3395","SCO_061_MZB_LO_174","Dreel Burn",56.2225866,-2.7096304,2005,2016,12,8
"1907","Scotland","Cathy Bennett","SCO_061_MZB_LO",686.813635533984,"within_100m_to_1000m","SCO_061_MZB_LO_107__SCO_061_MZB_LO_201","i","second data call; new data","1584","SCO_061_MZB_LO_107","River Forth",56.1381656,-4.1441556,2005,2019,15,8
"1908","Scotland","Cathy Bennett","SCO_061_MZB_LO",686.813635533984,"within_100m_to_1000m","SCO_061_MZB_LO_107__SCO_061_MZB_LO_201","j","second data call; new data","3476","SCO_061_MZB_LO_201","Boquhan Burn",56.1322932,-4.1485276,2005,2016,12,12
"1909","Scotland","Cathy Bennett","SCO_061_MZB_LO",647.815849708013,"within_100m_to_1000m","SCO_061_MZB_LO_16__SCO_061_MZB_LO_269","i","second data call; new data","449","SCO_061_MZB_LO_16","Brox Burn",55.9455812,-3.4139957,2005,2014,10,6
"1910","Scotland","Cathy Bennett","SCO_061_MZB_LO",647.815849708013,"within_100m_to_1000m","SCO_061_MZB_LO_16__SCO_061_MZB_LO_269","j","second data call; new data","4019","SCO_061_MZB_LO_269","Niddry Burn",55.9503372,-3.407475,2005,2016,12,9
"1911","Scotland","Cathy Bennett","SCO_061_MZB_LO",501.820359732526,"within_100m_to_1000m","SCO_061_MZB_LO_21__SCO_061_MZB_LO_269","i","second data call; new data","465","SCO_061_MZB_LO_21","River Almond",55.9533482,-3.4011635,2005,2016,12,6
"1912","Scotland","Cathy Bennett","SCO_061_MZB_LO",501.820359732526,"within_100m_to_1000m","SCO_061_MZB_LO_21__SCO_061_MZB_LO_269","j","second data call; new data","4019","SCO_061_MZB_LO_269","Niddry Burn",55.9503372,-3.407475,2005,2016,12,9
"1913","Scotland","Cathy Bennett","SCO_061_MZB_LO",337.961081044075,"within_100m_to_1000m","SCO_061_MZB_LO_129__SCO_061_MZB_LO_273","i","second data call; new data","2258","SCO_061_MZB_LO_129","Muireston Water",55.8916687,-3.4788104,2005,2016,12,9
"1914","Scotland","Cathy Bennett","SCO_061_MZB_LO",337.961081044075,"within_100m_to_1000m","SCO_061_MZB_LO_129__SCO_061_MZB_LO_273","j","second data call; new data","4063","SCO_061_MZB_LO_273","Linhouse Water",55.8946542,-3.4771328,2005,2016,12,9
"1915","Scotland","Cathy Bennett","SCO_061_MZB_LO",481.815270434659,"within_100m_to_1000m","SCO_061_MZB_LO_274__SCO_061_MZB_LO_276","i","second data call; new data","4090","SCO_061_MZB_LO_274","Killandean Burn",55.884218,-3.5376654,2005,2017,13,13
"1916","Scotland","Cathy Bennett","SCO_061_MZB_LO",481.815270434659,"within_100m_to_1000m","SCO_061_MZB_LO_274__SCO_061_MZB_LO_276","j","second data call; new data","4103","SCO_061_MZB_LO_276","Lochshot Burn",55.8865323,-3.5444561,2005,2018,14,9
"1917","Scotland","Cathy Bennett","SCO_061_MZB_LO",509.300055329891,"within_100m_to_1000m","SCO_061_MZB_LO_303__SCO_061_MZB_LO_339","i","second data call; new data","4359","SCO_061_MZB_LO_303","River South Esk",55.900505,-3.0607739,2005,2017,13,9
"1918","Scotland","Cathy Bennett","SCO_061_MZB_LO",509.300055329891,"within_100m_to_1000m","SCO_061_MZB_LO_303__SCO_061_MZB_LO_339","j","second data call; new data","4613","SCO_061_MZB_LO_339","River North Esk",55.8984407,-3.0683249,2005,2017,13,12
"1919","Scotland","Cathy Bennett","SCO_061_MZB_LO",650.449117980519,"within_100m_to_1000m","SCO_061_MZB_LO_233__SCO_061_MZB_LO_341","i","second data call; new data","3663","SCO_061_MZB_LO_233","River Forth",56.1368209,-3.980934,2005,2017,13,8
"1920","Scotland","Cathy Bennett","SCO_061_MZB_LO",650.449117980519,"within_100m_to_1000m","SCO_061_MZB_LO_233__SCO_061_MZB_LO_341","j","second data call; new data","4638","SCO_061_MZB_LO_341","River Forth",56.1360935,-3.9702266,2007,2016,10,10
"1921","Scotland","Cathy Bennett","SCO_061_MZB_LO",698.345992697152,"within_100m_to_1000m","SCO_061_MZB_LO_396__SCO_061_MZB_LO_403","i","second data call; new data","7672","SCO_061_MZB_LO_396","Luther Water",56.7926586,-2.5593601,2005,2019,15,9
"1922","Scotland","Cathy Bennett","SCO_061_MZB_LO",698.345992697152,"within_100m_to_1000m","SCO_061_MZB_LO_396__SCO_061_MZB_LO_403","j","second data call; new data","7705","SCO_061_MZB_LO_403","Black Burn",56.7899689,-2.5700584,2005,2017,13,7
"1923","Scotland","Cathy Bennett","SCO_061_MZB_LO",886.832529498014,"within_100m_to_1000m","SCO_061_MZB_LO_437__SCO_061_MZB_LO_440","i","second data call; new data","7935","SCO_061_MZB_LO_437","Barry Burn",56.5162096,-2.8030128,2005,2018,14,10
"1924","Scotland","Cathy Bennett","SCO_061_MZB_LO",886.832529498014,"within_100m_to_1000m","SCO_061_MZB_LO_437__SCO_061_MZB_LO_440","j","second data call; new data","7957","SCO_061_MZB_LO_440","Buddon Burn",56.5089679,-2.8099925,2005,2018,14,8
"1925","Scotland","Cathy Bennett","SCO_061_MZB_LO",817.2889739055,"within_100m_to_1000m","SCO_061_MZB_LO_519__SCO_061_MZB_LO_530","i","second data call; new data","8480","SCO_061_MZB_LO_519","River Isla",56.605894,-3.151245,2005,2016,12,8
"1926","Scotland","Cathy Bennett","SCO_061_MZB_LO",817.2889739055,"within_100m_to_1000m","SCO_061_MZB_LO_519__SCO_061_MZB_LO_530","j","second data call; new data","8549","SCO_061_MZB_LO_530","Meigle Burn",56.5983412,-3.1518784,2005,2019,15,11
"1927","Scotland","Cathy Bennett","SCO_061_MZB_LO",688.006583414507,"within_100m_to_1000m","SCO_061_MZB_LO_543__SCO_061_MZB_LO_550","i","second data call; new data","8644","SCO_061_MZB_LO_543","River Ardle",56.6470541,-3.4031441,2005,2016,12,11
"1928","Scotland","Cathy Bennett","SCO_061_MZB_LO",688.006583414507,"within_100m_to_1000m","SCO_061_MZB_LO_543__SCO_061_MZB_LO_550","j","second data call; new data","8657","SCO_061_MZB_LO_550","Black Water",56.6526506,-3.3976432,2005,2016,12,7
"1929","Scotland","Cathy Bennett","SCO_061_MZB_LO",471.167091315234,"within_100m_to_1000m","SCO_061_MZB_LO_636__SCO_061_MZB_LO_669","i","second data call; new data","9540","SCO_061_MZB_LO_636","River Tweed",55.6030523,-2.7810749,2005,2018,14,14
"1930","Scotland","Cathy Bennett","SCO_061_MZB_LO",471.167091315234,"within_100m_to_1000m","SCO_061_MZB_LO_636__SCO_061_MZB_LO_669","j","second data call; new data","9678","SCO_061_MZB_LO_669","Gala Water",55.6069032,-2.7774371,2006,2016,11,8
"1931","Scotland","Cathy Bennett","SCO_061_MZB_LO",685.554829768237,"within_100m_to_1000m","SCO_061_MZB_LO_637__SCO_061_MZB_LO_722","i","second data call; new data","9542","SCO_061_MZB_LO_637","River Tweed",55.5812988,-2.8127967,2005,2017,13,8
"1932","Scotland","Cathy Bennett","SCO_061_MZB_LO",685.554829768237,"within_100m_to_1000m","SCO_061_MZB_LO_637__SCO_061_MZB_LO_722","j","second data call; new data","10116","SCO_061_MZB_LO_722","Ettrick Water",55.5752508,-2.8162373,2005,2016,12,12
"1933","Scotland","Cathy Bennett","SCO_061_MZB_LO",816.06649791648,"within_100m_to_1000m","SCO_061_MZB_LO_472__SCO_061_MZB_LO_730","i","second data call; new data","8175","SCO_061_MZB_LO_472","River Eden",56.3308948,-2.9484538,2005,2018,14,14
"1934","Scotland","Cathy Bennett","SCO_061_MZB_LO",816.06649791648,"within_100m_to_1000m","SCO_061_MZB_LO_472__SCO_061_MZB_LO_730","j","second data call; new data","10480","SCO_061_MZB_LO_730","Ceres Burn",56.3233537,-2.9476685,2005,2018,14,7
"1935","Scotland","Cathy Bennett","SCO_061_MZB_LO",502.391115637669,"within_100m_to_1000m","SCO_061_MZB_LO_640__SCO_061_MZB_LO_822","i","second data call; new data","9561","SCO_061_MZB_LO_640","Bowmont Water",55.552306,-2.2762281,2005,2017,13,8
"1936","Scotland","Cathy Bennett","SCO_061_MZB_LO",502.391115637669,"within_100m_to_1000m","SCO_061_MZB_LO_640__SCO_061_MZB_LO_822","j","second data call; new data","14055","SCO_061_MZB_LO_822","The Stank",55.5504468,-2.2837597,2005,2014,10,5
"1937","Scotland","Cathy Bennett","SCO_061_MZB_LO",501.474674568814,"within_100m_to_1000m","SCO_061_MZB_LO_955__SCO_061_MZB_LO_958","i","second data call; new data","122484","SCO_061_MZB_LO_955","Dippool Water",55.7173394,-3.6786665,2005,2018,14,10
"1938","Scotland","Cathy Bennett","SCO_061_MZB_LO",501.474674568814,"within_100m_to_1000m","SCO_061_MZB_LO_955__SCO_061_MZB_LO_958","j","second data call; new data","122487","SCO_061_MZB_LO_958","Mouse Water",55.7216432,-3.6817715,2005,2016,12,12
"1939","Scotland","Cathy Bennett","SCO_061_MZB_LO",885.142548243768,"within_100m_to_1000m","SCO_061_MZB_LO_949__SCO_061_MZB_LO_983","i","second data call; new data","122475","SCO_061_MZB_LO_949","River Clyde",55.8296807,-4.1021379,2005,2019,15,13
"1940","Scotland","Cathy Bennett","SCO_061_MZB_LO",885.142548243768,"within_100m_to_1000m","SCO_061_MZB_LO_949__SCO_061_MZB_LO_983","j","second data call; new data","122542","SCO_061_MZB_LO_983","North Calder Water",55.8371984,-4.1079595,2005,2019,15,15
"1941","Scotland","Cathy Bennett","SCO_061_MZB_LO",943.976294423356,"within_100m_to_1000m","SCO_061_MZB_LO_1014__SCO_061_MZB_LO_1018","i","second data call; new data","122599","SCO_061_MZB_LO_1014","Kittoch Water",55.7847062,-4.2506432,2005,2018,14,8
"1942","Scotland","Cathy Bennett","SCO_061_MZB_LO",943.976294423356,"within_100m_to_1000m","SCO_061_MZB_LO_1014__SCO_061_MZB_LO_1018","j","second data call; new data","122605","SCO_061_MZB_LO_1018","White Cart Water",55.7864633,-4.2658487,2005,2016,12,5
"1943","Scotland","Cathy Bennett","SCO_061_MZB_LO",498.616184502551,"within_100m_to_1000m","SCO_061_MZB_LO_1037__SCO_061_MZB_LO_915","i","second data call; new data","121399","SCO_061_MZB_LO_915","Old Patrick Water",55.8436045,-4.4910302,2007,2019,13,8
"1944","Scotland","Cathy Bennett","SCO_061_MZB_LO",498.616184502551,"within_100m_to_1000m","SCO_061_MZB_LO_1037__SCO_061_MZB_LO_915","j","second data call; new data","122625","SCO_061_MZB_LO_1037","Black Cart Water",55.8475371,-4.4867224,2005,2019,15,15
"1945","Scotland","Cathy Bennett","SCO_061_MZB_LO",695.581939009571,"within_100m_to_1000m","SCO_061_MZB_LO_1093__SCO_061_MZB_LO_929","i","second data call; new data","121744","SCO_061_MZB_LO_929","Easan Biorach",55.702069,-5.2824938,2006,2018,13,10
"1946","Scotland","Cathy Bennett","SCO_061_MZB_LO",695.581939009571,"within_100m_to_1000m","SCO_061_MZB_LO_1093__SCO_061_MZB_LO_929","j","second data call; new data","122723","SCO_061_MZB_LO_1093","Easan Biorach",55.6975427,-5.2743672,2005,2017,13,11
"1947","Scotland","Cathy Bennett","SCO_061_MZB_LO",516.710763981571,"within_100m_to_1000m","SCO_061_MZB_LO_1173__SCO_061_MZB_LO_1174","i","second data call; new data","122857","SCO_061_MZB_LO_1173","River Laggan",55.7198516,-6.3019769,2005,2017,13,9
"1948","Scotland","Cathy Bennett","SCO_061_MZB_LO",516.710763981571,"within_100m_to_1000m","SCO_061_MZB_LO_1173__SCO_061_MZB_LO_1174","j","second data call; new data","122858","SCO_061_MZB_LO_1174","Duich River",55.7176884,-6.2944092,2005,2014,10,6
"1949","Scotland","Cathy Bennett","SCO_061_MZB_LO",496.014361717714,"within_100m_to_1000m","SCO_061_MZB_LO_1181__SCO_061_MZB_LO_1182","i","second data call; new data","122873","SCO_061_MZB_LO_1181","Black Esk",55.2049739,-3.1768084,2005,2016,12,8
"1950","Scotland","Cathy Bennett","SCO_061_MZB_LO",496.014361717714,"within_100m_to_1000m","SCO_061_MZB_LO_1181__SCO_061_MZB_LO_1182","j","second data call; new data","122874","SCO_061_MZB_LO_1182","White Esk",55.2095741,-3.1767666,2005,2019,15,8
"1951","Scotland","Cathy Bennett","SCO_061_MZB_LO",647.238476619274,"within_100m_to_1000m","SCO_061_MZB_LO_1189__SCO_061_MZB_LO_1190","i","second data call; new data","122890","SCO_061_MZB_LO_1189","Hermitage Water",55.198348,-2.7933038,2005,2019,15,10
"1952","Scotland","Cathy Bennett","SCO_061_MZB_LO",647.238476619274,"within_100m_to_1000m","SCO_061_MZB_LO_1189__SCO_061_MZB_LO_1190","j","second data call; new data","122891","SCO_061_MZB_LO_1190","Liddel Water",55.19851,-2.7828129,2005,2016,12,9
"1953","Scotland","Cathy Bennett","SCO_061_MZB_LO",889.269482441401,"within_100m_to_1000m","SCO_061_MZB_LO_1199__SCO_061_MZB_LO_1203","i","second data call; new data","122916","SCO_061_MZB_LO_1199","Evan Water",55.3122239,-3.4319581,2005,2016,12,8
"1954","Scotland","Cathy Bennett","SCO_061_MZB_LO",889.269482441401,"within_100m_to_1000m","SCO_061_MZB_LO_1199__SCO_061_MZB_LO_1203","j","second data call; new data","122929","SCO_061_MZB_LO_1203","Moffat Water",55.316041,-3.4191417,2005,2019,15,10
"1955","Scotland","Cathy Bennett","SCO_061_MZB_LO",367.52216490776,"within_100m_to_1000m","SCO_061_MZB_LO_1256__SCO_061_MZB_LO_1260","i","second data call; new data","123105","SCO_061_MZB_LO_1256","Water of Ken",55.0902802,-4.1362362,2005,2019,15,12
"1956","Scotland","Cathy Bennett","SCO_061_MZB_LO",367.52216490776,"within_100m_to_1000m","SCO_061_MZB_LO_1256__SCO_061_MZB_LO_1260","j","second data call; new data","123113","SCO_061_MZB_LO_1260","Garple Burn",55.0890569,-4.1306881,2005,2017,13,8
"1957","Scotland","Cathy Bennett","SCO_061_MZB_LO",822.024435001338,"within_100m_to_1000m","SCO_061_MZB_LO_1280__SCO_061_MZB_LO_1281","i","second data call; new data","123160","SCO_061_MZB_LO_1280","Shalloch Burn",55.1729397,-4.5672152,2005,2018,14,11
"1958","Scotland","Cathy Bennett","SCO_061_MZB_LO",822.024435001338,"within_100m_to_1000m","SCO_061_MZB_LO_1280__SCO_061_MZB_LO_1281","j","second data call; new data","123161","SCO_061_MZB_LO_1281","Water of Minnoch",55.1777434,-4.57756,2005,2017,13,10
"1959","Scotland","Cathy Bennett","SCO_061_MZB_LO",968.305319788785,"within_100m_to_1000m","SCO_061_MZB_LO_1284__SCO_061_MZB_LO_1285","i","second data call; new data","123166","SCO_061_MZB_LO_1284","Pulnagashel Burn",55.0758733,-4.5527298,2005,2019,15,13
"1960","Scotland","Cathy Bennett","SCO_061_MZB_LO",968.305319788785,"within_100m_to_1000m","SCO_061_MZB_LO_1284__SCO_061_MZB_LO_1285","j","second data call; new data","123167","SCO_061_MZB_LO_1285","Water of Trool",55.0714824,-4.5390732,2005,2018,14,11
"1961","Scotland","Cathy Bennett","SCO_061_MZB_LO",456.648090140958,"within_100m_to_1000m","SCO_061_MZB_LO_1068__SCO_061_MZB_LO_1323","i","second data call; new data","122688","SCO_061_MZB_LO_1068","Lugton Water",55.6440501,-4.6840104,2005,2018,14,13
"1962","Scotland","Cathy Bennett","SCO_061_MZB_LO",456.648090140958,"within_100m_to_1000m","SCO_061_MZB_LO_1068__SCO_061_MZB_LO_1323","j","second data call; new data","127100","SCO_061_MZB_LO_1323","River Garnock",55.6453248,-4.6911463,2005,2019,15,13
"1963","Scotland","Cathy Bennett","SCO_061_MZB_LO",272.700772074998,"within_100m_to_1000m","SCO_061_MZB_LO_1241__SCO_061_MZB_LO_1331","i","second data call; new data","123055","SCO_061_MZB_LO_1241","Bogrie Lane",55.0572305,-3.7151641,2005,2017,13,8
"1964","Scotland","Cathy Bennett","SCO_061_MZB_LO",272.700772074998,"within_100m_to_1000m","SCO_061_MZB_LO_1241__SCO_061_MZB_LO_1331","j","second data call; new data","129910","SCO_061_MZB_LO_1331","Under Brae Lane",55.0552117,-3.7178198,2005,2018,14,11
"1965","Scotland","Cathy Bennett","SCO_061_MZB_LO",969.176054248125,"within_100m_to_1000m","SCO_061_MZB_LO_1453__SCO_061_MZB_LO_1639","i","second data call; new data","203747","SCO_061_MZB_LO_1453","River Spey",57.4903614,-3.1967772,2007,2016,10,10
"1966","Scotland","Cathy Bennett","SCO_061_MZB_LO",969.176054248125,"within_100m_to_1000m","SCO_061_MZB_LO_1453__SCO_061_MZB_LO_1639","j","second data call; new data","207021","SCO_061_MZB_LO_1639","River Fiddich",57.4922661,-3.1805398,2005,2014,10,8
"1967","Scotland","Cathy Bennett","SCO_061_MZB_LO",955.230511440413,"within_100m_to_1000m","SCO_061_MZB_LO_1669__SCO_061_MZB_LO_1750","i","second data call; new data","207074","SCO_061_MZB_LO_1669","Lui Water",56.9897106,-3.5307485,2005,2017,13,10
"1968","Scotland","Cathy Bennett","SCO_061_MZB_LO",955.230511440413,"within_100m_to_1000m","SCO_061_MZB_LO_1669__SCO_061_MZB_LO_1750","j","second data call; new data","207194","SCO_061_MZB_LO_1750","River Dee",56.9882566,-3.5467027,2005,2016,12,11
"1969","Scotland","Cathy Bennett","SCO_061_MZB_LO",337.483730628938,"within_100m_to_1000m","SCO_061_MZB_LO_1745__SCO_061_MZB_LO_1751","i","second data call; new data","207188","SCO_061_MZB_LO_1745","Crynoch Burn",57.092022,-2.2360822,2007,2016,10,7
"1970","Scotland","Cathy Bennett","SCO_061_MZB_LO",337.483730628938,"within_100m_to_1000m","SCO_061_MZB_LO_1745__SCO_061_MZB_LO_1751","j","second data call; new data","207195","SCO_061_MZB_LO_1751","River Dee",57.0945936,-2.239324,2005,2018,14,13
"1971","Scotland","Cathy Bennett","SCO_061_MZB_LO",859.627553240078,"within_100m_to_1000m","SCO_061_MZB_LO_1676__SCO_061_MZB_LO_1858","i","second data call; new data","207081","SCO_061_MZB_LO_1676","Water of Feugh",57.0407218,-2.4944107,2005,2016,12,11
"1972","Scotland","Cathy Bennett","SCO_061_MZB_LO",859.627553240078,"within_100m_to_1000m","SCO_061_MZB_LO_1676__SCO_061_MZB_LO_1858","j","second data call; new data","207432","SCO_061_MZB_LO_1858","River Dee",57.0474372,-2.5022003,2007,2016,10,8
"1973","Scotland","Cathy Bennett","SCO_061_MZB_LO",872.377903535908,"within_100m_to_1000m","SCO_061_MZB_LO_1615__SCO_061_MZB_LO_2057","i","second data call; new data","206982","SCO_061_MZB_LO_1615","Achairn Burn",58.4450332,-3.1546833,2005,2016,12,7
"1974","Scotland","Cathy Bennett","SCO_061_MZB_LO",872.377903535908,"within_100m_to_1000m","SCO_061_MZB_LO_1615__SCO_061_MZB_LO_2057","j","second data call; new data","300008","SCO_061_MZB_LO_2057","Wick River",58.4528033,-3.1585879,2007,2016,10,10
"1975","Scotland","Cathy Bennett","SCO_061_MZB_LO",292.216973528055,"within_100m_to_1000m","SCO_061_MZB_LO_1304__SCO_061_MZB_LO_2072","i","second data call; new data","123203","SCO_061_MZB_LO_1304","Water of Luce",54.9875673,-4.914106,2005,2018,14,13
"1976","Scotland","Cathy Bennett","SCO_061_MZB_LO",292.216973528055,"within_100m_to_1000m","SCO_061_MZB_LO_1304__SCO_061_MZB_LO_2072","j","second data call; new data","301457","SCO_061_MZB_LO_2072","Penwhirn Burn",54.9855975,-4.9173453,2005,2018,14,9
"1977","Scotland","Cathy Bennett","SCO_061_MZB_LO",106.240905251814,"within_100m_to_1000m","SCO_061_MZB_LO_1248__SCO_061_MZB_LO_2091","i","second data call; new data","123088","SCO_061_MZB_LO_1248","Urr Water",54.9524195,-3.8464569,2005,2018,14,12
"1978","Scotland","Cathy Bennett","SCO_061_MZB_LO",106.240905251814,"within_100m_to_1000m","SCO_061_MZB_LO_1248__SCO_061_MZB_LO_2091","j","second data call; new data","302049","SCO_061_MZB_LO_2091","Buittle Burn",54.9534038,-3.8463654,2005,2017,13,8
